Date,NIFTY 50,S&P 500,Gold,U.S. Treasuries,Bitcoin,USDINR,T-bill yield
2014-01-01,,,,,,61.803001403808594,
2014-01-02,6221.14990234375,3286.68994140625,118.0,71.35417175292969,,61.84000015258789,0.057999998331069946
2014-01-03,6211.14990234375,3285.679931640625,119.29000091552734,71.35417175292969,,62.060001373291016,0.057999998331069946
2014-01-06,6191.4501953125,3277.47998046875,119.5,71.65446472167969,,62.22999954223633,0.04500000178813934
2014-01-07,6162.25,3297.449951171875,118.81999969482422,71.83607482910156,,62.310001373291016,0.0430000014603138
2014-01-08,6174.60009765625,3297.739990234375,118.12000274658203,71.6405029296875,,62.08000183105469,0.03999999910593033
2014-01-09,6168.35009765625,3298.8701171875,118.45999908447266,72.05953216552734,,62.119998931884766,0.032999999821186066
2014-01-10,6171.4501953125,3306.489990234375,120.26000213623047,72.91851043701172,,61.779998779296875,0.032999999821186066
2014-01-13,6272.75,3265.27001953125,121.0199966430664,73.28169250488281,,61.439998626708984,0.029999999329447746
2014-01-14,6241.85009765625,3300.610107421875,119.88999938964844,72.94644165039062,,61.470001220703125,0.032999999821186066
2014-01-15,6320.89990234375,3317.75,119.66000366210938,72.8696517944336,,61.470001220703125,0.03500000014901161
2014-01-16,6318.89990234375,3313.360107421875,119.79000091552734,73.35855102539062,,61.540000915527344,0.029999999329447746
2014-01-17,6261.64990234375,3300.510009765625,120.93000030517578,73.6657943725586,,61.41999816894531,0.029999999329447746
2014-01-20,6303.9501953125,,,,,61.54999923706055,
2014-01-21,6313.7998046875,3309.739990234375,119.69999694824219,73.72171020507812,,61.61800003051758,0.02800000086426735
2014-01-22,6338.9501953125,3312.0400390625,119.19000244140625,73.54011535644531,,61.970001220703125,0.029999999329447746
2014-01-23,6345.64990234375,3282.639892578125,121.79000091552734,74.5806884765625,,61.869998931884766,0.029999999329447746
2014-01-24,6266.75,3214.139892578125,122.29000091552734,75.0625991821289,,62.130001068115234,0.032999999821186066
2014-01-27,6135.85009765625,3198.570068359375,120.95999908447266,74.53876495361328,,62.72999954223633,0.04800000041723251
2014-01-28,6126.25,3218.2099609375,120.94999694824219,74.72039031982422,,63.380001068115234,0.04500000178813934
2014-01-29,6120.25,3185.699951171875,122.47000122070312,75.3349380493164,,62.380001068115234,0.03999999910593033
2014-01-30,6073.7001953125,3221.780029296875,119.7699966430664,75.11846160888672,,62.46799850463867,0.014999999664723873
2014-01-31,6089.5,3200.949951171875,120.08999633789062,75.62133026123047,,62.310001373291016,0.009999999776482582
2014-02-03,6001.7998046875,3127.8701171875,121.31999969482422,76.54273223876953,,62.5,0.019999999552965164
2014-02-04,6000.89990234375,3151.93994140625,120.98999786376953,75.73056030273438,,62.869998931884766,0.054999999701976776
2014-02-05,6022.39990234375,3146.489990234375,121.29000091552734,75.03034210205078,,62.130001068115234,0.054999999701976776
2014-02-06,6036.2998046875,3187.25,121.23999786376953,74.70823669433594,,62.22999954223633,0.05999999865889549
2014-02-07,6063.2001953125,3229.64990234375,122.16999816894531,74.77124786376953,,62.22999954223633,0.07199999690055847
2014-02-10,6053.4501953125,3234.7900390625,122.91999816894531,74.98135375976562,,62.09000015258789,0.054999999701976776
2014-02-11,6062.7001953125,3270.739990234375,124.36000061035156,74.54727172851562,,62.448001861572266,0.04500000178813934
2014-02-12,6084.0,3271.469970703125,124.43000030517578,74.16213989257812,,62.029998779296875,0.0430000014603138
2014-02-13,6001.10009765625,3290.820068359375,125.48999786376953,74.58223724365234,,61.68000030517578,0.02500000037252903
2014-02-14,6048.35009765625,3306.919921875,127.1500015258789,74.62422180175781,,62.150001525878906,0.009999999776482582
2014-02-17,,,,,,61.83000183105469,
2014-02-18,6127.10009765625,3311.27001953125,127.4000015258789,74.79232788085938,,61.790000915527344,0.014999999664723873
2014-02-19,6152.75,3289.830078125,126.2699966430664,74.47721862792969,,62.209999084472656,0.04500000178813934
2014-02-20,6091.4501953125,3310.27001953125,127.5999984741211,74.29515838623047,,62.2599983215332,0.03999999910593033
2014-02-21,6155.4501953125,3304.360107421875,127.58000183105469,74.68731689453125,,62.130001068115234,0.03500000014901161
2014-02-24,6186.10009765625,3324.840087890625,128.99000549316406,74.49819946289062,,62.0099983215332,0.032999999821186066
2014-02-25,6200.0498046875,3320.429931640625,129.2100067138672,75.16340637207031,,62.06800079345703,0.03999999910593033
2014-02-26,6238.7998046875,3321.14990234375,128.11000061035156,75.56251525878906,,61.97800064086914,0.03999999910593033
2014-02-27,,3338.050048828125,128.1999969482422,75.9755630493164,,62.150001525878906,0.03500000014901161
2014-02-28,6276.9501953125,3347.3798828125,127.62000274658203,76.01758575439453,,62.02000045776367,0.0430000014603138
2014-03-03,6221.4501953125,3322.85009765625,130.2899932861328,76.52503967285156,,61.81999969482422,0.0430000014603138
2014-03-04,6297.9501953125,3373.639892578125,128.67999267578125,75.37393188476562,,62.16999816894531,0.04800000041723251
2014-03-05,6328.64990234375,3374.10009765625,128.88999938964844,75.53544616699219,,61.599998474121094,0.05000000074505806
2014-03-06,6401.14990234375,3380.489990234375,130.1699981689453,74.79138946533203,,61.74800109863281,0.04500000178813934
2014-03-07,6526.64990234375,3382.570068359375,129.08999633789062,74.32121276855469,,60.79999923706055,0.04500000178813934
2014-03-10,6537.25,3381.219970703125,129.1300048828125,74.42643737792969,,61.22999954223633,0.03999999910593033
2014-03-11,6511.89990234375,3364.169921875,129.86000061035156,74.62298583984375,,60.810001373291016,0.04500000178813934
2014-03-12,6516.89990234375,3366.070068359375,131.75999450683594,75.14236450195312,,61.040000915527344,0.03999999910593033
2014-03-13,6493.10009765625,3327.110107421875,132.2100067138672,76.15308380126953,,60.77000045776367,0.03999999910593033
2014-03-14,6504.2001953125,3317.81005859375,133.10000610351562,76.16707611083984,,61.459999084472656,0.03999999910593033
2014-03-17,,3349.7099609375,131.63999938964844,75.59857940673828,,60.97999954223633,0.0430000014603138
2014-03-18,6516.64990234375,3373.97998046875,130.6199951171875,75.87232208251953,,61.040000915527344,0.05000000074505806
2014-03-19,6524.0498046875,3353.2900390625,128.08999633789062,75.28274536132812,,61.108001708984375,0.05000000074505806
2014-03-20,6483.10009765625,3373.60009765625,127.86000061035156,75.1493911743164,,60.95000076293945,0.052000001072883606
2014-03-21,6493.2001953125,3363.719970703125,128.47000122070312,75.96351623535156,,61.33300018310547,0.04500000178813934
2014-03-24,6583.5,3347.360107421875,126.18000030517578,76.50399780273438,,61.02000045776367,0.0430000014603138
2014-03-25,6589.75,3362.43994140625,126.41000366210938,76.21623992919922,,60.59000015258789,0.04500000178813934
2014-03-26,6601.39990234375,3339.0,125.41000366210938,76.81283569335938,,60.220001220703125,0.03700000047683716
2014-03-27,6641.75,3333.22998046875,124.58999633789062,77.19886779785156,,60.15999984741211,0.032999999821186066
2014-03-28,6695.89990234375,3348.830078125,124.55999755859375,76.76370239257812,,60.237998962402344,0.032999999821186066
2014-03-31,6704.2001953125,3375.510009765625,123.61000061035156,76.57416534423828,,59.84000015258789,0.02800000086426735
2014-04-01,6721.0498046875,3399.510009765625,123.38999938964844,75.91969299316406,,59.9900016784668,0.029999999329447746
2014-04-02,6752.5498046875,3409.800048828125,124.31999969482422,75.48345947265625,,59.779998779296875,0.017999999225139618
2014-04-03,6736.10009765625,3406.0,123.91999816894531,75.81420135498047,,59.89799880981445,0.014999999664723873
2014-04-04,6694.35009765625,3363.409912109375,125.56999969482422,76.32087707519531,,60.38999938964844,0.019999999552965164
2014-04-07,6695.0498046875,3327.27001953125,124.91000366210938,76.77823638916016,,59.66999816894531,0.019999999552965164
2014-04-08,,3340.840087890625,126.08999633789062,76.96122741699219,,60.119998931884766,0.02500000037252903
2014-04-09,6796.2001953125,3377.610107421875,126.31999969482422,76.58123016357422,,60.09000015258789,0.02800000086426735
2014-04-10,6796.39990234375,3307.080078125,127.01000213623047,77.29191589355469,,59.959999084472656,0.02800000086426735
2014-04-11,6776.2998046875,3276.0400390625,126.93000030517578,77.91822814941406,,60.29999923706055,0.029999999329447746
2014-04-14,,3302.97998046875,127.8499984741211,77.71415710449219,,60.34000015258789,0.029999999329447746
2014-04-15,6733.10009765625,3325.300048828125,125.48999786376953,78.19970703125,,60.34000015258789,0.029999999329447746
2014-04-16,6675.2998046875,3360.27001953125,125.54000091552734,78.29816436767578,,60.29999923706055,0.02500000037252903
2014-04-17,6779.39990234375,3365.0,124.75,77.43972778320312,,60.25,0.02500000037252903
2014-04-18,,,,,,60.290000915527344,
2014-04-21,6817.64990234375,3377.75,124.23999786376953,77.37635040283203,,60.150001525878906,0.02500000037252903
2014-04-22,6815.35009765625,3391.580078125,123.77999877929688,77.63670349121094,,60.47999954223633,0.02500000037252903
2014-04-23,6840.7998046875,3384.5,123.76000213623047,78.08003997802734,,60.757999420166016,0.014999999664723873
2014-04-24,,3390.389892578125,124.55999755859375,78.227783203125,,61.0099983215332,0.007000000216066837
2014-04-25,6782.75,3362.949951171875,125.43000030517578,78.34040069580078,,61.119998931884766,0.007000000216066837
2014-04-28,6761.25,3374.0400390625,124.87999725341797,77.96041107177734,,60.63800048828125,0.003000000026077032
2014-04-29,6715.25,3390.159912109375,124.86000061035156,77.85480499267578,,60.643001556396484,0.014999999664723873
2014-04-30,6696.39990234375,3400.4599609375,124.22000122070312,78.1785659790039,,60.417999267578125,0.019999999552965164
2014-05-01,,3400.199951171875,123.80000305175781,79.0172348022461,,60.119998931884766,0.017999999225139618
2014-05-02,6694.7998046875,3395.610107421875,125.05999755859375,79.50399780273438,,60.13999938964844,0.014999999664723873
2014-05-05,6699.35009765625,3402.22998046875,126.22000122070312,79.0243148803711,,60.02000045776367,0.014999999664723873
2014-05-06,6715.2998046875,3371.719970703125,125.9800033569336,79.34170532226562,,60.11000061035156,0.019999999552965164
2014-05-07,6652.5498046875,3392.10009765625,124.16999816894531,79.05963897705078,,59.97800064086914,0.019999999552965164
2014-05-08,6659.85009765625,3388.2900390625,124.16999816894531,78.72100830078125,,59.88999938964844,0.02199999988079071
2014-05-09,6858.7998046875,3394.050048828125,124.0999984741211,78.46710205078125,,59.93000030517578,0.02199999988079071
2014-05-12,7014.25,3427.010009765625,124.94000244140625,78.14961242675781,,59.849998474121094,0.019999999552965164
2014-05-13,7108.75,3429.300048828125,124.5999984741211,78.82675170898438,,59.41999816894531,0.019999999552965164
2014-05-14,7108.75,3413.840087890625,125.80999755859375,79.68035125732422,,59.310001373291016,0.019999999552965164
2014-05-15,7123.14990234375,3382.52001953125,124.7699966430664,80.31519317626953,,59.400001525878906,0.017999999225139618
2014-05-16,7203.0,3395.2099609375,124.5,80.08944702148438,,59.33000183105469,0.014999999664723873
2014-05-19,7263.5498046875,3408.52001953125,124.58000183105469,79.4969253540039,,58.560001373291016,0.017999999225139618
2014-05-20,7275.5,3386.47998046875,124.69000244140625,79.67324829101562,,58.36800003051758,0.02500000037252903
2014-05-21,7252.89990234375,3414.449951171875,124.38999938964844,79.18651580810547,,58.58300018310547,0.02500000037252903
2014-05-22,7276.39990234375,3422.989990234375,124.66999816894531,79.07371520996094,,58.6879997253418,0.02800000086426735
2014-05-23,7367.10009765625,3437.580078125,124.51000213623047,79.4969253540039,,58.27799987792969,0.02800000086426735
2014-05-26,7359.0498046875,,,,,58.41999816894531,
2014-05-27,7318.0,3458.18994140625,121.8499984741211,79.96250915527344,,58.650001525878906,0.02800000086426735
2014-05-28,7329.64990234375,3454.8798828125,121.19999694824219,80.9499740600586,,59.03799819946289,0.02800000086426735
2014-05-29,7235.64990234375,3473.860107421875,120.94000244140625,80.51976776123047,,58.83000183105469,0.029999999329447746
2014-05-30,7229.9501953125,3480.2900390625,120.43000030517578,80.48446655273438,,58.900001525878906,0.029999999329447746
2014-06-02,7362.5,3483.139892578125,119.69999694824219,79.88617706298828,,59.1879997253418,0.02500000037252903
2014-06-03,7415.85009765625,3482.0,120.01000213623047,78.90313720703125,,59.15999984741211,0.029999999329447746
2014-06-04,7402.25,3489.2099609375,119.76000213623047,78.88191986083984,,59.29999923706055,0.029999999329447746
2014-06-05,7474.10009765625,3512.2099609375,120.66000366210938,78.91732025146484,,59.2599983215332,0.029999999329447746
2014-06-06,7583.39990234375,3528.97998046875,120.61000061035156,78.91732025146484,,59.16299819946289,0.02800000086426735
2014-06-09,7654.60009765625,3532.469970703125,120.6500015258789,78.80413818359375,,59.167999267578125,0.029999999329447746
2014-06-10,7656.39990234375,3531.6201171875,121.38999938964844,78.51416778564453,,59.198001861572266,0.03500000014901161
2014-06-11,7626.85009765625,3519.52001953125,121.41000366210938,78.6556167602539,,59.119998931884766,0.032999999821186066
2014-06-12,7649.89990234375,3495.570068359375,122.63999938964844,79.35578155517578,,59.33300018310547,0.032999999821186066
2014-06-13,7542.10009765625,3506.580078125,122.95999908447266,79.31330871582031,,59.28799819946289,0.029999999329447746
2014-06-16,7533.5498046875,3509.5400390625,122.41999816894531,79.51132202148438,,59.702999114990234,0.02500000037252903
2014-06-17,7631.7001953125,3517.22998046875,122.27999877929688,78.88191986083984,,60.09000015258789,0.032999999821186066
2014-06-18,7558.2001953125,3544.419921875,122.66999816894531,79.49018096923828,,60.323001861572266,0.017999999225139618
2014-06-19,7540.7001953125,3549.43994140625,126.94000244140625,78.47174072265625,,59.810001373291016,0.009999999776482582
2014-06-20,7511.4501953125,3555.60009765625,126.5,79.06580352783203,,60.15999984741211,0.009999999776482582
2014-06-23,7493.35009765625,3555.139892578125,126.8499984741211,78.81829833984375,,60.167999267578125,0.004999999888241291
2014-06-24,7580.2001953125,3532.570068359375,126.9800033569336,79.61741638183594,,60.15299987792969,0.02199999988079071
2014-06-25,7569.25,3549.9599609375,126.98999786376953,79.82254791259766,,60.189998626708984,0.019999999552965164
2014-06-26,7493.2001953125,3546.3798828125,126.7300033569336,80.20442962646484,,59.95000076293945,0.02500000037252903
2014-06-27,7508.7998046875,3553.35009765625,126.66000366210938,80.08415222167969,,60.08000183105469,0.017999999225139618
2014-06-30,7611.35009765625,3552.179931640625,128.0399932861328,80.28224182128906,,60.03799819946289,0.019999999552965164
2014-07-01,7634.7001953125,3576.550048828125,127.69999694824219,79.61002349853516,,59.970001220703125,0.02500000037252903
2014-07-02,7725.14990234375,3579.110107421875,127.69999694824219,78.75923156738281,,60.02799987792969,0.007000000216066837
2014-07-03,7714.7998046875,3598.72998046875,127.16000366210938,78.47555541992188,,59.439998626708984,0.003000000026077032
2014-07-04,7751.60009765625,,,,,59.61000061035156,
2014-07-07,7787.14990234375,3584.75,127.0199966430664,79.0499496459961,,59.71799850463867,0.007000000216066837
2014-07-08,7623.2001953125,3560.530029296875,127.06999969482422,79.9361801147461,,59.948001861572266,0.02500000037252903
2014-07-09,7585.0,3577.280029296875,127.83999633789062,80.0,,59.74800109863281,0.014999999664723873
2014-07-10,7567.75,3562.489990234375,128.5399932861328,80.021240234375,,59.757999420166016,0.014999999664723873
2014-07-11,7459.60009765625,3568.080078125,128.77999877929688,80.53175354003906,,60.1879997253418,0.014999999664723873
2014-07-14,7454.14990234375,3585.3701171875,125.72000122070312,80.18437194824219,,60.0880012512207,0.014999999664723873
2014-07-15,7526.64990234375,3578.4599609375,124.52999877929688,80.021240234375,,60.060001373291016,0.019999999552965164
2014-07-16,7624.39990234375,3593.909912109375,124.97000122070312,80.44670104980469,,60.16999816894531,0.017999999225139618
2014-07-17,7640.4501953125,3551.72998046875,127.08999633789062,81.46061706542969,,60.08000183105469,0.007000000216066837
2014-07-18,7663.89990234375,3588.2099609375,126.12999725341797,81.19828033447266,,60.599998474121094,0.009999999776482582
2014-07-21,7684.2001953125,3579.989990234375,126.33999633789062,81.60242462158203,,60.27799987792969,0.013000000268220901
2014-07-22,7767.85009765625,3597.949951171875,125.73999786376953,81.77256774902344,,60.25,0.019999999552965164
2014-07-23,7795.75,3604.300048828125,125.62000274658203,81.66625213623047,,60.097999572753906,0.019999999552965164
2014-07-24,7830.60009765625,3606.10009765625,124.3499984741211,81.05643463134766,,59.86000061035156,0.019999999552965164
2014-07-25,7790.4501953125,3588.679931640625,125.79000091552734,82.013671875,,60.060001373291016,0.019999999552965164
2014-07-28,7748.7001953125,3589.72998046875,125.58000183105469,81.90022277832031,,60.053001403808594,0.02500000037252903
2014-07-29,,3573.64990234375,125.19999694824219,82.19802856445312,,60.04999923706055,0.02800000086426735
2014-07-30,7791.39990234375,3574.449951171875,124.83000183105469,81.05643463134766,,60.040000915527344,0.02800000086426735
2014-07-31,7721.2998046875,3503.18994140625,123.38999938964844,80.81539916992188,,60.25,0.017999999225139618
2014-08-01,7602.60009765625,3493.179931640625,124.37999725341797,81.44097900390625,,60.77000045776367,0.017999999225139618
2014-08-04,7683.64990234375,3518.31005859375,123.98999786376953,81.2276840209961,,61.20800018310547,0.014999999664723873
2014-08-05,7746.5498046875,3484.56005859375,123.87000274658203,81.49076843261719,,60.900001525878906,0.02500000037252903
2014-08-06,7672.0498046875,3485.669921875,125.66999816894531,81.54053497314453,,60.84299850463867,0.019999999552965164
2014-08-07,7649.25,3467.139892578125,126.18000030517578,82.30119323730469,,61.189998626708984,0.019999999552965164
2014-08-08,7568.5498046875,3507.2099609375,126.19000244140625,82.12347412109375,,61.237998962402344,0.019999999552965164
2014-08-11,7625.9501953125,3517.530029296875,125.95999908447266,82.11629486083984,,61.13800048828125,0.02500000037252903
2014-08-12,7727.0498046875,3511.9599609375,125.98999786376953,81.58314514160156,,61.119998931884766,0.02500000037252903
2014-08-13,7739.5498046875,3536.419921875,126.19999694824219,82.11629486083984,,61.220001220703125,0.029999999329447746
2014-08-14,7791.7001953125,3551.969970703125,126.30999755859375,82.77750396728516,,61.02000045776367,0.02800000086426735
2014-08-15,,3552.169921875,125.4800033569336,83.68033599853516,,60.63999938964844,0.02199999988079071
2014-08-18,7874.25,3582.699951171875,124.95999908447266,82.84859466552734,,60.77299880981445,0.02199999988079071
2014-08-19,7897.5,3601.330078125,124.68000030517578,82.59264373779297,,60.81999969482422,0.02500000037252903
2014-08-20,7875.2998046875,3610.489990234375,124.22000122070312,82.45758819580078,,60.7400016784668,0.02500000037252903
2014-08-21,7891.10009765625,3621.22998046875,122.87999725341797,82.91963195800781,,60.608001708984375,0.014999999664723873
2014-08-22,7913.2001953125,3614.5,123.19000244140625,83.38176727294922,,60.439998626708984,0.014999999664723873
2014-08-25,7906.2998046875,3631.860107421875,122.73999786376953,83.69457244873047,,60.4630012512207,0.014999999664723873
2014-08-26,7904.75,3635.7099609375,123.3499984741211,83.42445373535156,,60.5099983215332,0.02500000037252903
2014-08-27,7936.0498046875,3636.639892578125,123.31999969482422,84.13528442382812,,60.428001403808594,0.02500000037252903
2014-08-28,7954.35009765625,3630.97998046875,124.0,84.57609558105469,,60.448001861572266,0.02199999988079071
2014-08-29,,3643.330078125,123.86000061035156,84.6329574584961,,60.61000061035156,0.017999999225139618
2014-09-01,8027.7001953125,,,,,60.51300048828125,
2014-09-02,8083.0498046875,3641.52001953125,121.6500015258789,83.1729736328125,,60.52299880981445,0.019999999552965164
2014-09-03,8114.60009765625,3639.35009765625,122.1500015258789,83.63614654541016,,60.678001403808594,0.019999999552965164
2014-09-04,8095.9501953125,3633.8701171875,121.4800033569336,82.61722564697266,,60.38999938964844,0.019999999552965164
2014-09-05,8086.85009765625,3652.260009765625,122.05999755859375,82.46044921875,,60.369998931884766,0.019999999552965164
2014-09-08,8173.89990234375,3641.659912109375,120.7300033569336,82.49612426757812,,60.38800048828125,0.019999999552965164
2014-09-09,8152.9501953125,3617.889892578125,120.87000274658203,82.43193817138672,,60.380001068115234,0.014999999664723873
2014-09-10,8094.10009765625,3631.449951171875,120.26000213623047,81.91181182861328,,60.790000915527344,0.014999999664723873
2014-09-11,8085.7001953125,3635.659912109375,119.47000122070312,81.64102172851562,,60.79999923706055,0.009999999776482582
2014-09-12,8105.5,3614.06005859375,118.37999725341797,80.78601837158203,,60.810001373291016,0.009999999776482582
2014-09-15,8042.0,3611.52001953125,118.63999938964844,80.90711212158203,,60.64799880981445,0.009999999776482582
2014-09-16,7932.89990234375,3638.60009765625,118.83000183105469,80.57937622070312,,60.970001220703125,0.014999999664723873
2014-09-17,7975.5,3643.39990234375,117.54000091552734,80.37276458740234,457.3340148925781,61.053001403808594,0.013000000268220901
2014-09-18,8114.75,3661.72998046875,117.77999877929688,80.62926483154297,424.44000244140625,60.90800094604492,0.009999999776482582
2014-09-19,8121.4501953125,3660.030029296875,117.08999633789062,81.65532684326172,394.7959899902344,60.689998626708984,0.007000000216066837
2014-09-20,,,,,408.90399169921875,,
2014-09-21,,,,,398.8210144042969,,
2014-09-22,8146.2998046875,3630.699951171875,116.8499984741211,81.75506591796875,402.1520080566406,60.85300064086914,0.003000000026077032
2014-09-23,8017.5498046875,3610.10009765625,117.5999984741211,82.26094055175781,435.7909851074219,61.0,0.007000000216066837
2014-09-24,8002.39990234375,3638.43994140625,117.05000305175781,81.8049087524414,423.2049865722656,60.97999954223633,0.007000000216066837
2014-09-25,7911.85009765625,3579.610107421875,117.38999938964844,82.77398681640625,411.5740051269531,60.810001373291016,0.004999999888241291
2014-09-26,7968.85009765625,3610.97998046875,117.05999755859375,82.65281677246094,404.42498779296875,61.4900016784668,0.004999999888241291
2014-09-27,,,,,399.5199890136719,,
2014-09-28,,,,,377.1809997558594,,
2014-09-29,7958.89990234375,3602.090087890625,117.02999877929688,83.31548309326172,375.4670104980469,61.13800048828125,0.004999999888241291
2014-09-30,7964.7998046875,3592.25,116.20999908447266,82.84520721435547,386.9440002441406,61.553001403808594,0.013000000268220901
2014-10-01,7945.5498046875,3544.97998046875,116.7699966430664,84.4516830444336,383.614990234375,61.81999969482422,0.013000000268220901
2014-10-02,,3545.300048828125,116.73999786376953,83.71595001220703,375.0719909667969,61.7130012512207,0.009999999776482582
2014-10-03,,3584.93994140625,114.61000061035156,84.07310485839844,359.5119934082031,61.439998626708984,0.009999999776482582
2014-10-04,,,,,328.8659973144531,,
2014-10-05,,,,,320.510009765625,,
2014-10-06,,3579.419921875,116.02999877929688,84.12313079833984,330.0790100097656,61.53799819946289,0.009999999776482582
2014-10-07,7852.39990234375,3525.2900390625,116.36000061035156,85.25883483886719,336.18701171875,61.209999084472656,0.009999999776482582
2014-10-08,7842.7001953125,3588.070068359375,117.47000122070312,85.28024291992188,352.94000244140625,61.27000045776367,0.004999999888241291
2014-10-09,7960.5498046875,3514.1201171875,117.63999938964844,84.90885162353516,365.0260009765625,60.880001068115234,0.004999999888241291
2014-10-10,7859.9501953125,3474.22998046875,117.58999633789062,85.75171661376953,361.56201171875,61.02000045776367,0.004999999888241291
2014-10-11,,,,,362.29901123046875,,
2014-10-12,,,,,378.54901123046875,,
2014-10-13,7884.25,3417.010009765625,118.5199966430664,86.27316284179688,390.41400146484375,61.27799987792969,0.004999999888241291
2014-10-14,7864.0,3422.429931640625,118.58999633789062,86.8374252319336,400.8699951171875,61.00299835205078,0.004999999888241291
2014-10-15,,3395.030029296875,118.98999786376953,87.52322387695312,394.77301025390625,61.393001556396484,0.009999999776482582
2014-10-16,7748.2001953125,3395.639892578125,119.22000122070312,86.96602630615234,382.5559997558594,61.37300109863281,0.019999999552965164
2014-10-17,7779.7001953125,3439.389892578125,118.98999786376953,86.48030090332031,383.75799560546875,61.722999572753906,0.02199999988079071
2014-10-18,,,,,391.4419860839844,,
2014-10-19,,,,,389.5459899902344,,
2014-10-20,7879.39990234375,3470.889892578125,119.80000305175781,86.79463195800781,382.8450012207031,61.358001708984375,0.019999999552965164
2014-10-21,7927.75,3538.89990234375,120.0199966430664,86.10169982910156,386.4750061035156,61.22800064086914,0.017999999225139618
2014-10-22,7995.89990234375,3513.469970703125,119.33999633789062,86.19454956054688,383.1579895019531,61.143001556396484,0.014999999664723873
2014-10-23,,3556.699951171875,118.5199966430664,85.43028259277344,358.4169921875,61.099998474121094,0.014999999664723873
2014-10-24,,3581.820068359375,118.3499984741211,85.51602172851562,358.3450012207031,61.130001068115234,0.004999999888241291
2014-10-25,,,,,347.27099609375,,
2014-10-26,,,,,354.7040100097656,,
2014-10-27,7991.7001953125,3576.469970703125,118.05999755859375,85.6731185913086,352.989013671875,61.16299819946289,0.004999999888241291
2014-10-28,8027.60009765625,3619.159912109375,118.0999984741211,85.13741302490234,357.6180114746094,61.29800033569336,0.014999999664723873
2014-10-29,8090.4501953125,3614.530029296875,116.41000366210938,85.33024597167969,335.59100341796875,61.180999755859375,0.014999999664723873
2014-10-30,8169.2001953125,3637.300048828125,115.19000244140625,85.40169525146484,345.30499267578125,61.28300094604492,0.003000000026077032
2014-10-31,8322.2001953125,3679.989990234375,112.66000366210938,85.18025207519531,338.3210144042969,61.43299865722656,0.003000000026077032
2014-11-01,,,,,325.7489929199219,,
2014-11-02,,,,,325.8919982910156,,
2014-11-03,8324.150390625,3679.580078125,112.1500015258789,85.18025970458984,327.5539855957031,61.39799880981445,0.003000000026077032
2014-11-04,,3669.179931640625,112.22000122070312,85.4452133178711,330.49200439453125,61.41299819946289,0.02199999988079071
2014-11-05,8338.2998046875,3691.3798828125,109.79000091552734,85.32345581054688,339.4859924316406,61.28799819946289,0.019999999552965164
2014-11-06,,3706.449951171875,109.87999725341797,84.77214050292969,349.2900085449219,61.369998931884766,0.017999999225139618
2014-11-07,8337.0,3708.4599609375,112.97000122070312,85.74594116210938,342.4150085449219,61.49300003051758,0.017999999225139618
2014-11-08,,,,,345.4880065917969,,
2014-11-09,,,,,363.2640075683594,,
2014-11-10,8344.25,3720.25,110.45999908447266,84.95828247070312,366.92401123046875,61.51300048828125,0.014999999664723873
2014-11-11,8362.650390625,3722.840087890625,112.04000091552734,85.01557159423828,367.69500732421875,61.529998779296875,0.014999999664723873
2014-11-12,8383.2998046875,3721.300048828125,111.5,84.94400024414062,423.5610046386719,61.4900016784668,0.013000000268220901
2014-11-13,8357.849609375,3723.580078125,111.66999816894531,85.14443969726562,420.7349853515625,61.36800003051758,0.004999999888241291
2014-11-14,8389.900390625,3724.919921875,114.47000122070312,85.5597915649414,397.8179931640625,61.59299850463867,0.003000000026077032
2014-11-15,,,,,376.13299560546875,,
2014-11-16,,,,,387.8819885253906,,
2014-11-17,8430.75,3727.860107421875,114.05000305175781,85.34494018554688,387.4079895019531,61.70800018310547,0.009999999776482582
2014-11-18,8425.900390625,3747.739990234375,115.05000305175781,85.58125305175781,375.197998046875,61.823001861572266,0.014999999664723873
2014-11-19,8382.2998046875,3742.35009765625,113.68000030517578,85.03704833984375,380.55499267578125,61.71799850463867,0.014999999664723873
2014-11-20,8401.900390625,3749.8701171875,114.86000061035156,85.48101806640625,357.8399963378906,61.9379997253418,0.014999999664723873
2014-11-21,8477.349609375,3770.030029296875,115.38999938964844,85.99655151367188,350.8479919433594,61.92300033569336,0.003000000026077032
2014-11-22,,,,,352.9200134277344,,
2014-11-23,,,,,367.572998046875,,
2014-11-24,8530.150390625,3780.8798828125,115.11000061035156,86.06814575195312,376.9010009765625,61.7599983215332,0.004999999888241291
2014-11-25,8463.099609375,3776.93994140625,115.37999725341797,86.78421020507812,375.3479919433594,61.85300064086914,0.017999999225139618
2014-11-26,8475.75,3788.419921875,115.16000366210938,87.0205078125,368.3699951171875,61.84000015258789,0.009999999776482582
2014-11-27,8494.2001953125,,,,369.6700134277344,61.78799819946289,
2014-11-28,8588.25,3778.9599609375,112.11000061035156,87.70783996582031,376.4469909667969,61.85300064086914,0.004999999888241291
2014-11-29,,,,,375.4909973144531,,
2014-11-30,,,,,378.0469970703125,,
2014-12-01,8555.900390625,3753.31005859375,116.58000183105469,87.19619750976562,379.2449951171875,62.202999114990234,0.007000000216066837
2014-12-02,8524.7001953125,3777.469970703125,115.13999938964844,86.34935760498047,381.31500244140625,61.948001861572266,0.014999999664723873
2014-12-03,8537.650390625,3792.679931640625,116.33000183105469,86.6866455078125,375.010009765625,61.78799819946289,0.004999999888241291
2014-12-04,8564.400390625,3788.340087890625,115.87999725341797,87.41153717041016,369.60400390625,61.85599899291992,0.013000000268220901
2014-12-05,8538.2998046875,3794.679931640625,114.43000030517578,86.90199279785156,376.85400390625,61.78300094604492,0.009999999776482582
2014-12-06,,,,,374.7850036621094,,
2014-12-07,,,,,375.0950012207031,,
2014-12-08,8438.25,3767.699951171875,115.77999877929688,87.96410369873047,361.90899658203125,61.9109992980957,0.004999999888241291
2014-12-09,8340.7001953125,3758.8701171875,118.19000244140625,88.41619873046875,352.218994140625,61.81800079345703,0.02800000086426735
2014-12-10,8355.650390625,3705.510009765625,117.95999908447266,89.06210327148438,346.364990234375,61.87300109863281,0.02500000037252903
2014-12-11,8292.900390625,3723.320068359375,117.69000244140625,89.42810821533203,350.5060119628906,62.00299835205078,0.02199999988079071
2014-12-12,8224.099609375,3663.10009765625,117.41000366210938,90.6409912109375,352.5419921875,62.472999572753906,0.014999999664723873
2014-12-13,,,,,347.3760070800781,,
2014-12-14,,,,,351.6319885253906,,
2014-12-15,8219.599609375,3639.969970703125,114.38999938964844,90.45437622070312,345.3450012207031,62.518001556396484,0.009999999776482582
2014-12-16,8067.60009765625,3609.06005859375,114.94999694824219,91.57392883300781,327.06201171875,63.167999267578125,0.029999999329447746
2014-12-17,8029.7998046875,3682.699951171875,114.2699966430664,90.74859619140625,319.7760009765625,63.65299987792969,0.019999999552965164
2014-12-18,8159.2998046875,3771.719970703125,115.1500015258789,89.1338882446289,311.39599609375,63.518001556396484,0.032999999821186066
2014-12-19,8225.2001953125,3788.969970703125,114.7699966430664,90.33238220214844,317.8429870605469,62.983001708984375,0.02500000037252903
2014-12-20,,,,,329.95599365234375,,
2014-12-21,,,,,320.8429870605469,,
2014-12-22,8324.0,3803.93994140625,112.55000305175781,90.45437622070312,331.885986328125,63.2400016784668,0.014999999664723873
2014-12-23,8267.0,3810.780029296875,112.73999786376953,88.66020965576172,334.5719909667969,63.222999572753906,0.019999999552965164
2014-12-24,8174.10009765625,3810.389892578125,112.7699966430664,89.1427993774414,322.53399658203125,63.43299865722656,0.019999999552965164
2014-12-25,,,,,319.00799560546875,63.400001525878906,
2014-12-26,8200.7001953125,3823.0,114.83000183105469,89.4736099243164,327.92401123046875,63.51300048828125,0.009999999776482582
2014-12-27,,,,,315.8630065917969,,
2014-12-28,,,,,317.239013671875,,
2014-12-29,8246.2998046875,3826.949951171875,113.66999816894531,90.1424560546875,312.6700134277344,63.59000015258789,0.003000000026077032
2014-12-30,8248.25,3808.68994140625,115.19999694824219,90.38701629638672,310.73699951171875,63.66299819946289,0.019999999552965164
2014-12-31,8282.7001953125,3769.43994140625,113.58000183105469,90.55957794189453,320.1929931640625,63.37799835205078,0.03700000047683716
2015-01-01,,,,,314.2489929199219,63.02799987792969,
2015-01-02,8395.4501953125,3768.679931640625,114.08000183105469,91.56649780273438,315.0320129394531,63.02799987792969,0.014999999664723873
2015-01-03,,,,,281.0820007324219,,
2015-01-04,,,,,264.19500732421875,,
2015-01-05,8378.400390625,3700.030029296875,115.80000305175781,93.00481414794922,274.4739990234375,63.27799987792969,0.003000000026077032
2015-01-06,8127.35009765625,3667.139892578125,117.12000274658203,94.6805648803711,286.1889953613281,63.3380012512207,0.019999999552965164
2015-01-07,8102.10009765625,3710.93994140625,116.43000030517578,94.49352264404297,294.3370056152344,63.56800079345703,0.019999999552965164
2015-01-08,8234.599609375,3777.39990234375,115.94000244140625,93.24214172363281,283.3489990234375,63.27299880981445,0.017999999225139618
2015-01-09,8284.5,3745.669921875,117.26000213623047,94.26339721679688,290.4079895019531,62.667999267578125,0.014999999664723873
2015-01-10,,,,,274.7959899902344,,
2015-01-11,,,,,265.6600036621094,,
2015-01-12,8323.0,3715.360107421875,118.55999755859375,94.80276489257812,267.7959899902344,62.347999572753906,0.013000000268220901
2015-01-13,8299.400390625,3706.14990234375,118.16000366210938,94.80276489257812,225.86099243164062,62.06800079345703,0.023000000044703484
2015-01-14,8277.5498046875,3684.719970703125,117.97000122070312,95.52196502685547,178.10299682617188,61.972999572753906,0.02500000037252903
2015-01-15,8494.150390625,3650.739990234375,120.94000244140625,97.02501678466797,209.843994140625,62.0880012512207,0.023000000044703484
2015-01-16,8513.7998046875,3699.7900390625,122.5199966430664,95.7880859375,208.0970001220703,62.05799865722656,0.017999999225139618
2015-01-17,,,,,199.25999450683594,,
2015-01-18,,,,,210.33900451660156,,
2015-01-19,8550.7001953125,,,,214.86099243164062,61.862998962402344,
2015-01-20,8695.599609375,3705.639892578125,124.19999694824219,97.06103515625,211.31500244140625,61.63800048828125,0.00800000037997961
2015-01-21,8729.5,3723.6201171875,124.2300033569336,95.93905639648438,226.89700317382812,61.64799880981445,0.019999999552965164
2015-01-22,8761.400390625,3780.510009765625,125.2300033569336,95.59391021728516,233.406005859375,61.553001403808594,0.014999999664723873
2015-01-23,8835.599609375,3759.760009765625,124.2300033569336,96.92435455322266,232.87899780273438,61.597999572753906,0.013000000268220901
2015-01-24,,,,,247.8470001220703,,
2015-01-25,,,,,253.71800231933594,,
2015-01-26,,3769.449951171875,122.98999786376953,96.62947845458984,273.4729919433594,61.43299865722656,0.004999999888241291
2015-01-27,8910.5,3718.989990234375,124.4000015258789,96.78053283691406,263.4750061035156,61.472999572753906,0.017999999225139618
2015-01-28,8914.2998046875,3669.10009765625,123.41999816894531,98.3627700805664,233.9149932861328,61.40299987792969,0.014999999664723873
2015-01-29,8952.349609375,3704.35009765625,120.76000213623047,97.71542358398438,233.51300048828125,61.35100173950195,0.009999999776482582
2015-01-30,8808.900390625,3656.280029296875,123.44999694824219,99.44869232177734,226.4250030517578,61.79600143432617,0.004999999888241291
2015-01-31,,,,,217.46400451660156,,
2015-02-01,,,,,226.9720001220703,,
2015-02-02,8797.400390625,3703.77001953125,122.41999816894531,99.07318878173828,238.22900390625,62.01300048828125,0.004999999888241291
2015-02-03,8756.5498046875,3757.340087890625,121.05000305175781,96.9761962890625,227.26800537109375,61.72800064086914,0.014999999664723873
2015-02-04,8723.7001953125,3742.840087890625,121.58000183105469,97.1419677734375,226.85299682617188,61.61399841308594,0.004999999888241291
2015-02-05,8711.7001953125,3782.110107421875,121.79000091552734,96.07539367675781,217.11099243164062,61.86000061035156,0.00800000037997961
2015-02-06,8661.0498046875,3770.199951171875,118.63999938964844,94.3746566772461,222.26600646972656,61.733001708984375,0.014999999664723873
2015-02-07,,,,,227.75399780273438,,
2015-02-08,,,,,223.41200256347656,,
2015-02-09,8526.349609375,3754.360107421875,119.16999816894531,94.2233657836914,220.11000061035156,61.9630012512207,0.003000000026077032
2015-02-10,8565.5498046875,3794.6201171875,118.47000122070312,93.47388458251953,219.83900451660156,62.130001068115234,0.004999999888241291
2015-02-11,8627.400390625,3795.820068359375,117.06999969482422,93.64682006835938,219.18499755859375,62.34199905395508,0.004999999888241291
2015-02-12,8711.5498046875,3833.35009765625,117.33999633789062,93.33702850341797,221.76400756835938,62.38199996948242,0.00800000037997961
2015-02-13,8805.5,3849.2900390625,117.9800033569336,92.37853240966797,235.427001953125,62.16999816894531,0.004999999888241291
2015-02-14,,,,,257.3210144042969,,
2015-02-15,,,,,234.8249969482422,,
2015-02-16,8809.349609375,,,,233.84300231933594,62.069000244140625,
2015-02-17,,3856.0400390625,116.01000213623047,90.98770904541016,243.61000061035156,62.18600082397461,0.00800000037997961
2015-02-18,8869.099609375,3855.0,116.33999633789062,91.52818298339844,236.3260040283203,62.11199951171875,0.013000000268220901
2015-02-19,8895.2998046875,3851.530029296875,115.94000244140625,90.92284393310547,240.2830047607422,62.07400131225586,0.013000000268220901
2015-02-20,8833.599609375,3875.60009765625,115.27999877929688,91.18951416015625,243.7790069580078,62.165000915527344,0.009999999776482582
2015-02-21,,,,,244.53399658203125,,
2015-02-22,,,,,235.9770050048828,,
2015-02-23,8754.9501953125,3874.4599609375,115.43000030517578,92.2343521118164,238.89199829101562,62.10100173950195,0.014999999664723873
2015-02-24,8762.099609375,3885.27001953125,115.26000213623047,93.445068359375,238.73500061035156,62.17100143432617,0.017999999225139618
2015-02-25,8767.25,3882.949951171875,115.69999694824219,93.84862518310547,237.47000122070312,62.233001708984375,0.014999999664723873
2015-02-26,8683.849609375,3877.85009765625,116.06999969482422,92.56592559814453,236.42599487304688,61.87699890136719,0.013000000268220901
2015-02-27,8844.599609375,3866.419921875,116.16000366210938,93.34418487548828,253.8280029296875,61.75400161743164,0.00800000037997961
2015-02-28,,,,,254.26300048828125,,
2015-03-01,,,,,260.2019958496094,,
2015-03-02,8956.75,3890.320068359375,115.68000030517578,91.60546875,275.6700134277344,61.6510009765625,0.004999999888241291
2015-03-03,8996.25,3872.7099609375,115.47000122070312,91.27338409423828,281.7019958496094,61.9010009765625,0.013000000268220901
2015-03-04,8922.650390625,3856.510009765625,115.11000061035156,91.30220794677734,273.0920104980469,61.8129997253418,0.009999999776482582
2015-03-05,8937.75,3861.2900390625,115.0,91.18672943115234,276.1780090332031,62.30500030517578,0.003000000026077032
2015-03-06,,3807.0400390625,111.86000061035156,89.17222595214844,272.7229919433594,62.44300079345703,0.004999999888241291
2015-03-07,,,,,276.260986328125,,
2015-03-08,,,,,274.35400390625,,
2015-03-09,8756.75,3822.419921875,111.97000122070312,89.99533081054688,289.60699462890625,62.452999114990234,0.004999999888241291
2015-03-10,8712.0498046875,3757.830078125,111.41999816894531,91.17952728271484,291.760009765625,62.67300033569336,0.009999999776482582
2015-03-11,8699.9501953125,3751.199951171875,110.75,91.84376525878906,296.3789978027344,62.7130012512207,0.013000000268220901
2015-03-12,8776.0,3799.429931640625,110.72000122070312,91.77879333496094,294.35400390625,62.755001068115234,0.017999999225139618
2015-03-13,8647.75,3776.43994140625,110.87999725341797,91.4971694946289,285.3370056152344,62.53499984741211,0.023000000044703484
2015-03-14,,,,,281.885009765625,,
2015-03-15,,,,,286.39300537109375,,
2015-03-16,8633.150390625,3827.6201171875,110.80999755859375,92.37812042236328,290.5929870605469,63.07600021362305,0.029999999329447746
2015-03-17,8723.2998046875,3814.909912109375,110.20999908447266,93.1434097290039,285.5050048828125,62.78900146484375,0.04800000041723251
2015-03-18,8685.900390625,3861.389892578125,112.37000274658203,94.94133758544922,256.29901123046875,62.61600112915039,0.03799999877810478
2015-03-19,8634.650390625,3842.6201171875,112.29000091552734,94.45763397216797,260.9280090332031,62.69300079345703,0.009999999776482582
2015-03-20,8570.900390625,3877.260009765625,113.56999969482422,94.95575714111328,261.7489929199219,62.483001708984375,0.003000000026077032
2015-03-21,,,,,260.0249938964844,,
2015-03-22,,,,,267.9599914550781,,
2015-03-23,8550.900390625,3870.489990234375,114.29000091552734,94.8401870727539,266.739990234375,62.40299987792969,0.003000000026077032
2015-03-24,8542.9501953125,3847.050048828125,114.56999969482422,95.75723266601562,245.59500122070312,62.222999572753906,0.014999999664723873
2015-03-25,8530.7998046875,3791.1298828125,114.7300033569336,94.94852447509766,246.19700622558594,62.27799987792969,0.017999999225139618
2015-03-26,8342.150390625,3782.2099609375,115.4800033569336,93.4683609008789,248.53199768066406,62.46200180053711,0.02800000086426735
2015-03-27,8341.400390625,3791.89990234375,115.05999755859375,94.6308822631836,247.0290069580078,62.82899856567383,0.029999999329447746
2015-03-28,,,,,252.79800415039062,,
2015-03-29,,,,,242.71299743652344,,
2015-03-30,8492.2998046875,3838.64990234375,113.75,94.16153717041016,247.5260009765625,62.51499938964844,0.023000000044703484
2015-03-31,8491.0,3805.27001953125,113.66000366210938,94.36372375488281,244.2239990234375,62.50899887084961,0.02500000037252903
2015-04-01,8586.25,3790.659912109375,115.5999984741211,95.6031494140625,247.27200317382812,62.305999755859375,0.032999999821186066
2015-04-02,,3804.139892578125,115.27999877929688,94.59017181396484,253.0050048828125,62.16899871826172,0.009999999776482582
2015-04-03,,,,,254.32200622558594,62.060001373291016,
2015-04-04,,,,,253.69700622558594,,
2015-04-05,,,,,260.5979919433594,,
2015-04-06,8659.900390625,3829.31005859375,116.69000244140625,94.06199645996094,255.49200439453125,62.060001373291016,0.003000000026077032
2015-04-07,8660.2998046875,3821.489990234375,116.11000061035156,94.85063934326172,253.17999267578125,62.060001373291016,0.014999999664723873
2015-04-08,8714.400390625,3833.199951171875,115.47000122070312,94.87960052490234,245.02200317382812,62.308998107910156,0.017999999225139618
2015-04-09,8778.2998046875,3850.2900390625,114.66999816894531,93.64955139160156,243.67599487304688,62.18199920654297,0.019999999552965164
2015-04-10,8780.349609375,3870.31005859375,115.97000122070312,93.78704833984375,236.07200622558594,62.31399917602539,0.014999999664723873
2015-04-11,,,,,236.552001953125,,
2015-04-12,,,,,236.1529998779297,,
2015-04-13,8834.0,3852.929931640625,115.13999938964844,93.91722106933594,224.58700561523438,62.26900100708008,0.004999999888241291
2015-04-14,,3859.219970703125,114.44000244140625,94.58294677734375,219.15899658203125,62.39099884033203,0.009999999776482582
2015-04-15,,3879.10009765625,115.43000030517578,94.50330352783203,223.83299255371094,62.31399917602539,0.014999999664723873
2015-04-16,8706.7001953125,3876.169921875,115.02999877929688,94.03297424316406,228.572998046875,62.38999938964844,0.009999999776482582
2015-04-17,8606.0,3832.330078125,115.5999984741211,95.11116790771484,222.8820037841797,62.32600021362305,0.013000000268220901
2015-04-18,,,,,223.3560028076172,,
2015-04-19,,,,,222.60000610351562,,
2015-04-20,8448.099609375,3867.820068359375,114.72000122070312,94.27179718017578,224.62600708007812,62.542999267578125,0.013000000268220901
2015-04-21,8377.75,3862.14990234375,115.37999725341797,93.84489440917969,235.2689971923828,63.14500045776367,0.019999999552965164
2015-04-22,8429.7001953125,3881.929931640625,113.83000183105469,92.41227722167969,234.17599487304688,62.87799835205078,0.019999999552965164
2015-04-23,8398.2998046875,3891.4599609375,114.66000366210938,92.8102035522461,236.46200561523438,62.935001373291016,0.019999999552965164
2015-04-24,8305.25,3900.239990234375,113.05000305175781,93.3890380859375,231.26800537109375,63.2869987487793,0.014999999664723873
2015-04-25,,,,,226.38999938964844,,
2015-04-26,,,,,219.42999267578125,,
2015-04-27,8213.7998046875,3884.10009765625,115.33000183105469,93.3890380859375,229.28599548339844,63.654998779296875,0.013000000268220901
2015-04-28,8285.599609375,3895.2099609375,116.33000183105469,92.1010971069336,225.85499572753906,63.13999938964844,0.013000000268220901
2015-04-29,8239.75,3880.89990234375,115.51000213623047,90.97241973876953,225.80799865722656,63.03300094604492,0.003000000026077032
2015-04-30,8181.5,3841.780029296875,113.47000122070312,91.13157653808594,236.14500427246094,63.44200134277344,0.004999999888241291
2015-05-01,,3883.75,113.08000183105469,89.90477752685547,232.07899475097656,63.52299880981445,0.003000000026077032
2015-05-02,,,,,234.92999267578125,,
2015-05-03,,,,,240.35800170898438,,
2015-05-04,8331.9501953125,3895.159912109375,114.0999984741211,89.05654907226562,239.01800537109375,63.52299880981445,0.003000000026077032
2015-05-05,8324.7998046875,3849.409912109375,114.41999816894531,88.93324279785156,236.12100219726562,63.59299850463867,0.00800000037997961
2015-05-06,8097.0,3833.699951171875,114.36000061035156,87.41068267822266,229.78199768066406,63.34400177001953,0.009999999776482582
2015-05-07,8057.2998046875,3849.1298828125,113.41999816894531,88.58523559570312,237.33399963378906,63.65999984741211,0.004999999888241291
2015-05-08,8191.5,3901.010009765625,113.97000122070312,88.82452392578125,243.86300659179688,64.08200073242188,0.003000000026077032
2015-05-09,,,,,241.83200073242188,,
2015-05-10,,,,,240.29600524902344,,
2015-05-11,8325.25,3881.929931640625,113.52999877929688,86.66390991210938,242.1580047607422,63.70399856567383,0.004999999888241291
2015-05-12,8126.9501953125,3870.68994140625,114.5,86.8886947631836,241.11199951171875,64.0199966430664,0.013000000268220901
2015-05-13,8235.4501953125,3870.360107421875,116.55000305175781,86.19259643554688,236.3769989013672,64.21099853515625,0.009999999776482582
2015-05-14,8224.2001953125,3912.52001953125,117.18000030517578,86.42462158203125,236.9290008544922,64.04399871826172,0.009999999776482582
2015-05-15,8262.349609375,3915.989990234375,117.52999877929688,88.15748596191406,237.60499572753906,63.40800094604492,0.009999999776482582
2015-05-16,,,,,236.1529998779297,,
2015-05-17,,,,,236.802001953125,,
2015-05-18,8373.650390625,3928.14990234375,117.5199966430664,86.67840576171875,233.1280059814453,63.43299865722656,0.00800000037997961
2015-05-19,8365.650390625,3926.409912109375,115.88999938964844,85.9098892211914,231.94700622558594,63.729000091552734,0.009999999776482582
2015-05-20,8423.25,3923.179931640625,116.08000183105469,86.0549087524414,234.01800537109375,63.78499984741211,0.013000000268220901
2015-05-21,8421.0,3932.89990234375,115.69000244140625,87.25845336914062,235.343994140625,63.625,0.013000000268220901
2015-05-22,8458.9501953125,3924.159912109375,115.5999984741211,87.29469299316406,240.34800720214844,63.625999450683594,0.009999999776482582
2015-05-23,,,,,238.8719940185547,,
2015-05-24,,,,,240.9530029296875,,
2015-05-25,8370.25,,,,237.11000061035156,63.483001708984375,
2015-05-26,8339.349609375,3883.8798828125,113.91000366210938,88.78823852539062,237.11599731445312,63.57099914550781,0.009999999776482582
2015-05-27,8334.599609375,3920.110107421875,113.88999938964844,88.99124908447266,237.2830047607422,63.97600173950195,0.013000000268220901
2015-05-28,8319.0,3915.820068359375,114.0199966430664,88.77375030517578,237.4080047607422,63.874000549316406,0.003000000026077032
2015-05-29,8433.650390625,3891.179931640625,114.0999984741211,88.9695053100586,237.0959930419922,63.82500076293945,0.003000000026077032
2015-05-30,,,,,233.34500122070312,,
2015-05-31,,,,,230.19000244140625,,
2015-06-01,8433.400390625,3899.590087890625,114.0,88.0133285522461,222.92599487304688,63.736000061035156,0.00800000037997961
2015-06-02,8236.4501953125,3895.85009765625,114.45999908447266,86.78534698486328,225.80299377441406,63.61000061035156,0.009999999776482582
2015-06-03,8135.10009765625,3904.830078125,113.63999938964844,85.39025115966797,225.87399291992188,63.6619987487793,0.009999999776482582
2015-06-04,8130.64990234375,3871.22998046875,112.83999633789062,86.50193786621094,224.32400512695312,64.05899810791016,0.004999999888241291
2015-06-05,8114.7001953125,3865.830078125,112.23999786376953,85.44841003417969,224.95199584960938,64.0009994506836,0.009999999776482582
2015-06-06,,,,,225.61900329589844,,
2015-06-07,,,,,222.88099670410156,,
2015-06-08,8044.14990234375,3841.449951171875,112.56999969482422,85.35395050048828,228.48899841308594,63.762001037597656,0.009999999776482582
2015-06-09,8022.39990234375,3843.159912109375,112.81999969482422,84.67819213867188,229.04800415039062,63.97600173950195,0.013000000268220901
2015-06-10,8124.4501953125,3889.699951171875,113.77999877929688,83.93710327148438,228.80299377441406,64.03800201416016,0.013000000268220901
2015-06-11,7965.35009765625,3897.590087890625,113.26000213623047,85.70272827148438,229.7050018310547,63.79899978637695,0.00800000037997961
2015-06-12,7982.89990234375,3870.56005859375,113.2300033569336,85.70272827148438,229.98199462890625,63.999000549316406,0.004999999888241291
2015-06-13,,,,,232.40199279785156,,
2015-06-14,,,,,233.54299926757812,,
2015-06-15,8013.89990234375,3852.75,113.7300033569336,85.84078216552734,236.822998046875,64.09200286865234,0.003000000026077032
2015-06-16,8047.2998046875,3874.72998046875,113.31999969482422,86.51649475097656,250.89500427246094,64.052001953125,0.00800000037997961
2015-06-17,8091.5498046875,3882.489990234375,113.8499984741211,85.84806060791016,249.28399658203125,64.18199920654297,0.003000000026077032
2015-06-18,8174.60009765625,3921.429931640625,115.31999969482422,85.42659759521484,249.0070037841797,64.00299835205078,0.003000000026077032
2015-06-19,8224.9501953125,3900.639892578125,115.12000274658203,86.52375030517578,244.6060028076172,63.64500045776367,0.003000000026077032
2015-06-20,,,,,245.21200561523438,,
2015-06-21,,,,,243.94400024414062,,
2015-06-22,8353.099609375,3924.409912109375,113.63999938964844,84.75812530517578,246.99000549316406,63.492000579833984,0.003000000026077032
2015-06-23,8381.5498046875,3927.22998046875,112.88999938964844,84.24949645996094,244.29600524902344,63.50699996948242,0.00800000037997961
2015-06-24,8360.849609375,3898.469970703125,112.58999633789062,84.97611236572266,240.51499938964844,63.599998474121094,0.004999999888241291
2015-06-25,8398.0,3887.0400390625,112.44000244140625,84.67819213867188,242.7989959716797,63.5620002746582,0.004999999888241291
2015-06-26,8381.099609375,3886.2099609375,112.55999755859375,83.72638702392578,243.593994140625,63.51100158691406,0.004999999888241291
2015-06-27,,,,,250.99000549316406,,
2015-06-28,,,,,249.01100158691406,,
2015-06-29,8318.400390625,3805.5,113.06999969482422,85.94253540039062,257.0639953613281,63.444000244140625,0.004999999888241291
2015-06-30,8368.5,3815.85009765625,112.37000274658203,85.34671783447266,263.0719909667969,63.7239990234375,0.009999999776482582
2015-07-01,8453.0498046875,3843.260009765625,111.9800033569336,84.1946792602539,258.6210021972656,63.59000015258789,0.003000000026077032
2015-07-02,8444.900390625,3842.06005859375,111.76000213623047,84.47136688232422,255.41200256347656,63.57400131225586,0.003000000026077032
2015-07-03,8484.900390625,,,,256.33599853515625,63.369998931884766,
2015-07-04,,,,,260.885986328125,,
2015-07-05,,,,,271.9129943847656,,
2015-07-06,8522.150390625,3827.35009765625,112.05999755859375,86.03704833984375,269.0299987792969,63.40399932861328,0.004999999888241291
2015-07-07,8510.7998046875,3850.659912109375,110.76000213623047,86.8453369140625,266.2070007324219,63.3650016784668,0.009999999776482582
2015-07-08,8363.0498046875,3787.669921875,111.08999633789062,87.59536743164062,270.7850036621094,63.518001556396484,0.009999999776482582
2015-07-09,8328.5498046875,3796.260009765625,111.36000061035156,85.86956024169922,269.2279968261719,63.5620002746582,0.00800000037997961
2015-07-10,8360.5498046875,3843.10009765625,111.48999786376953,84.50780487060547,284.8940124511719,63.36399841308594,0.00800000037997961
2015-07-11,,,,,293.114990234375,,
2015-07-12,,,,,310.86700439453125,,
2015-07-13,8459.650390625,3885.969970703125,110.98999786376953,84.2456283569336,292.0539855957031,63.35200119018555,0.00800000037997961
2015-07-14,8454.099609375,3903.31005859375,110.73999786376953,84.52235412597656,287.4639892578125,63.513999938964844,0.009999999776482582
2015-07-15,8523.7998046875,3900.5,110.16000366210938,85.4180908203125,285.8290100097656,63.32400131225586,0.013000000268220901
2015-07-16,8608.0498046875,3931.85009765625,109.76000213623047,86.00794219970703,278.0889892578125,63.52399826049805,0.009999999776482582
2015-07-17,8609.849609375,3936.219970703125,108.6500015258789,86.45211029052734,279.47198486328125,63.481998443603516,0.013000000268220901
2015-07-18,,,,,274.9010009765625,,
2015-07-19,,,,,273.614013671875,,
2015-07-20,8603.4501953125,3939.35009765625,105.69999694824219,86.08800506591797,278.9809875488281,63.48400115966797,0.023000000044703484
2015-07-21,8529.4501953125,3922.699951171875,105.37000274658203,86.55408477783203,275.8330078125,63.625,0.029999999329447746
2015-07-22,8633.5,3913.75,104.80000305175781,87.09290313720703,277.22198486328125,63.58300018310547,0.029999999329447746
2015-07-23,8589.7998046875,3891.7900390625,104.33000183105469,88.17792510986328,276.04901123046875,63.66400146484375,0.029999999329447746
2015-07-24,8521.5498046875,3850.14990234375,105.3499984741211,88.39640045166016,288.27801513671875,63.847999572753906,0.029999999329447746
2015-07-25,,,,,288.6969909667969,,
2015-07-26,,,,,292.6860046386719,,
2015-07-27,8361.0,3827.929931640625,104.86000061035156,88.86972045898438,293.6239929199219,64.0999984741211,0.02800000086426735
2015-07-28,8337.0,3875.3701171875,105.0199966430664,88.22161102294922,294.427001953125,64.21700286865234,0.0430000014603138
2015-07-29,8375.0498046875,3904.2099609375,105.16999816894531,87.8939208984375,289.5899963378906,63.8390007019043,0.04500000178813934
2015-07-30,8421.7998046875,3904.639892578125,104.2699966430664,88.57117462158203,287.72198486328125,63.882999420166016,0.05999999865889549
2015-07-31,8532.849609375,3895.800048828125,104.93000030517578,89.22653198242188,284.6499938964844,64.11799621582031,0.057999998331069946
2015-08-01,,,,,281.60101318359375,,
2015-08-02,,,,,282.614013671875,,
2015-08-03,8543.0498046875,3885.070068359375,104.0999984741211,90.16577911376953,281.22698974609375,63.97999954223633,0.06300000101327896
2015-08-04,8516.900390625,3876.43994140625,104.30999755859375,89.45057678222656,285.2179870605469,64.1240005493164,0.07500000298023224
2015-08-05,8567.9501953125,3889.989990234375,103.93000030517578,88.77915954589844,281.8819885253906,63.819000244140625,0.07500000298023224
2015-08-06,8588.650390625,3860.919921875,104.38999938964844,89.56736755371094,278.5769958496094,63.69599914550781,0.02800000086426735
2015-08-07,8564.599609375,3849.9599609375,104.6500015258789,90.7423324584961,279.5849914550781,63.733001708984375,0.054999999701976776
2015-08-08,,,,,260.99700927734375,,
2015-08-09,,,,,265.0830078125,,
2015-08-10,8525.599609375,3899.360107421875,105.72000122070312,89.61842346191406,264.4700012207031,63.733001708984375,0.06499999761581421
2015-08-11,8462.349609375,3862.81005859375,106.26000213623047,91.04154968261719,270.385986328125,63.8380012512207,0.09799999743700027
2015-08-12,8349.4501953125,3867.3701171875,107.75,90.54524230957031,266.3760070800781,64.32599639892578,0.09000000357627869
2015-08-13,8355.849609375,3863.030029296875,106.86000061035156,90.25338745117188,264.0799865722656,64.79900360107422,0.08299999684095383
2015-08-14,8518.5498046875,3878.159912109375,106.8499984741211,90.46502685546875,265.67999267578125,65.26899719238281,0.07999999821186066
2015-08-15,,,,,261.5509948730469,,
2015-08-16,,,,,258.5069885253906,,
2015-08-17,8477.2998046875,3899.10009765625,107.12999725341797,90.87369537353516,257.97601318359375,65.12200164794922,0.05999999865889549
2015-08-18,8466.5498046875,3889.60009765625,107.11000061035156,90.15848541259766,211.07899475097656,65.44300079345703,0.08500000089406967
2015-08-19,8495.150390625,3857.739990234375,108.55000305175781,91.04885864257812,226.6840057373047,65.44599914550781,0.03999999910593033
2015-08-20,8372.75,3776.360107421875,110.44000244140625,91.9683609008789,235.35000610351562,65.05400085449219,0.014999999664723873
2015-08-21,8299.9501953125,3656.669921875,111.12999725341797,92.24567413330078,232.56900024414062,65.46099853515625,0.019999999552965164
2015-08-22,,,,,230.38999938964844,,
2015-08-23,,,,,228.16900634765625,,
2015-08-24,7809.0,3512.64990234375,110.52999877929688,92.21646881103516,210.4949951171875,66.0260009765625,0.014999999664723873
2015-08-25,7880.7001953125,3465.18994140625,109.16000366210938,90.73506164550781,221.60899353027344,66.80699920654297,0.05299999937415123
2015-08-26,7791.85009765625,3600.72998046875,107.66999816894531,88.9835205078125,225.83099365234375,66.28299713134766,0.054999999701976776
2015-08-27,7948.9501953125,3688.60009765625,107.7300033569336,89.03459930419922,224.7689971923828,66.05599975585938,0.05000000074505806
2015-08-28,8001.9501953125,3691.300048828125,108.69999694824219,89.29734802246094,231.39599609375,66.05500030517578,0.05000000074505806
2015-08-29,,,,,229.77999877929688,,
2015-08-30,,,,,228.76100158691406,,
2015-08-31,7971.2998046875,3660.75,108.81999969482422,88.61136627197266,230.05599975585938,66.14299774169922,0.003000000026077032
2015-09-01,7785.85009765625,3552.64990234375,109.19999694824219,89.24980163574219,228.12100219726562,66.3499984741211,0.03799999877810478
2015-09-02,7717.0,3618.25,108.62000274658203,88.4819107055664,229.28399658203125,66.4229965209961,0.02500000037252903
2015-09-03,7823.0,3622.659912109375,107.83999633789062,88.9133529663086,227.18299865722656,66.22599792480469,0.014999999664723873
2015-09-04,7655.0498046875,3567.409912109375,107.48999786376953,89.7251968383789,230.29800415039062,66.16000366210938,0.02500000037252903
2015-09-05,,,,,235.0189971923828,,
2015-09-06,,,,,239.83999633789062,,
2015-09-07,7558.7998046875,,,,239.8470001220703,66.6780014038086,
2015-09-08,7688.25,3657.320068359375,107.5199966430664,88.40145874023438,243.60699462890625,66.8030014038086,0.02500000037252903
2015-09-09,7818.60009765625,3606.800048828125,106.12999725341797,88.82563018798828,238.16799926757812,66.40599822998047,0.03500000014901161
2015-09-10,7788.10009765625,3626.139892578125,106.37999725341797,88.22588348388672,238.4770050048828,66.59700012207031,0.014999999664723873
2015-09-11,7789.2998046875,3643.5400390625,106.16000366210938,88.7817153930664,240.10699462890625,66.31900024414062,0.023000000044703484
2015-09-12,,,,,235.22900390625,,
2015-09-13,,,,,230.51199340820312,,
2015-09-14,7872.25,3628.8701171875,106.22000122070312,88.92070007324219,230.6439971923828,66.23400115966797,0.02500000037252903
2015-09-15,7829.10009765625,3675.47998046875,105.9000015258789,87.21659088134766,230.3040008544922,66.31500244140625,0.057999998331069946
2015-09-16,7899.14990234375,3707.6201171875,107.30999755859375,86.88748168945312,229.09100341796875,66.43000030517578,0.05299999937415123
2015-09-17,,3698.739990234375,108.41000366210938,87.94795227050781,229.80999755859375,66.19599914550781,0.003000000026077032
2015-09-18,7981.89990234375,3638.989990234375,109.20999908447266,89.3010482788086,232.97500610351562,66.12200164794922,0.009999999776482582
2015-09-19,,,,,231.4929962158203,,
2015-09-20,,,,,231.21200561523438,,
2015-09-21,7977.10009765625,3655.639892578125,108.52999877929688,87.8455810546875,227.0850067138672,65.86100006103516,0.013000000268220901
2015-09-22,7812.0,3610.699951171875,107.79000091552734,89.06702423095703,230.6179962158203,65.73899841308594,0.003000000026077032
2015-09-23,7845.9501953125,3603.489990234375,108.22000122070312,89.05963897705078,230.2830047607422,65.875,0.003000000026077032
2015-09-24,7868.5,3591.3701171875,110.48999786376953,89.66670227050781,234.5290069580078,66.16200256347656,0.004999999888241291
2015-09-25,,3589.7099609375,109.80999755859375,88.89142608642578,235.1439971923828,66.22100067138672,0.019999999552965164
2015-09-26,,,,,234.33999633789062,,
2015-09-27,,,,,232.7570037841797,,
2015-09-28,7795.7001953125,3498.610107421875,108.41999816894531,90.41270446777344,239.14199829101562,66.16300201416016,0.013000000268220901
2015-09-29,7843.2998046875,3503.1298828125,107.9800033569336,90.668701171875,236.68699645996094,66.26000213623047,0.003000000026077032
2015-09-30,7948.89990234375,3570.169921875,106.86000061035156,90.35420227050781,236.05999755859375,65.91999816894531,0.004999999888241291
2015-10-01,7950.89990234375,3577.469970703125,106.7300033569336,90.73967742919922,237.5489959716797,65.5270004272461,0.017999999225139618
2015-10-02,,3629.0400390625,108.98999786376953,91.28937530517578,237.29299926757812,65.61799621582031,0.00800000037997961
2015-10-03,,,,,238.72999572753906,,
2015-10-04,,,,,238.25900268554688,,
2015-10-05,8119.2998046875,3695.610107421875,108.7699966430664,90.05078887939453,240.38299560546875,65.35700225830078,0.00800000037997961
2015-10-06,8152.89990234375,3682.330078125,109.86000061035156,90.4392318725586,246.06300354003906,65.12300109863281,0.004999999888241291
2015-10-07,8177.39990234375,3713.360107421875,109.69999694824219,90.13876342773438,242.968994140625,65.18399810791016,0.004999999888241291
2015-10-08,8129.35009765625,3746.1201171875,109.13999938964844,89.38385772705078,242.3040008544922,64.93900299072266,0.003000000026077032
2015-10-09,8189.7001953125,3748.9599609375,110.87000274658203,89.61837768554688,243.93099975585938,64.99500274658203,0.003000000026077032
2015-10-10,,,,,244.9409942626953,,
2015-10-11,,,,,247.0500030517578,,
2015-10-12,8143.60009765625,3753.72998046875,111.30999755859375,90.29997253417969,245.30799865722656,64.77200317382812,0.009999999776482582
2015-10-13,8131.7001953125,3728.47998046875,111.86000061035156,90.45386505126953,249.50799560546875,64.78199768066406,0.004999999888241291
2015-10-14,8107.89990234375,3711.110107421875,113.80999755859375,91.2453842163086,251.98899841308594,65.08499908447266,0.009999999776482582
2015-10-15,8179.5,3766.429931640625,113.29000091552734,90.79834747314453,254.32000732421875,64.8489990234375,0.004999999888241291
2015-10-16,8238.150390625,3783.639892578125,112.48999786376953,90.82762908935547,262.8689880371094,64.78399658203125,0.004999999888241291
2015-10-17,,,,,270.6400146484375,,
2015-10-18,,,,,261.64300537109375,,
2015-10-19,8275.0498046875,3784.719970703125,112.0199966430664,90.57844543457031,263.43701171875,64.69499969482422,0.004999999888241291
2015-10-20,8261.650390625,3779.43994140625,112.7300033569336,90.02144622802734,269.4630126953125,64.95099639892578,0.009999999776482582
2015-10-21,8251.7001953125,3757.909912109375,111.7300033569336,90.91558074951172,266.2720031738281,64.99400329589844,0.004999999888241291
2015-10-22,,3820.489990234375,111.69000244140625,91.06946563720703,274.02301025390625,65.15899658203125,0.004999999888241291
2015-10-23,8295.4501953125,3862.64990234375,111.5,90.29264831542969,276.4960021972656,65.05000305175781,0.003000000026077032
2015-10-24,,,,,281.65399169921875,,
2015-10-25,,,,,283.67999267578125,,
2015-10-26,8260.5498046875,3855.2900390625,111.43000030517578,90.89360809326172,285.29998779296875,64.88500213623047,0.00800000037997961
2015-10-27,8232.900390625,3845.449951171875,111.68000030517578,91.12081146240234,293.7879943847656,64.9010009765625,0.009999999776482582
2015-10-28,8171.2001953125,3891.340087890625,110.77999877929688,90.75434875488281,304.6180114746094,65.06700134277344,0.03500000014901161
2015-10-29,8111.75,3890.0400390625,109.72000122070312,89.31055450439453,313.8550109863281,64.94599914550781,0.05299999937415123
2015-10-30,8065.7998046875,3871.330078125,109.30000305175781,89.98480987548828,328.0150146484375,65.44400024414062,0.06800000369548798
2015-10-31,,,,,314.1659851074219,,
2015-11-01,,,,,325.4309997558594,,
2015-11-02,8050.7998046875,3917.300048828125,108.58999633789062,89.5712661743164,361.1889953613281,65.41500091552734,0.05299999937415123
2015-11-03,8060.7001953125,3928.050048828125,106.9800033569336,88.83682250976562,403.4169921875,65.54100036621094,0.057999998331069946
2015-11-04,8040.2001953125,3915.52001953125,105.97000122070312,88.9395980834961,411.56298828125,65.53099822998047,0.054999999701976776
2015-11-05,7955.4501953125,3911.889892578125,105.63999938964844,88.70459747314453,386.35400390625,65.58499908447266,0.03999999910593033
2015-11-06,7954.2998046875,3910.97998046875,104.0999984741211,87.40457153320312,374.4700012207031,65.86000061035156,0.0729999989271164
2015-11-07,,,,,386.48199462890625,,
2015-11-08,,,,,373.3680114746094,,
2015-11-09,7915.2001953125,3873.3701171875,104.4000015258789,86.91244506835938,380.2569885253906,66.13300323486328,0.07500000298023224
2015-11-10,7783.35009765625,3880.22998046875,104.18000030517578,87.16950988769531,336.8190002441406,66.46800231933594,0.125
2015-11-11,,3867.7099609375,103.83000183105469,86.98589324951172,311.0840148925781,66.19300079345703,0.12300000339746475
2015-11-12,,3814.2900390625,103.8499984741211,87.40457153320312,338.1520080566406,66.06300354003906,0.12300000339746475
2015-11-13,7762.25,3771.590087890625,103.55999755859375,87.9040298461914,336.75299072265625,66.0479965209961,0.11299999803304672
2015-11-14,,,,,332.906005859375,,
2015-11-15,,,,,320.1659851074219,,
2015-11-16,7806.60009765625,3828.4599609375,103.70999908447266,87.82321166992188,330.7510070800781,66.0510025024414,0.09799999743700027
2015-11-17,7837.5498046875,3824.139892578125,102.33999633789062,87.97014617919922,335.093994140625,65.89700317382812,0.13500000536441803
2015-11-18,7731.7998046875,3886.260009765625,102.43000030517578,88.15372467041016,334.5899963378906,66.03700256347656,0.12300000339746475
2015-11-19,7842.75,3882.06005859375,103.55999755859375,88.74131774902344,326.14898681640625,66.07499694824219,0.08799999952316284
2015-11-20,7856.5498046875,3897.449951171875,103.08999633789062,88.46956634521484,322.0220031738281,66.08499908447266,0.09300000220537186
2015-11-21,,,,,326.927001953125,,
2015-11-22,,,,,324.5360107421875,,
2015-11-23,7849.25,3892.800048828125,102.26000213623047,88.74131774902344,323.0459899902344,66.05000305175781,0.10499999672174454
2015-11-24,7831.60009765625,3897.669921875,102.94000244140625,88.73399353027344,320.0459899902344,66.37100219726562,0.15299999713897705
2015-11-25,,3897.570068359375,102.45999908447266,88.9395980834961,328.20599365234375,66.30000305175781,0.17499999701976776
2015-11-26,7883.7998046875,,,,352.6839904785156,66.38200378417969,
2015-11-27,7942.7001953125,3900.739990234375,101.25,88.85150909423828,358.0419921875,66.55799865722656,0.1599999964237213
2015-11-28,,,,,357.3810119628906,,
2015-11-29,,,,,371.29400634765625,,
2015-11-30,7935.25,3882.840087890625,101.91999816894531,89.20404815673828,377.3210144042969,66.9000015258789,0.17000000178813934
2015-12-01,7954.89990234375,3924.6298828125,102.27999877929688,90.40898895263672,362.4880065917969,66.50800323486328,0.2029999941587448
2015-12-02,7931.35009765625,3882.3798828125,100.69000244140625,90.43842315673828,359.18701171875,66.46099853515625,0.20000000298023224
2015-12-03,7864.14990234375,3826.739990234375,101.76000213623047,87.98002624511719,361.0459899902344,66.55699920654297,0.1979999989271164
2015-12-04,7781.89990234375,3905.31005859375,104.0199966430664,88.75285339355469,363.1830139160156,66.8030014038086,0.20499999821186066
2015-12-05,,,,,388.9490051269531,,
2015-12-06,,,,,388.7829895019531,,
2015-12-07,7765.39990234375,3878.31005859375,102.66999816894531,89.614013671875,395.5360107421875,66.63600158691406,0.23499999940395355
2015-12-08,7701.7001953125,3853.47998046875,102.83999633789062,89.65823364257812,415.56298828125,66.76799774169922,0.2680000066757202
2015-12-09,7612.5,3823.89990234375,102.63999938964844,89.56246185302734,417.56298828125,66.83300018310547,0.24500000476837158
2015-12-10,7683.2998046875,3832.929931640625,102.55000305175781,89.68026733398438,415.47900390625,66.88999938964844,0.23000000417232513
2015-12-11,7610.4501953125,3759.090087890625,103.11000061035156,91.09346008300781,451.93798828125,66.78600311279297,0.21299999952316284
2015-12-12,,,,,434.99700927734375,,
2015-12-13,,,,,433.7550048828125,,
2015-12-14,7650.0498046875,3777.219970703125,101.79000091552734,89.91581726074219,444.1820068359375,67.14099884033203,0.1979999989271164
2015-12-15,7700.89990234375,3817.360107421875,101.5199966430664,89.38582611083984,465.3210144042969,67.07099914550781,0.25
2015-12-16,7750.89990234375,3873.1201171875,102.75,89.19450378417969,454.9339904785156,66.90299987792969,0.23499999940395355
2015-12-17,7844.35009765625,3815.4599609375,100.5,90.202880859375,456.0780029296875,66.4280014038086,0.21299999952316284
2015-12-18,7761.9501953125,3747.56005859375,102.04000091552734,90.70338439941406,463.6159973144531,66.45899963378906,0.17499999701976776
2015-12-19,,,,,462.3219909667969,,
2015-12-20,,,,,442.68499755859375,,
2015-12-21,7834.4501953125,3777.14990234375,103.1500015258789,90.68132019042969,438.6390075683594,66.24800109863281,0.15299999713897705
2015-12-22,7786.10009765625,3810.85009765625,102.61000061035156,90.02621459960938,436.5719909667969,66.26899719238281,0.19300000369548798
2015-12-23,7865.9501953125,3858.469970703125,102.30999755859375,89.34903717041016,442.4010009765625,66.24299621582031,0.1899999976158142
2015-12-24,7861.0498046875,3852.31005859375,103.05000305175781,89.86096954345703,454.9849853515625,66.15399932861328,0.18299999833106995
2015-12-25,,,,,455.65301513671875,65.94000244140625,
2015-12-26,,,,,417.27398681640625,,
2015-12-27,,,,,422.822998046875,,
2015-12-28,7925.14990234375,3843.93994140625,102.2699966430664,90.12651062011719,422.27899169921875,65.94000244140625,0.1899999976158142
2015-12-29,7928.9501953125,3885.550048828125,102.19999694824219,88.62918853759766,432.9830017089844,66.13400268554688,0.2150000035762787
2015-12-30,7896.25,3857.89990234375,101.41999816894531,88.5406494140625,426.6199951171875,66.26000213623047,0.19499999284744263
2015-12-31,7946.35009765625,3821.60009765625,101.45999908447266,88.93898010253906,430.5669860839844,66.45500183105469,0.14800000190734863
2016-01-01,,,,,434.3340148925781,66.19300079345703,
2016-01-02,,,,,433.43798828125,,
2016-01-03,,,,,430.010986328125,,
2016-01-04,7791.2998046875,3763.989990234375,102.88999938964844,89.58065795898438,433.09100341796875,66.19300079345703,0.1550000011920929
2016-01-05,7784.64990234375,3771.570068359375,103.18000030517578,89.21925354003906,431.9599914550781,66.60099792480469,0.20499999821186066
2016-01-06,7741.0,3723.43994140625,104.66999816894531,90.4215087890625,429.1050109863281,66.52400207519531,0.20499999821186066
2016-01-07,7568.2998046875,3635.2900390625,106.1500015258789,90.58380126953125,458.0480041503906,66.7239990234375,0.1899999976158142
2016-01-08,7601.35009765625,3595.909912109375,105.68000030517578,90.98949432373047,453.2300109863281,66.9209976196289,0.1899999976158142
2016-01-09,,,,,447.6109924316406,,
2016-01-10,,,,,447.9909973144531,,
2016-01-11,7563.85009765625,3598.969970703125,104.73999786376953,89.9937515258789,448.4280090332031,66.83999633789062,0.17499999701976776
2016-01-12,7510.2998046875,3627.06005859375,104.20999908447266,91.29185485839844,435.69000244140625,66.79299926757812,0.20999999344348907
2016-01-13,7562.39990234375,3536.919921875,104.72000122070312,92.19171142578125,432.3710021972656,66.91999816894531,0.2150000035762787
2016-01-14,7536.7998046875,3596.030029296875,103.0199966430664,91.32878112792969,430.3059997558594,66.93599700927734,0.23999999463558197
2016-01-15,7437.7998046875,3518.510009765625,104.08000183105469,92.75232696533203,364.33099365234375,67.30400085449219,0.22300000488758087
2016-01-16,,,,,387.5360107421875,,
2016-01-17,,,,,382.29901123046875,,
2016-01-18,7351.0,,,,387.1679992675781,67.76699829101562,
2016-01-19,7435.10009765625,3520.39990234375,103.9800033569336,92.46465301513672,380.14898681640625,67.71099853515625,0.23000000417232513
2016-01-20,7309.2998046875,3479.75,105.37000274658203,93.43826293945312,420.2300109863281,67.76699829101562,0.2529999911785126
2016-01-21,7276.7998046875,3497.93994140625,105.48999786376953,92.80390930175781,410.2619934082031,67.9489974975586,0.27300000190734863
2016-01-22,7422.4501953125,3568.89990234375,105.0,92.44988250732422,382.49200439453125,67.80799865722656,0.2879999876022339
2016-01-23,,,,,387.4909973144531,,
2016-01-24,,,,,402.97100830078125,,
2016-01-25,7436.14990234375,3513.110107421875,106.08000183105469,92.95147705078125,391.72601318359375,67.54100036621094,0.2750000059604645
2016-01-26,,3562.81005859375,107.29000091552734,92.99577331542969,392.15301513671875,67.74099731445312,0.30000001192092896
2016-01-27,7437.75,3524.330078125,107.69000244140625,92.9736328125,394.97198486328125,67.7699966430664,0.30000001192092896
2016-01-28,7424.64990234375,3544.1298828125,106.54000091552734,93.10636138916016,380.28900146484375,68.19599914550781,0.3179999887943268
2016-01-29,7563.5498046875,3631.9599609375,106.94999694824219,93.8956298828125,379.4739990234375,68.09300231933594,0.30000001192092896
2016-01-30,,,,,378.2550048828125,,
2016-01-31,,,,,368.7669982910156,,
2016-02-01,7555.9501953125,3630.4599609375,108.05000305175781,93.60813903808594,373.0559997558594,67.87000274658203,0.29499998688697815
2016-02-02,7455.5498046875,3562.52001953125,108.08999633789062,95.34475708007812,374.447998046875,67.88200378417969,0.33000001311302185
2016-02-03,7361.7998046875,3581.530029296875,109.25,94.55403137207031,369.9490051269531,67.98600006103516,0.3330000042915344
2016-02-04,7404.0,3587.7099609375,110.56999969482422,95.01219177246094,389.593994140625,67.927001953125,0.28299999237060547
2016-02-05,7489.10009765625,3521.60009765625,112.31999969482422,95.12303924560547,386.54901123046875,67.56400299072266,0.27799999713897705
2016-02-06,,,,,376.5220031738281,,
2016-02-07,,,,,376.6199951171875,,
2016-02-08,7387.25,3472.080078125,113.83000183105469,97.1700210571289,373.4469909667969,67.802001953125,0.25999999046325684
2016-02-09,7298.2001953125,3470.5,113.58000183105469,97.2735366821289,376.02899169921875,68.07599639892578,0.30000001192092896
2016-02-10,7215.7001953125,3471.0400390625,114.45999908447266,98.13072204589844,381.64898681640625,67.9280014038086,0.2980000078678131
2016-02-11,6976.35009765625,3428.989990234375,119.05999755859375,98.8179702758789,379.65399169921875,67.89299774169922,0.27300000190734863
2016-02-12,6980.9501953125,3496.280029296875,118.36000061035156,97.17742156982422,384.26300048828125,68.4739990234375,0.27000001072883606
2016-02-13,,,,,391.8599853515625,,
2016-02-14,,,,,407.2300109863281,,
2016-02-15,7162.9501953125,,,,400.18499755859375,68.11100006103516,
2016-02-16,7048.25,3555.199951171875,114.7699966430664,96.15023803710938,407.4880065917969,68.13700103759766,0.27300000190734863
2016-02-17,7108.4501953125,3614.159912109375,115.4800033569336,95.55903625488281,416.3219909667969,68.50599670410156,0.2930000126361847
2016-02-18,7191.75,3597.489990234375,118.29000091552734,96.73404693603516,422.37298583984375,68.35600280761719,0.2879999876022339
2016-02-19,7210.75,3597.919921875,117.58000183105469,96.81534576416016,420.7850036621094,68.56600189208984,0.28299999237060547
2016-02-20,,,,,437.16400146484375,,
2016-02-21,,,,,438.7980041503906,,
2016-02-22,7234.5498046875,3649.919921875,115.48999786376953,96.7635726928711,437.74798583984375,68.53800201416016,0.2930000126361847
2016-02-23,7109.5498046875,3604.679931640625,117.22000122070312,97.1552734375,420.7359924316406,68.5739974975586,0.3179999887943268
2016-02-24,7018.7001953125,3620.8701171875,117.61000061035156,96.96317291259766,424.9549865722656,68.60299682617188,0.3149999976158142
2016-02-25,6970.60009765625,3662.840087890625,117.91999816894531,97.31049346923828,424.54400634765625,68.3759994506836,0.3100000023841858
2016-02-26,7029.75,3656.419921875,117.11000061035156,96.3719711303711,432.1520080566406,68.7969970703125,0.30300000309944153
2016-02-27,,,,,432.5190124511719,,
2016-02-28,,,,,433.5039978027344,,
2016-02-29,6987.0498046875,3627.06005859375,118.63999938964844,96.79312896728516,437.6969909667969,68.7300033569336,0.30799999833106995
2016-03-01,7222.2998046875,3713.699951171875,117.7699966430664,95.0887680053711,435.12298583984375,68.21800231933594,0.3199999928474426
2016-03-02,7368.85009765625,3729.590087890625,118.68000030517578,95.48116302490234,423.989013671875,67.74600219726562,0.30300000309944153
2016-03-03,7475.60009765625,3743.02001953125,120.7300033569336,95.82919311523438,421.6510009765625,67.38800048828125,0.2630000114440918
2016-03-04,7485.35009765625,3755.469970703125,120.54000091552734,95.21463775634766,410.9389953613281,67.14299774169922,0.26499998569488525
2016-03-05,,,,,400.57000732421875,,
2016-03-06,,,,,407.7070007324219,,
2016-03-07,,3759.050048828125,121.13999938964844,95.18502044677734,414.3210144042969,66.93000030517578,0.26499998569488525
2016-03-08,7485.2998046875,3717.489990234375,120.58000183105469,96.2364273071289,413.97198486328125,67.0459976196289,0.3050000071525574
2016-03-09,7531.7998046875,3736.919921875,119.58000183105469,95.6514892578125,414.8599853515625,67.35700225830078,0.2879999876022339
2016-03-10,7486.14990234375,3737.739990234375,121.5,95.25907135009766,417.1310119628906,67.1449966430664,0.30300000309944153
2016-03-11,7510.2001953125,3800.070068359375,119.41000366210938,94.29653930664062,421.69000244140625,67.30899810791016,0.30799999833106995
2016-03-12,,,,,411.6239929199219,,
2016-03-13,,,,,414.06500244140625,,
2016-03-14,7538.75,3795.530029296875,117.87000274658203,94.59268951416016,416.43798828125,66.91300201416016,0.30799999833106995
2016-03-15,7460.60009765625,3788.6201171875,117.95999908447266,94.68155670166016,416.8299865722656,67.17400360107422,0.32499998807907104
2016-03-16,7498.75,3810.090087890625,120.58999633789062,94.96289825439453,417.010986328125,67.35900115966797,0.30000001192092896
2016-03-17,7512.5498046875,3835.260009765625,120.12999725341797,95.35531616210938,420.6210021972656,66.83000183105469,0.2750000059604645
2016-03-18,7604.35009765625,3852.14990234375,119.80000305175781,95.55522918701172,409.5480041503906,66.61199951171875,0.2800000011920929
2016-03-19,,,,,410.4440002441406,,
2016-03-20,,,,,413.7550048828125,,
2016-03-21,7704.25,3855.969970703125,118.95999908447266,94.82225036621094,413.3070068359375,66.3759994506836,0.2879999876022339
2016-03-22,7714.89990234375,3853.179931640625,119.30999755859375,94.800048828125,418.0889892578125,66.5199966430664,0.29499998688697815
2016-03-23,7716.5,3828.580078125,116.61000061035156,95.87356567382812,418.0409851074219,66.76399993896484,0.2930000126361847
2016-03-24,,3827.139892578125,116.33000183105469,95.9106216430664,416.3940124511719,66.9020004272461,0.2750000059604645
2016-03-25,,,,,417.177001953125,66.90699768066406,
2016-03-26,,,,,417.94500732421875,,
2016-03-27,,,,,426.7650146484375,,
2016-03-28,7615.10009765625,3829.260009765625,116.5999984741211,96.03646850585938,424.2309875488281,66.90699768066406,0.2549999952316284
2016-03-29,7597.0,3863.800048828125,118.76000213623047,97.04344177246094,416.5159912109375,66.90699768066406,0.22499999403953552
2016-03-30,7735.2001953125,3881.010009765625,117.0999984741211,96.02171325683594,414.8160095214844,66.36799621582031,0.1850000023841858
2016-03-31,7738.39990234375,3873.110107421875,117.63999938964844,96.70281219482422,416.72900390625,66.36799621582031,0.19300000369548798
2016-04-01,7713.0498046875,3897.659912109375,116.93000030517578,96.95506286621094,417.9599914550781,66.24800109863281,0.21799999475479126
2016-04-02,,,,,420.87298583984375,,
2016-04-03,,,,,420.90399169921875,,
2016-04-04,7758.7998046875,3886.0,116.1500015258789,97.01443481445312,421.4440002441406,66.35800170898438,0.18299999833106995
2016-04-05,7603.2001953125,3846.590087890625,117.66000366210938,98.07542419433594,424.0299987792969,66.13300323486328,0.21799999475479126
2016-04-06,7614.35009765625,3888.409912109375,116.94000244140625,97.36315155029297,423.4129943847656,66.46800231933594,0.2199999988079071
2016-04-07,7546.4501953125,3841.97998046875,118.61000061035156,98.56509399414062,422.7449951171875,66.53299713134766,0.2199999988079071
2016-04-08,7555.2001953125,3852.719970703125,118.43000030517578,97.94184875488281,420.3489990234375,66.77899932861328,0.21799999475479126
2016-04-09,,,,,419.4110107421875,,
2016-04-10,,,,,421.5639953613281,,
2016-04-11,7671.39990234375,3842.169921875,120.02999877929688,97.81575775146484,422.4830017089844,66.54399871826172,0.20999999344348907
2016-04-12,7708.9501953125,3879.419921875,120.05000305175781,97.14051818847656,425.19000244140625,66.29000091552734,0.23000000417232513
2016-04-13,7850.4501953125,3918.949951171875,118.7699966430664,97.48191833496094,423.7340087890625,66.31500244140625,0.22300000488758087
2016-04-14,,3920.030029296875,117.11000061035156,97.01443481445312,424.2820129394531,66.5250015258789,0.2150000035762787
2016-04-15,,3916.169921875,117.91999816894531,97.84541320800781,429.7130126953125,66.63700103759766,0.20999999344348907
2016-04-16,,,,,430.5719909667969,,
2016-04-17,,,,,427.39898681640625,,
2016-04-18,7914.7001953125,3941.860107421875,117.73999786376953,97.42249298095703,428.59100341796875,66.65299987792969,0.1979999989271164
2016-04-19,,3954.010009765625,119.58000183105469,97.1183090209961,435.5090026855469,66.40899658203125,0.2150000035762787
2016-04-20,7914.75,3957.25,118.97000122070312,96.0499267578125,441.3890075683594,66.22200012207031,0.21799999475479126
2016-04-21,7912.0498046875,3936.800048828125,119.41999816894531,95.47869873046875,449.42498779296875,66.2040023803711,0.22499999403953552
2016-04-22,7899.2998046875,3937.0,117.88999938964844,95.23379516601562,445.73699951171875,66.51200103759766,0.22499999403953552
2016-04-23,,,,,450.2820129394531,,
2016-04-24,,,,,458.55499267578125,,
2016-04-25,7855.0498046875,3929.8798828125,118.2300033569336,94.84062957763672,461.4259948730469,66.65299987792969,0.23800000548362732
2016-04-26,7962.64990234375,3937.22998046875,118.69999694824219,94.41027069091797,466.0889892578125,66.70500183105469,0.24500000476837158
2016-04-27,7979.89990234375,3944.02001953125,119.04000091552734,95.35249328613281,444.68701171875,66.45700073242188,0.24500000476837158
2016-04-28,7847.25,3907.8798828125,121.29000091552734,95.7457504272461,449.010986328125,66.3550033569336,0.20999999344348907
2016-04-29,7849.7998046875,3888.1298828125,123.6500015258789,95.99057006835938,455.09698486328125,66.43800354003906,0.19300000369548798
2016-04-30,,,,,448.3179931640625,,
2016-05-01,,,,,451.875,,
2016-05-02,7805.89990234375,3918.530029296875,123.23999786376953,95.02412414550781,444.66900634765625,66.41799926757812,0.1850000023841858
2016-05-03,7747.0,3884.6298828125,122.95999908447266,96.2210693359375,450.3039855957031,66.37100219726562,0.2029999941587448
2016-05-04,7706.5498046875,3862.39990234375,122.20999908447266,96.74883270263672,446.72198486328125,66.59200286865234,0.1979999989271164
2016-05-05,7735.5,3862.39990234375,122.06999969482422,97.39566040039062,447.97601318359375,66.62000274658203,0.18299999833106995
2016-05-06,7733.4501953125,3875.179931640625,123.18000030517578,96.97933197021484,459.6029968261719,66.60199737548828,0.18000000715255737
2016-05-07,,,,,458.5360107421875,,
2016-05-08,,,,,458.5480041503906,,
2016-05-09,7866.0498046875,3878.139892578125,120.6500015258789,97.2841796875,460.4830017089844,66.59400177001953,0.2029999941587448
2016-05-10,7887.7998046875,3926.6298828125,120.9800033569336,97.29154968261719,450.8949890136719,66.72100067138672,0.24300000071525574
2016-05-11,7848.85009765625,3891.1298828125,122.12000274658203,97.84174346923828,452.7279968261719,66.66600036621094,0.24799999594688416
2016-05-12,7900.39990234375,3890.85009765625,121.16000366210938,97.39566040039062,454.7659912109375,66.59100341796875,0.257999986410141
2016-05-13,7814.89990234375,3858.169921875,121.70999908447266,98.33982849121094,455.6700134277344,66.7509994506836,0.257999986410141
2016-05-14,,,,,455.6709899902344,,
2016-05-15,,,,,457.5679931640625,,
2016-05-16,7860.75,3896.360107421875,121.80000305175781,97.4922866821289,454.1629943847656,66.9000015258789,0.257999986410141
2016-05-17,7890.75,3860.8798828125,122.22000122070312,97.6558609008789,453.7829895019531,66.875,0.2680000066757202
2016-05-18,7870.14990234375,3862.25,120.0999984741211,96.26567077636719,454.6189880371094,66.86799621582031,0.27000001072883606
2016-05-19,7783.39990234375,3847.969970703125,119.87000274658203,96.68194580078125,438.7149963378906,67.16000366210938,0.28999999165534973
2016-05-20,7749.7001953125,3871.75,119.70999908447266,96.75630950927734,442.6759948730469,67.47699737548828,0.2980000078678131
2016-05-21,,,,,443.18798828125,,
2016-05-22,,,,,439.322998046875,,
2016-05-23,7731.0498046875,3863.820068359375,119.37000274658203,96.97187805175781,444.1549987792969,67.4229965209961,0.31299999356269836
2016-05-24,7748.85009765625,3916.77001953125,117.30000305175781,96.5407485961914,445.9809875488281,67.447998046875,0.34299999475479126
2016-05-25,7934.89990234375,3944.330078125,116.9800033569336,96.17644500732422,449.5989990234375,67.6510009765625,0.3149999976158142
2016-05-26,8069.64990234375,3944.050048828125,116.58000183105469,96.67454528808594,453.3840026855469,67.30400085449219,0.2750000059604645
2016-05-27,8156.64990234375,3961.669921875,115.62000274658203,96.53328704833984,473.4639892578125,66.9540023803711,0.2980000078678131
2016-05-28,,,,,530.0399780273438,,
2016-05-29,,,,,526.2329711914062,,
2016-05-30,8178.5,,,,533.864013671875,67.02400207519531,
2016-05-31,8160.10009765625,3957.949951171875,116.05999755859375,96.76374816894531,531.385986328125,67.13300323486328,0.28299999237060547
2016-06-01,8179.9501953125,3963.10009765625,115.94000244140625,97.15629577636719,536.9199829101562,67.23100280761719,0.29499998688697815
2016-06-02,8218.9501953125,3974.760009765625,115.66999816894531,97.85660552978516,537.9719848632812,67.4260025024414,0.27000001072883606
2016-06-03,8220.7998046875,3963.22998046875,118.87999725341797,99.2496337890625,569.1939697265625,67.29199981689453,0.27000001072883606
2016-06-04,,,,,572.7269897460938,,
2016-06-05,,,,,574.9769897460938,,
2016-06-06,8201.0498046875,3982.739990234375,118.91999816894531,98.51214599609375,585.5369873046875,66.99199676513672,0.25
2016-06-07,8266.4501953125,3987.9599609375,118.81999969482422,98.75055694580078,576.5969848632812,66.8010025024414,0.26499998569488525
2016-06-08,8273.0498046875,4001.97998046875,120.58000183105469,99.27941131591797,581.64501953125,66.76300048828125,0.23499999940395355
2016-06-09,8203.599609375,3995.280029296875,121.25,99.92002868652344,574.6300048828125,66.51000213623047,0.23999999463558197
2016-06-10,8170.0498046875,3958.679931640625,121.73999786376953,100.40434265136719,577.469970703125,66.74099731445312,0.23999999463558197
2016-06-11,,,,,606.7269897460938,,
2016-06-12,,,,,672.7839965820312,,
2016-06-13,8110.60009765625,3927.72998046875,122.63999938964844,100.85126495361328,704.3759765625,66.94499969482422,0.24500000476837158
2016-06-14,8108.85009765625,3920.929931640625,122.7699966430664,100.77674102783203,685.5590209960938,67.15399932861328,0.2630000114440918
2016-06-15,8206.599609375,3914.02001953125,123.68000030517578,101.16412353515625,694.468994140625,67.2979965209961,0.2549999952316284
2016-06-16,8140.75,3926.929931640625,122.37999725341797,101.65585327148438,766.3079833984375,67.072998046875,0.24500000476837158
2016-06-17,8170.2001953125,3914.14990234375,123.94999694824219,101.02263641357422,748.9089965820312,67.30699920654297,0.24799999594688416
2016-06-18,,,,,756.2269897460938,,
2016-06-19,,,,,763.781005859375,,
2016-06-20,8238.5,3936.909912109375,123.20999908447266,99.94239044189453,737.2260131835938,67.06600189208984,0.24799999594688416
2016-06-21,8219.900390625,3947.93994140625,120.83999633789062,99.48055267333984,666.6519775390625,67.12999725341797,0.26499998569488525
2016-06-22,8203.7001953125,3941.449951171875,120.9000015258789,99.6444320678711,596.1160278320312,67.60600280761719,0.2680000066757202
2016-06-23,8270.4501953125,3994.179931640625,120.11000061035156,98.50468444824219,623.9769897460938,67.4219970703125,0.2750000059604645
2016-06-24,8088.60009765625,3850.699951171875,126.0,101.14922332763672,665.2990112304688,67.24199676513672,0.23800000548362732
2016-06-25,,,,,665.1229858398438,,
2016-06-26,,,,,629.3670043945312,,
2016-06-27,8094.7001953125,3781.02001953125,126.68000030517578,103.67463684082031,655.2750244140625,67.87699890136719,0.23499999940395355
2016-06-28,8127.85009765625,3849.050048828125,125.31999969482422,103.89069366455078,647.0009765625,67.9209976196289,0.25999999046325684
2016-06-29,8204.0,3915.10009765625,125.83999633789062,103.09358215332031,639.8900146484375,67.70500183105469,0.2549999952316284
2016-06-30,8287.75,3968.2099609375,126.47000122070312,103.47342681884766,673.3369750976562,67.41600036621094,0.24799999594688416
2016-07-01,8328.349609375,3976.679931640625,128.41000366210938,104.91021728515625,676.2960205078125,67.5009994506836,0.24300000071525574
2016-07-02,,,,,703.7020263671875,,
2016-07-03,,,,,658.6640014648438,,
2016-07-04,8370.7001953125,,,,683.6619873046875,67.18199920654297,
2016-07-05,8335.9501953125,3949.719970703125,129.47000122070312,106.22370910644531,670.6270141601562,67.23699951171875,0.23800000548362732
2016-07-06,,3972.260009765625,130.22999572753906,106.3953628540039,677.3309936523438,67.4260025024414,0.2630000114440918
2016-07-07,8337.900390625,3969.18994140625,129.74000549316406,106.38788604736328,640.56201171875,67.4010009765625,0.27000001072883606
2016-07-08,8323.2001953125,4029.75,130.52000427246094,107.17153930664062,666.5230102539062,67.49700164794922,0.27300000190734863
2016-07-09,,,,,650.9600219726562,,
2016-07-10,,,,,649.3599853515625,,
2016-07-11,8467.900390625,4043.489990234375,129.2899932861328,106.23123168945312,647.6589965820312,67.13200378417969,0.2750000059604645
2016-07-12,8521.0498046875,4071.85009765625,127.1500015258789,104.48474884033203,664.551025390625,67.1449966430664,0.29499998688697815
2016-07-13,8519.5,4072.77001953125,128.32000732421875,105.71620178222656,654.468017578125,66.87000274658203,0.2980000078678131
2016-07-14,8565.0,4094.280029296875,127.33000183105469,104.17879486083984,658.0780029296875,67.00599670410156,0.30300000309944153
2016-07-15,8541.400390625,4090.489990234375,126.83999633789062,103.28319549560547,663.2550048828125,66.83799743652344,0.2980000078678131
2016-07-16,,,,,660.7670288085938,,
2016-07-17,,,,,679.458984375,,
2016-07-18,8508.7001953125,4100.39990234375,127.04000091552734,103.18616485595703,673.1060180664062,67.13300323486328,0.2879999876022339
2016-07-19,8528.5498046875,4094.610107421875,127.20999908447266,103.76829528808594,672.864013671875,67.13899993896484,0.3100000023841858
2016-07-20,8565.849609375,4112.60986328125,125.38999938964844,103.20108795166016,665.6849975585938,67.20600128173828,0.3149999976158142
2016-07-21,8510.099609375,4097.81982421875,127.30000305175781,103.4100570678711,665.0120239257812,67.16400146484375,0.30300000309944153
2016-07-22,8541.2001953125,4116.5,126.3499984741211,103.58921813964844,650.6190185546875,67.15399932861328,0.30300000309944153
2016-07-23,,,,,655.5560302734375,,
2016-07-24,,,,,661.2849731445312,,
2016-07-25,8635.650390625,4104.1298828125,125.47000122070312,103.51453399658203,654.0969848632812,67.14600372314453,0.2980000078678131
2016-07-26,8590.650390625,4105.56982421875,126.0,103.67876434326172,651.7839965820312,67.40499877929688,0.30799999833106995
2016-07-27,8615.7998046875,4100.81005859375,128.02999877929688,104.9698486328125,654.3519897460938,67.28399658203125,0.28299999237060547
2016-07-28,8666.2998046875,4107.75,127.66000366210938,104.77579498291016,655.0349731445312,67.06300354003906,0.2199999988079071
2016-07-29,8638.5,4114.509765625,128.97999572753906,105.64904022216797,656.9920043945312,67.00700378417969,0.23999999463558197
2016-07-30,,,,,655.0469970703125,,
2016-07-31,,,,,624.6810302734375,,
2016-08-01,8636.5498046875,4109.27978515625,129.22000122070312,104.50357055664062,606.27197265625,66.64800262451172,0.23800000548362732
2016-08-02,8622.900390625,4083.25,130.27000427246094,103.42692565917969,547.4650268554688,66.7509994506836,0.2800000011920929
2016-08-03,8544.849609375,4097.2998046875,129.64999389648438,103.48674774169922,566.35498046875,66.6760025024414,0.2680000066757202
2016-08-04,8551.099609375,4099.2099609375,129.8699951171875,104.26428985595703,578.2890014648438,66.76000213623047,0.24799999594688416
2016-08-05,8683.150390625,4134.56005859375,127.55000305175781,103.18021392822266,575.0430297851562,66.84100341796875,0.25
2016-08-06,,,,,587.7780151367188,,
2016-08-07,,,,,592.6900024414062,,
2016-08-08,8711.349609375,4131.18994140625,127.44000244140625,103.37457275390625,591.0540161132812,66.83499908447266,0.25
2016-08-09,8678.25,4132.9599609375,127.95999908447266,104.39137268066406,587.801025390625,66.79399871826172,0.2930000126361847
2016-08-10,8575.2998046875,4122.64990234375,128.55999755859375,104.7951889038086,592.10302734375,66.78299713134766,0.27300000190734863
2016-08-11,8592.150390625,4142.72021484375,127.66999816894531,103.86058044433594,589.1199951171875,66.75800323486328,0.2750000059604645
2016-08-12,,4139.6298828125,127.4000015258789,104.7353286743164,587.5590209960938,66.73999786376953,0.2630000114440918
2016-08-13,,,,,585.5880126953125,,
2016-08-14,,,,,570.4730224609375,,
2016-08-15,,4151.68994140625,127.83999633789062,103.7483901977539,567.239990234375,66.89959716796875,0.2750000059604645
2016-08-16,8642.5498046875,4129.68017578125,128.47000122070312,103.47174835205078,577.4390258789062,66.86489868164062,0.2879999876022339
2016-08-17,8624.0498046875,4138.419921875,128.5,104.09235382080078,573.2160034179688,66.85769653320312,0.2879999876022339
2016-08-18,8673.25,4147.64013671875,129.11000061035156,104.25684356689453,574.3179931640625,66.90550231933594,0.2849999964237213
2016-08-19,8666.900390625,4142.22998046875,127.97000122070312,103.71105194091797,575.6300048828125,66.81999969482422,0.2930000126361847
2016-08-20,,,,,581.697021484375,,
2016-08-21,,,,,581.3079833984375,,
2016-08-22,8629.150390625,4139.97021484375,127.77999877929688,104.58580017089844,586.7529907226562,67.12750244140625,0.2800000011920929
2016-08-23,8632.599609375,4148.16015625,127.76000213623047,104.6979751586914,583.4149780273438,67.1874008178711,0.3050000071525574
2016-08-24,8650.2998046875,4126.64990234375,126.33999633789062,104.45121002197266,580.1820068359375,67.12999725341797,0.3050000071525574
2016-08-25,8592.2001953125,4121.08984375,126.2300033569336,104.05500030517578,577.760986328125,67.16000366210938,0.3050000071525574
2016-08-26,8572.5498046875,4114.68017578125,126.05000305175781,103.44934844970703,579.6510009765625,67.00559997558594,0.3050000071525574
2016-08-27,,,,,569.947021484375,,
2016-08-28,,,,,573.9119873046875,,
2016-08-29,8607.4501953125,4136.75,126.30000305175781,104.83256530761719,574.1069946289062,67.12899780273438,0.3050000071525574
2016-08-30,8744.349609375,4129.33984375,125.02999877929688,104.42881774902344,577.5029907226562,67.08999633789062,0.32499998807907104
2016-08-31,8786.2001953125,4120.2900390625,124.77999877929688,104.57837677001953,575.4719848632812,67.12660217285156,0.3199999928474426
2016-09-01,8774.650390625,4120.169921875,125.29000091552734,104.69369506835938,572.302978515625,66.97470092773438,0.3149999976158142
2016-09-02,8809.650390625,4137.7001953125,126.56999969482422,103.83976745605469,575.5369873046875,66.79299926757812,0.30300000309944153
2016-09-03,,,,,598.2119750976562,,
2016-09-04,,,,,608.6339721679688,,
2016-09-05,,,,,606.5900268554688,66.57279968261719,
2016-09-06,8943.0,4150.10986328125,128.7100067138672,104.59634399414062,610.4359741210938,66.45999908447266,0.30300000309944153
2016-09-07,8917.9501953125,4150.509765625,128.27000427246094,104.52136993408203,614.5440063476562,66.25520324707031,0.33000001311302185
2016-09-08,8952.5,4141.4599609375,127.58999633789062,103.2105712890625,626.3159790039062,66.47160339355469,0.3330000042915344
2016-09-09,8866.7001953125,4039.949951171875,126.75,101.51025390625,622.8610229492188,66.44999694824219,0.3330000042915344
2016-09-10,,,,,623.5089721679688,,
2016-09-11,,,,,606.718994140625,,
2016-09-12,8715.599609375,4099.47021484375,126.58999633789062,101.56265258789062,608.2429809570312,66.77799987792969,0.3499999940395355
2016-09-13,,4039.919921875,125.75,100.40919494628906,609.2410278320312,66.7229995727539,0.3449999988079071
2016-09-14,8726.599609375,4037.830078125,126.18000030517578,100.55896759033203,610.6840209960938,66.99500274658203,0.3149999976158142
2016-09-15,8742.5498046875,4079.320068359375,125.37000274658203,100.1245346069336,607.155029296875,66.75810241699219,0.27799999713897705
2016-09-16,8779.849609375,4063.969970703125,125.05999755859375,100.93353271484375,606.9730224609375,66.85030364990234,0.27300000190734863
2016-09-17,,,,,605.9840087890625,,
2016-09-18,,,,,609.8740234375,,
2016-09-19,8808.400390625,4063.93994140625,125.31999969482422,100.60391235351562,609.2269897460938,67.06529998779297,0.23800000548362732
2016-09-20,8775.900390625,4065.199951171875,125.44000244140625,100.95597076416016,608.31201171875,66.9552001953125,0.2879999876022339
2016-09-21,8777.150390625,4109.6298828125,127.2699966430664,101.77242279052734,597.1489868164062,66.9749984741211,0.22300000488758087
2016-09-22,8867.4501953125,4136.41015625,127.56999969482422,102.5813980102539,596.2979736328125,66.76119995117188,0.1599999964237213
2016-09-23,8831.5498046875,4112.68994140625,127.6500015258789,102.48401641845703,602.8419799804688,66.62259674072266,0.16500000655651093
2016-09-24,,,,,602.625,,
2016-09-25,,,,,600.8259887695312,,
2016-09-26,8723.0498046875,4077.7099609375,127.55000305175781,103.13567352294922,608.0430297851562,66.69650268554688,0.17299999296665192
2016-09-27,8706.400390625,4104.18017578125,126.62000274658203,103.89219665527344,606.166015625,66.60649871826172,0.2549999952316284
2016-09-28,8745.150390625,4126.830078125,126.22000122070312,103.66749572753906,604.72802734375,66.44129943847656,0.2630000114440918
2016-09-29,8591.25,4088.469970703125,126.06999969482422,103.92961883544922,605.6929931640625,66.33280181884766,0.23499999940395355
2016-09-30,8611.150390625,4121.06005859375,125.63999938964844,103.00083923339844,609.7349853515625,66.81629943847656,0.25999999046325684
2016-10-01,,,,,613.9829711914062,,
2016-10-02,,,,,610.8920288085938,,
2016-10-03,8738.099609375,4108.1298828125,125.31999969482422,102.66093444824219,612.1329956054688,66.54650115966797,0.2879999876022339
2016-10-04,8769.150390625,4088.169921875,120.97000122070312,101.46031951904297,610.2039794921875,66.38030242919922,0.3149999976158142
2016-10-05,8743.9501953125,4107.39990234375,120.77999877929688,100.98759460449219,612.510986328125,66.5780029296875,0.31299999356269836
2016-10-06,8709.5498046875,4109.490234375,119.66000366210938,100.42476654052734,613.02099609375,66.56320190429688,0.3100000023841858
2016-10-07,8697.599609375,4096.25,119.73999786376953,100.49232482910156,617.1209716796875,66.68710327148438,0.3100000023841858
2016-10-08,,,,,619.1079711914062,,
2016-10-09,,,,,616.7520141601562,,
2016-10-10,8708.7998046875,4115.1201171875,120.16000366210938,99.89947509765625,618.9940185546875,66.59120178222656,0.30799999833106995
2016-10-11,,4063.919921875,119.55000305175781,99.67440795898438,641.072021484375,66.48509979248047,0.3199999928474426
2016-10-12,,4068.919921875,119.73999786376953,99.77189636230469,636.1920166015625,66.79850006103516,0.3400000035762787
2016-10-13,8573.349609375,4056.449951171875,120.02999877929688,100.14714050292969,636.7860107421875,66.81809997558594,0.2750000059604645
2016-10-14,8583.400390625,4057.280029296875,119.36000061035156,98.7439193725586,640.3779907226562,66.78399658203125,0.28999999165534973
2016-10-15,,,,,638.64599609375,,
2016-10-16,,,,,641.6309814453125,,
2016-10-17,8520.400390625,4045.070068359375,119.68000030517578,99.37422943115234,639.1929931640625,66.7052993774414,0.29499998688697815
2016-10-18,8677.900390625,4069.989990234375,120.41999816894531,99.6968994140625,637.9600219726562,66.78359985351562,0.3330000042915344
2016-10-19,8659.099609375,4079.5,121.11000061035156,99.7794189453125,630.52001953125,66.73799896240234,0.3230000138282776
2016-10-20,8699.400390625,4074.179931640625,120.73999786376953,99.88446807861328,630.8569946289062,66.63639831542969,0.3199999928474426
2016-10-21,8693.0498046875,4073.85009765625,120.83000183105469,100.03456115722656,632.8280029296875,66.84130096435547,0.3149999976158142
2016-10-22,,,,,657.2940063476562,,
2016-10-23,,,,,657.0709838867188,,
2016-10-24,8708.9501953125,4093.219970703125,120.55999755859375,99.59932708740234,653.760986328125,66.91120147705078,0.31299999356269836
2016-10-25,8691.2998046875,4077.800048828125,121.47000122070312,99.86199188232422,657.5880126953125,66.83399963378906,0.32499998807907104
2016-10-26,8615.25,4070.760009765625,120.79000091552734,99.1866226196289,678.3040161132812,66.78130340576172,0.31299999356269836
2016-10-27,8615.25,4058.75,121.01000213623047,98.1060562133789,688.31298828125,66.86399841308594,0.2750000059604645
2016-10-28,8638.0,4046.360107421875,121.58000183105469,97.88848876953125,689.6510009765625,66.90299987792969,0.27300000190734863
2016-10-29,,,,,714.47900390625,,
2016-10-30,,,,,701.864013671875,,
2016-10-31,,4045.889892578125,121.94000244140625,98.48875427246094,700.9719848632812,66.78140258789062,0.29499998688697815
2016-11-01,8626.25,4018.469970703125,122.7300033569336,98.49625396728516,729.7930297851562,66.66549682617188,0.3449999988079071
2016-11-02,8514.0,3992.760009765625,123.63999938964844,98.92478942871094,740.8289794921875,66.67849731445312,0.3449999988079071
2016-11-03,8484.9501953125,3976.56005859375,124.30000305175781,98.1655044555664,688.7000122070312,66.77749633789062,0.3580000102519989
2016-11-04,8433.75,3970.02001953125,124.38999938964844,99.04507446289062,703.2349853515625,66.68450164794922,0.3580000102519989
2016-11-05,,,,,703.4180297851562,,
2016-11-06,,,,,711.52197265625,,
2016-11-07,8497.0498046875,4058.300048828125,122.1500015258789,98.20307159423828,703.1309814453125,66.7853012084961,0.38999998569488525
2016-11-08,8543.5498046875,4075.610107421875,121.63999938964844,97.8045883178711,709.8480224609375,66.73500061035156,0.41999998688697815
2016-11-09,8432.0,4121.02978515625,121.55999755859375,93.65453338623047,723.2730102539062,66.22949981689453,0.4180000126361847
2016-11-10,8525.75,4129.4599609375,119.75,92.27120971679688,715.5339965820312,66.50749969482422,0.4580000042915344
2016-11-11,8296.2998046875,4123.68994140625,117.0999984741211,91.75244140625,716.4110107421875,67.2145004272461,
2016-11-12,,,,,705.0540161132812,,
2016-11-13,,,,,702.031005859375,,
2016-11-14,,4123.81005859375,116.11000061035156,91.2035903930664,705.02099609375,67.54679870605469,0.503000020980835
2016-11-15,8108.4501953125,4155.6201171875,117.12000274658203,91.65467071533203,711.6190185546875,67.77549743652344,0.4880000054836273
2016-11-16,8111.60009765625,4150.2099609375,116.7699966430664,92.48170471191406,744.197998046875,67.74800109863281,0.453000009059906
2016-11-17,8079.9501953125,4169.8701171875,116.16999816894531,91.12091064453125,740.9769897460938,67.98149871826172,0.41999998688697815
2016-11-18,8074.10009765625,4160.580078125,115.1500015258789,90.8577651977539,751.5850219726562,67.97480010986328,0.4180000126361847
2016-11-19,,,,,751.6160278320312,,
2016-11-20,,,,,731.0260009765625,,
2016-11-21,7929.10009765625,4191.68017578125,115.58000183105469,91.0832748413086,739.2479858398438,68.16999816894531,0.41999998688697815
2016-11-22,8002.2998046875,4200.9501953125,115.54000091552734,91.05323791503906,751.3469848632812,68.21549987792969,0.4749999940395355
2016-11-23,8033.2998046875,4204.490234375,113.25,90.69987487792969,744.593994140625,68.385498046875,0.48500001430511475
2016-11-24,7965.5,,,,740.2890014648438,68.79850006103516,
2016-11-25,8114.2998046875,4221.02001953125,112.61000061035156,90.83523559570312,741.6489868164062,68.74549865722656,0.47999998927116394
2016-11-26,,,,,735.3820190429688,,
2016-11-27,,,,,732.0349731445312,,
2016-11-28,8126.89990234375,4199.39013671875,113.80000305175781,91.50434112548828,735.81298828125,68.50849914550781,0.44999998807907104
2016-11-29,8142.14990234375,4205.990234375,113.2699966430664,91.88778686523438,735.60400390625,68.55549621582031,0.46799999475479126
2016-11-30,8224.5,4195.72998046875,111.75,90.39913940429688,745.6909790039062,68.60800170898438,0.46799999475479126
2016-12-01,8192.900390625,4181.14990234375,111.54000091552734,89.44465637207031,756.7739868164062,68.58799743652344,0.4580000042915344
2016-12-02,8086.7998046875,4182.81005859375,112.13999938964844,90.10010528564453,777.9439697265625,68.21649932861328,0.45500001311302185
2016-12-03,,,,,771.155029296875,,
2016-12-04,,,,,773.8720092773438,,
2016-12-05,8128.75,4207.56982421875,111.54000091552734,90.00216674804688,758.7000122070312,68.0114974975586,0.453000009059906
2016-12-06,8143.14990234375,4222.0400390625,111.43000030517578,89.93435668945312,764.2239990234375,68.01249694824219,0.48500001430511475
2016-12-07,8102.0498046875,4278.43994140625,111.83000183105469,90.70277404785156,768.1320190429688,67.72200012207031,0.4880000054836273
2016-12-08,8246.849609375,4288.10009765625,111.56999969482422,89.63301086425781,770.8099975585938,67.43150329589844,0.49000000953674316
2016-12-09,8261.75,4313.60986328125,110.4000015258789,88.51806640625,772.7940063476562,67.40599822998047,0.5199999809265137
2016-12-10,,,,,774.6500244140625,,
2016-12-11,,,,,769.7310180664062,,
2016-12-12,8170.7998046875,4308.93994140625,110.81999969482422,88.68377685546875,780.0869750976562,67.46050262451172,0.5
2016-12-13,8221.7998046875,4337.85986328125,110.44999694824219,89.00017547607422,780.5560302734375,67.41799926757812,0.5230000019073486
2016-12-14,8182.4501953125,4302.93017578125,108.83000183105469,88.00579071044922,781.4810180664062,67.3864974975586,0.5230000019073486
2016-12-15,8153.60009765625,4319.83984375,107.33999633789062,88.45024108886719,778.0880126953125,67.81999969482422,0.4880000054836273
2016-12-16,8139.4501953125,4312.39990234375,108.05000305175781,88.2468032836914,784.906982421875,67.84500122070312,0.48500001430511475
2016-12-17,,,,,790.8289794921875,,
2016-12-18,,,,,790.530029296875,,
2016-12-19,8104.35009765625,4321.02001953125,108.58999633789062,89.19605255126953,792.7139892578125,67.83499908447266,0.4779999852180481
2016-12-20,8082.39990234375,4337.35986328125,107.79000091552734,88.75157928466797,800.8759765625,67.84020233154297,0.5130000114440918
2016-12-21,8061.2998046875,4326.85009765625,107.8499984741211,89.14337921142578,834.281005859375,67.89700317382812,0.503000020980835
2016-12-22,7979.10009765625,4319.330078125,107.58999633789062,88.98394775390625,864.5399780273438,67.82550048828125,0.49300000071525574
2016-12-23,7985.75,4325.169921875,107.93000030517578,89.16520690917969,921.9840087890625,67.83799743652344,0.5
2016-12-24,,,,,898.822021484375,,
2016-12-25,,,,,896.1829833984375,,
2016-12-26,7908.25,,,,907.6099853515625,67.83080291748047,
2016-12-27,8032.85009765625,4334.93017578125,108.55999755859375,88.87822723388672,933.197998046875,67.77200317382812,0.4950000047683716
2016-12-28,8034.85009765625,4299.4501953125,108.86000061035156,89.52779388427734,975.9210205078125,67.96800231933594,0.4950000047683716
2016-12-29,8103.60009765625,4298.39013671875,110.29000091552734,89.8449935913086,973.4970092773438,68.20500183105469,0.4399999976158142
2016-12-30,8185.7998046875,4278.66015625,109.61000061035156,89.98096466064453,961.2379760742188,67.93299865722656,0.47999998927116394
2016-12-31,,,,,963.7429809570312,,
2017-01-01,,,,,998.3250122070312,,
2017-01-02,8179.5,,,,1021.75,67.9448013305664,
2017-01-03,8192.25,4315.080078125,110.47000122070312,90.3661880493164,1043.8399658203125,68.13390350341797,0.4749999940395355
2017-01-04,8190.5,4340.75,110.86000061035156,90.7136459350586,1154.72998046875,68.2697982788086,0.5180000066757202
2017-01-05,8273.7998046875,4337.4501953125,112.58000183105469,92.13363647460938,1013.3800048828125,67.885498046875,0.5080000162124634
2017-01-06,8243.7998046875,4354.0498046875,111.75,91.2876205444336,902.2009887695312,67.73300170898438,0.503000020980835
2017-01-07,,,,,908.5850219726562,,
2017-01-08,,,,,911.198974609375,,
2017-01-09,8236.0498046875,4338.6201171875,112.66999816894531,92.0203628540039,902.8280029296875,68.1426010131836,0.48500001430511475
2017-01-10,8288.599609375,4338.64013671875,113.1500015258789,91.95988464355469,907.6790161132812,68.09700012207031,0.503000020980835
2017-01-11,8380.650390625,4351.31982421875,113.5,92.26960754394531,777.7570190429688,68.31800079345703,0.49799999594688416
2017-01-12,8407.2001953125,4342.08984375,113.91000366210938,92.06564331054688,804.833984375,68.13999938964844,0.503000020980835
2017-01-13,8400.349609375,4350.10986328125,114.20999908447266,91.62753295898438,823.9840087890625,68.12950134277344,0.5130000114440918
2017-01-14,,,,,818.4119873046875,,
2017-01-15,,,,,821.7979736328125,,
2017-01-16,8412.7998046875,,,,831.5339965820312,68.15779876708984,
2017-01-17,8398.0,4337.2001953125,115.8499984741211,92.5868148803711,907.93798828125,68.09459686279297,0.5130000114440918
2017-01-18,8417.0,4345.56982421875,114.87000274658203,91.4009780883789,886.6179809570312,67.89949798583984,0.5149999856948853
2017-01-19,8435.099609375,4329.9599609375,114.7699966430664,90.7740707397461,899.072998046875,68.197998046875,0.503000020980835
2017-01-20,8349.349609375,4344.669921875,115.05000305175781,90.59278106689453,895.0260009765625,68.09030151367188,0.47999998927116394
2017-01-21,,,,,921.7890014648438,,
2017-01-22,,,,,924.6729736328125,,
2017-01-23,8391.5,4333.10009765625,115.79000091552734,91.49919128417969,921.0120239257812,68.07720184326172,0.4729999899864197
2017-01-24,8475.7998046875,4361.56005859375,115.2699966430664,90.87224578857422,892.68701171875,68.05139923095703,0.49300000071525574
2017-01-25,8602.75,4396.56982421875,114.31999969482422,89.73174285888672,901.5419921875,68.16449737548828,0.4830000102519989
2017-01-26,,4393.43017578125,113.26000213623047,90.03384399414062,917.5859985351562,67.9729995727539,0.4880000054836273
2017-01-27,8641.25,4389.85009765625,113.48999786376953,90.35862731933594,919.75,68.14900207519531,0.49799999594688416
2017-01-28,,,,,921.5900268554688,,
2017-01-29,,,,,919.4959716796875,,
2017-01-30,8632.75,4363.669921875,113.97000122070312,90.08672332763672,920.3820190429688,68.11000061035156,0.4950000047683716
2017-01-31,8561.2998046875,4359.81005859375,115.55000305175781,90.7136459350586,970.4030151367188,67.82099914550781,0.5
2017-02-01,8716.400390625,4362.10009765625,115.19999694824219,90.1527099609375,989.0230102539062,67.50160217285156,0.5
2017-02-02,8734.25,4364.85009765625,115.83999633789062,90.11488342285156,1011.7999877929688,67.39540100097656,0.4880000054836273
2017-02-03,8740.9501953125,4396.9501953125,116.12999725341797,90.07703399658203,1029.9100341796875,67.2656021118164,0.4880000054836273
2017-02-04,,,,,1042.9000244140625,,
2017-02-05,,,,,1027.3399658203125,,
2017-02-06,8801.0498046875,4387.669921875,117.69999694824219,90.6220474243164,1038.1500244140625,67.15730285644531,0.503000020980835
2017-02-07,8768.2998046875,4388.8701171875,117.45999908447266,91.28816223144531,1061.3499755859375,67.19529724121094,0.5249999761581421
2017-02-08,8769.0498046875,4393.31005859375,118.19000244140625,92.52952575683594,1063.0699462890625,67.34049987792969,0.5249999761581421
2017-02-09,8778.400390625,4419.39990234375,117.29000091552734,91.46228790283203,994.3829956054688,66.96430206298828,0.527999997138977
2017-02-10,8793.5498046875,4435.419921875,117.5999984741211,91.4092788696289,988.6740112304688,66.74530029296875,0.5230000019073486
2017-02-11,,,,,1004.4500122070312,,
2017-02-12,,,,,999.1810302734375,,
2017-02-13,8805.0498046875,4459.830078125,116.80000305175781,91.12167358398438,990.6420288085938,66.84369659423828,0.5230000019073486
2017-02-14,8792.2998046875,4478.97998046875,116.93000030517578,90.46307373046875,1004.5499877929688,66.91539764404297,0.5350000262260437
2017-02-15,8724.7001953125,4501.990234375,117.44999694824219,90.0467300415039,1007.47998046875,66.7759017944336,0.5199999809265137
2017-02-16,8778.0,4498.56005859375,118.08000183105469,90.53875732421875,1027.43994140625,66.8655014038086,0.5080000162124634
2017-02-17,8821.7001953125,4506.2001953125,117.68000030517578,91.076171875,1046.2099609375,67.16480255126953,0.5080000162124634
2017-02-18,,,,,1054.4200439453125,,
2017-02-19,,,,,1047.8699951171875,,
2017-02-20,8879.2001953125,,,,1079.97998046875,67.06520080566406,
2017-02-21,8907.849609375,4533.4599609375,117.75,90.91725158691406,1115.300048828125,66.96499633789062,0.5049999952316284
2017-02-22,8926.900390625,4528.97021484375,117.91000366210938,91.06866455078125,1117.43994140625,66.96510314941406,0.5099999904632568
2017-02-23,8939.5,4531.39013671875,118.94000244140625,91.34115600585938,1166.719970703125,66.91429901123047,0.49799999594688416
2017-02-24,,4539.25,119.69999694824219,92.3554458618164,1173.6800537109375,66.68280029296875,0.49799999594688416
2017-02-25,,,,,1143.8399658203125,,
2017-02-26,,,,,1165.199951171875,,
2017-02-27,8896.7001953125,4544.509765625,119.12000274658203,91.81048583984375,1179.969970703125,66.63500213623047,0.49000000953674316
2017-02-28,8879.599609375,4532.93017578125,119.2300033569336,92.15107727050781,1179.969970703125,66.69319915771484,0.5230000019073486
2017-03-01,8945.7998046875,4595.72998046875,119.05999755859375,90.60696411132812,1222.5,66.7051010131836,0.6150000095367432
2017-03-02,8899.75,4569.169921875,117.58000183105469,90.28083038330078,1251.010009765625,66.85800170898438,0.6449999809265137
2017-03-03,8897.5498046875,4571.60009765625,117.51000213623047,90.51594543457031,1274.989990234375,66.84510040283203,0.6830000281333923
2017-03-04,,,,,1255.1500244140625,,
2017-03-05,,,,,1267.1199951171875,,
2017-03-06,8963.4501953125,4556.72021484375,116.72000122070312,90.08362579345703,1272.8299560546875,66.77300262451172,0.7049999833106995
2017-03-07,8946.900390625,4543.75,115.77999877929688,89.81061553955078,1223.5400390625,66.66470336914062,0.7350000143051147
2017-03-08,8924.2998046875,4534.68017578125,115.05999755859375,89.32524108886719,1150.0,66.61620330810547,0.7080000042915344
2017-03-09,8927.0,4538.35986328125,114.47000122070312,88.61231994628906,1188.489990234375,66.76499938964844,0.7129999995231628
2017-03-10,8934.5498046875,4553.27978515625,114.72000122070312,88.92327117919922,1116.719970703125,66.68049621582031,0.7250000238418579
2017-03-11,,,,,1175.8299560546875,,
2017-03-12,,,,,1221.3800048828125,,
2017-03-13,,4556.43994140625,114.73999786376953,88.36206817626953,1231.9200439453125,66.48500061035156,0.7279999852180481
2017-03-14,9087.0,4541.259765625,114.12000274658203,88.78677368164062,1240.0,66.17009735107422,0.753000020980835
2017-03-15,9084.7998046875,4579.43994140625,116.25,89.87132263183594,1249.6099853515625,65.77510070800781,0.7149999737739563
2017-03-16,9153.7001953125,4572.16015625,116.7300033569336,89.41626739501953,1187.81005859375,65.62049865722656,0.7080000042915344
2017-03-17,9160.0498046875,4566.169921875,116.98999786376953,89.97749328613281,1100.22998046875,65.40450286865234,0.7080000042915344
2017-03-18,,,,,973.8179931640625,,
2017-03-19,,,,,1036.739990234375,,
2017-03-20,9126.849609375,4557.1201171875,117.51000213623047,90.3642349243164,1054.22998046875,65.46810150146484,0.7099999785423279
2017-03-21,9121.5,4500.97998046875,118.54000091552734,91.1150894165039,1120.5400390625,65.33529663085938,0.753000020980835
2017-03-22,9030.4501953125,4509.64990234375,118.83000183105469,91.47914123535156,1049.1400146484375,65.49500274658203,0.7480000257492065
2017-03-23,9086.2998046875,4504.919921875,118.66999816894531,91.3501968383789,1038.5899658203125,65.36499786376953,0.7480000257492065
2017-03-24,9108.0,4501.10986328125,118.86000061035156,91.67630004882812,937.52001953125,65.44439697265625,0.7480000257492065
2017-03-25,,,,,972.7789916992188,,
2017-03-26,,,,,966.7249755859375,,
2017-03-27,9045.2001953125,4496.52978515625,119.52999877929688,92.09345245361328,1045.77001953125,65.39309692382812,0.7580000162124634
2017-03-28,9100.7998046875,4529.169921875,119.04000091552734,91.47914123535156,1047.1500244140625,65.04499816894531,0.7730000019073486
2017-03-29,9143.7998046875,4535.009765625,119.33000183105469,92.0251693725586,1039.969970703125,65.11000061035156,0.7549999952316284
2017-03-30,9173.75,4548.4599609375,118.47000122070312,91.2819595336914,1026.4300537109375,64.77999877929688,0.7580000162124634
2017-03-31,9173.75,4538.2099609375,118.72000122070312,91.54742431640625,1071.7900390625,64.79000091552734,0.7379999756813049
2017-04-01,,,,,1080.5,,
2017-04-02,,,,,1102.1700439453125,,
2017-04-03,9237.849609375,4530.97998046875,119.3499984741211,92.47076416015625,1143.81005859375,64.79669952392578,0.7400000095367432
2017-04-04,,4534.25,119.62000274658203,91.96920013427734,1133.25,64.87750244140625,0.7799999713897705
2017-04-05,9265.150390625,4520.85986328125,119.62000274658203,92.25039672851562,1124.780029296875,65.05000305175781,0.7799999713897705
2017-04-06,9261.9501953125,4530.93017578125,119.18000030517578,92.11358642578125,1182.6800537109375,65.04000091552734,0.7879999876022339
2017-04-07,9198.2998046875,4527.2001953125,119.45999908447266,91.7411880493164,1176.9000244140625,64.58000183105469,0.7979999780654907
2017-04-08,,,,,1175.949951171875,,
2017-04-09,,,,,1187.8699951171875,,
2017-04-10,9181.4501953125,4530.56982421875,119.45999908447266,92.16680145263672,1187.1300048828125,64.26000213623047,0.7879999876022339
2017-04-11,9237.0,4524.7099609375,121.19000244140625,93.0407943725586,1205.010009765625,64.57499694824219,0.800000011920929
2017-04-12,9203.4501953125,4507.759765625,122.0199966430664,93.55001831054688,1200.3699951171875,64.62999725341797,0.7929999828338623
2017-04-13,9150.7998046875,4477.06982421875,122.5999984741211,93.83879089355469,1169.280029296875,64.5,0.7900000214576721
2017-04-14,,,,,1167.5400390625,64.44999694824219,
2017-04-15,,,,,1172.52001953125,,
2017-04-16,,,,,1182.93994140625,,
2017-04-17,9139.2998046875,4515.64990234375,122.23999786376953,93.55001831054688,1193.9100341796875,64.45369720458984,0.7900000214576721
2017-04-18,9105.150390625,4502.66015625,122.81999969482422,94.77367401123047,1211.6700439453125,64.4083023071289,0.8050000071525574
2017-04-19,9103.5,4495.56005859375,121.7300033569336,94.25684356689453,1210.2900390625,64.56999969482422,0.7850000262260437
2017-04-20,9136.400390625,4529.64990234375,121.95999908447266,93.89202117919922,1229.0799560546875,64.64669799804688,0.7699999809265137
2017-04-21,9119.400390625,4515.89990234375,122.30999755859375,93.89202117919922,1222.050048828125,64.66000366210938,0.7630000114440918
2017-04-22,,,,,1231.7099609375,,
2017-04-23,,,,,1207.2099609375,,
2017-04-24,9217.9501953125,4564.93017578125,121.4800033569336,93.42845153808594,1250.1500244140625,64.63999938964844,0.7699999809265137
2017-04-25,9306.599609375,4592.740234375,120.25,92.30359649658203,1265.489990234375,64.38999938964844,0.8080000281333923
2017-04-26,9351.849609375,4590.56005859375,120.83999633789062,92.81281280517578,1281.0799560546875,64.3499984741211,0.8029999732971191
2017-04-27,9342.150390625,4593.56982421875,120.38999938964844,92.78240203857422,1317.72998046875,64.0199966430664,0.7850000262260437
2017-04-28,9304.0498046875,4584.81982421875,120.7699966430664,92.98760223388672,1316.47998046875,64.05999755859375,0.7799999713897705
2017-04-29,,,,,1321.7900390625,,
2017-04-30,,,,,1347.8900146484375,,
2017-05-01,,4592.77978515625,119.66999816894531,92.2145767211914,1421.5999755859375,64.25830078125,0.7850000262260437
2017-05-02,9313.7998046875,4598.240234375,119.6500015258789,92.68675231933594,1452.8199462890625,64.18000030517578,0.8429999947547913
2017-05-03,9311.9501953125,4593.31982421875,117.9800033569336,92.74773406982422,1490.0899658203125,64.06999969482422,0.8479999899864197
2017-05-04,9359.900390625,4596.240234375,116.79000091552734,92.29076385498047,1537.6700439453125,64.20999908447266,0.8550000190734863
2017-05-05,9285.2998046875,4615.08984375,117.01000213623047,92.37454986572266,1555.449951171875,64.16999816894531,0.8679999709129333
2017-05-06,,,,,1578.800048828125,,
2017-05-07,,,,,1596.7099609375,,
2017-05-08,9314.0498046875,4615.72998046875,116.75,91.87189483642578,1723.3499755859375,64.30799865722656,0.8700000047683716
2017-05-09,9316.849609375,4611.2099609375,116.05000305175781,91.8642807006836,1755.3599853515625,64.41179656982422,0.8899999856948853
2017-05-10,9407.2998046875,4618.18994140625,116.04000091552734,91.75762939453125,1787.1300048828125,64.63999938964844,0.875
2017-05-11,9422.400390625,4609.68994140625,116.5,91.75762939453125,1848.5699462890625,64.55000305175781,0.8600000143051147
2017-05-12,9400.900390625,4602.9599609375,116.83000183105469,92.45073699951172,1724.239990234375,64.36000061035156,0.8550000190734863
2017-05-13,,,,,1804.9100341796875,,
2017-05-14,,,,,1808.9100341796875,,
2017-05-15,9445.400390625,4625.509765625,117.13999938964844,92.19938659667969,1738.4300537109375,64.16549682617188,0.8629999756813049
2017-05-16,9512.25,4623.259765625,117.6500015258789,92.5420913696289,1734.449951171875,64.03829956054688,0.8899999856948853
2017-05-17,9525.75,4540.580078125,119.79000091552734,93.89010620117188,1839.0899658203125,63.900001525878906,0.875
2017-05-18,9429.4501953125,4557.41015625,118.80999755859375,93.99676513671875,1888.6500244140625,64.2300033569336,0.8930000066757202
2017-05-19,9427.900390625,4588.35009765625,119.4000015258789,94.2176284790039,1987.7099609375,64.87110137939453,0.8880000114440918
2017-05-20,,,,,2084.72998046875,,
2017-05-21,,,,,2041.199951171875,,
2017-05-22,9438.25,4612.1201171875,119.9000015258789,93.95862579345703,2173.39990234375,64.44850158691406,0.878000020980835
2017-05-23,9386.150390625,4620.7001953125,119.13999938964844,93.32653045654297,2320.419921875,64.50019836425781,0.9129999876022339
2017-05-24,9360.5498046875,4632.3701171875,119.61000061035156,93.85204315185547,2443.639892578125,64.88520050048828,0.9049999713897705
2017-05-25,9509.75,4653.58984375,119.4800033569336,93.88251495361328,2304.97998046875,64.76010131835938,0.9079999923706055
2017-05-26,9595.099609375,4655.64990234375,120.54000091552734,94.04244232177734,2202.419921875,64.54540252685547,0.9100000262260437
2017-05-27,,,,,2038.8699951171875,,
2017-05-28,,,,,2155.800048828125,,
2017-05-29,9604.900390625,,,,2255.610107421875,64.51319885253906,
2017-05-30,9624.5498046875,4650.759765625,120.13999938964844,94.50700378417969,2175.469970703125,64.50859832763672,0.9100000262260437
2017-05-31,9621.25,4649.33984375,120.62000274658203,94.74311828613281,2286.409912109375,64.61859893798828,0.949999988079071
2017-06-01,9616.099609375,4685.10986328125,120.72000122070312,94.75302124023438,2407.8798828125,64.5000991821289,0.9480000138282776
2017-06-02,9653.5,4702.56005859375,121.61000061035156,95.8749771118164,2488.550048828125,64.37229919433594,0.953000009059906
2017-06-03,,,,,2515.35009765625,,
2017-06-04,,,,,2511.81005859375,,
2017-06-05,9675.099609375,4697.0,121.7300033569336,95.27958679199219,2686.81005859375,64.40499877929688,0.9480000138282776
2017-06-06,9637.150390625,4683.9599609375,123.0999984741211,95.79861450195312,2863.199951171875,64.34400177001953,0.9580000042915344
2017-06-07,9663.900390625,4692.2900390625,122.44999694824219,95.34069061279297,2732.159912109375,64.42050170898438,0.9729999899864197
2017-06-08,9647.25,4693.669921875,121.6500015258789,95.08882141113281,2805.6201171875,64.41829681396484,0.9729999899864197
2017-06-09,9668.25,4689.7900390625,120.54000091552734,94.94384002685547,2823.81005859375,64.243896484375,0.9800000190734863
2017-06-10,,,,,2947.7099609375,,
2017-06-11,,,,,2958.110107421875,,
2017-06-12,9616.400390625,4685.5400390625,120.36000061035156,94.91329193115234,2659.6298828125,64.37699890136719,0.9729999899864197
2017-06-13,9606.900390625,4707.8798828125,120.4800033569336,94.92857360839844,2717.02001953125,64.46910095214844,0.9829999804496765
2017-06-14,9618.150390625,4703.52978515625,119.81999969482422,96.39395141601562,2506.3701171875,64.35749816894531,0.9829999804496765
2017-06-15,9578.0498046875,4693.85986328125,119.31999969482422,96.24130249023438,2464.580078125,64.16580200195312,0.9929999709129333
2017-06-16,9588.0498046875,4695.22998046875,119.33999633789062,96.43206024169922,2518.56005859375,64.55999755859375,0.9850000143051147
2017-06-17,,,,,2655.8798828125,,
2017-06-18,,,,,2548.2900390625,,
2017-06-19,9657.5498046875,4734.47998046875,118.43000030517578,96.29473876953125,2589.60009765625,64.3949966430664,0.9850000143051147
2017-06-20,9653.5,4702.81982421875,118.18000030517578,97.15715789794922,2721.7900390625,64.48760223388672,0.9929999709129333
2017-06-21,9633.599609375,4700.5,118.5199966430664,97.3555908203125,2689.10009765625,64.53050231933594,0.9679999947547913
2017-06-22,9630.0,4698.39990234375,118.91999816894531,97.56928253173828,2705.409912109375,64.5416030883789,0.9330000281333923
2017-06-23,9574.9501953125,4705.72998046875,119.43000030517578,97.52349090576172,2744.909912109375,64.59100341796875,0.9330000281333923
2017-06-24,,,,,2608.719970703125,,
2017-06-25,,,,,2589.409912109375,,
2017-06-26,,4707.27001953125,118.36000061035156,97.88982391357422,2478.449951171875,64.49800109863281,0.9330000281333923
2017-06-27,9511.400390625,4669.27001953125,118.80999755859375,96.84424591064453,2552.449951171875,64.42130279541016,0.9900000095367432
2017-06-28,9491.25,4711.330078125,118.9000015258789,96.5236587524414,2574.7900390625,64.5248031616211,0.9850000143051147
2017-06-29,9504.099609375,4670.9599609375,118.31999969482422,95.71466827392578,2539.320068359375,64.51190185546875,1.003000020980835
2017-06-30,9520.900390625,4678.35986328125,118.0199966430664,95.49333190917969,2480.840087890625,64.78510284423828,0.9929999709129333
2017-07-01,,,,,2434.550048828125,,
2017-07-02,,,,,2506.469970703125,,
2017-07-03,9615.0,4689.60986328125,116.08999633789062,95.18589782714844,2564.06005859375,64.60679626464844,1.0
2017-07-04,9613.2998046875,,,,2601.639892578125,64.84269714355469,
2017-07-05,9637.599609375,4697.33984375,116.5199966430664,95.20884704589844,2601.989990234375,64.7688980102539,1.0199999809265137
2017-07-06,9674.5498046875,4655.02001953125,116.47000122070312,94.42111206054688,2608.56005859375,64.79139709472656,1.0080000162124634
2017-07-07,9665.7998046875,4684.8798828125,115.27999877929688,93.85519409179688,2518.659912109375,64.71330261230469,1.0080000162124634
2017-07-08,,,,,2571.340087890625,,
2017-07-09,,,,,2518.43994140625,,
2017-07-10,9771.0498046875,4689.25,115.47000122070312,93.99282836914062,2372.56005859375,64.61170196533203,1.0130000114440918
2017-07-11,9786.0498046875,4685.64013671875,115.62000274658203,94.15345001220703,2337.7900390625,,1.0329999923706055
2017-07-12,9816.099609375,4720.27978515625,116.02999877929688,94.8034896850586,2398.840087890625,64.52559661865234,1.0230000019073486
2017-07-13,9891.7001953125,4729.25,115.81999969482422,94.20697021484375,2357.89990234375,64.36499786376953,1.0130000114440918
2017-07-14,9886.349609375,4751.43017578125,116.7699966430664,94.32169342041016,2233.340087890625,64.42579650878906,1.0080000162124634
2017-07-15,,,,,1998.8599853515625,,
2017-07-16,,,,,1929.8199462890625,,
2017-07-17,9915.9501953125,4751.330078125,117.29000091552734,94.58170318603516,2228.409912109375,64.26730346679688,1.0199999809265137
2017-07-18,9827.150390625,4754.27001953125,118.11000061035156,95.40766143798828,2318.8798828125,64.33000183105469,1.0399999618530273
2017-07-19,9899.599609375,4780.25,118.08000183105469,95.4459228515625,2273.429931640625,64.3062973022461,1.0850000381469727
2017-07-20,9873.2998046875,4779.83984375,118.23999786376953,95.72127532958984,2817.60009765625,64.26329803466797,1.1130000352859497
2017-07-21,9915.25,4778.06982421875,119.26000213623047,96.12660217285156,2667.760009765625,64.32499694824219,1.1380000114440918
2017-07-22,,,,,2810.1201171875,,
2017-07-23,,,,,2730.39990234375,,
2017-07-24,9966.400390625,4773.10009765625,119.30999755859375,95.75182342529297,2754.860107421875,64.46109771728516,1.149999976158142
2017-07-25,9964.5498046875,4787.0400390625,118.91999816894531,94.5052261352539,2576.47998046875,64.36509704589844,1.1430000066757202
2017-07-26,10020.650390625,4788.41015625,119.87999725341797,94.65819549560547,2529.449951171875,64.4469985961914,1.0950000286102295
2017-07-27,10020.5498046875,4784.259765625,119.79000091552734,94.19168853759766,2671.780029296875,64.3447036743164,1.0779999494552612
2017-07-28,10014.5,4778.02001953125,120.69000244140625,94.75,2809.010009765625,64.18499755859375,1.0529999732971191
2017-07-29,,,,,2726.449951171875,,
2017-07-30,,,,,2757.179931640625,,
2017-07-31,10077.099609375,4774.56005859375,120.75,94.8647232055664,2875.340087890625,64.12349700927734,1.0529999732971191
2017-08-01,10114.650390625,4786.27001953125,120.6500015258789,95.53076171875,2718.260009765625,64.18949890136719,1.0579999685287476
2017-08-02,10081.5,4789.5400390625,120.4000015258789,95.58435821533203,2710.669921875,64.05580139160156,1.0499999523162842
2017-08-03,10013.650390625,4779.990234375,120.58999633789062,96.57312774658203,2804.72998046875,63.64059829711914,1.0579999685287476
2017-08-04,10066.400390625,4789.10986328125,119.6500015258789,95.75302124023438,2895.889892578125,63.696998596191406,1.0529999732971191
2017-08-05,,,,,3252.909912109375,,
2017-08-06,,,,,3213.93994140625,,
2017-08-07,10057.400390625,4797.1298828125,119.51000213623047,95.8603286743164,3378.93994140625,63.66510009765625,1.0329999923706055
2017-08-08,9978.5498046875,4786.1201171875,119.86000061035156,95.51536560058594,3419.93994140625,63.830101013183594,1.0299999713897705
2017-08-09,9908.0498046875,4784.93994140625,121.30999755859375,96.03658294677734,3342.469970703125,63.70289993286133,1.024999976158142
2017-08-10,9820.25,4717.39990234375,122.20999908447266,96.8567123413086,3381.280029296875,63.887699127197266,1.0180000066757202
2017-08-11,9710.7998046875,4723.72998046875,122.79000091552734,96.90267181396484,3650.6201171875,64.13860321044922,1.0130000114440918
2017-08-12,,,,,3884.7099609375,,
2017-08-13,,,,,4073.260009765625,,
2017-08-14,9794.150390625,4771.43017578125,121.91999816894531,96.40447235107422,4325.1298828125,64.08100128173828,1.003000020980835
2017-08-15,,4770.14990234375,120.9800033569336,95.99825286865234,4181.93017578125,64.17430114746094,1.0080000162124634
2017-08-16,9897.2998046875,4778.27978515625,121.87000274658203,96.35083770751953,4376.6298828125,64.26300048828125,0.9850000143051147
2017-08-17,9904.150390625,4704.72998046875,122.48999786376953,97.0712890625,4331.68994140625,64.1604995727539,0.9779999852180481
2017-08-18,9837.400390625,4696.22021484375,122.30000305175781,97.04830932617188,4160.6201171875,64.18890380859375,0.9879999756813049
2017-08-19,,,,,4193.7001953125,,
2017-08-20,,,,,4087.659912109375,,
2017-08-21,9754.349609375,4701.81982421875,122.76000213623047,97.28592681884766,4001.739990234375,64.07589721679688,0.9649999737739563
2017-08-22,9765.5498046875,4748.72998046875,122.20999908447266,96.91033172607422,4100.52001953125,64.15750122070312,0.9950000047683716
2017-08-23,9852.5,4732.759765625,122.66999816894531,97.56950378417969,4151.52001953125,64.05750274658203,0.9800000190734863
2017-08-24,9857.0498046875,4723.02978515625,122.29000091552734,97.20925903320312,4334.68017578125,64.00499725341797,0.9980000257492065
2017-08-25,,4731.4599609375,122.73999786376953,97.5848159790039,4371.60009765625,64.03500366210938,0.9950000047683716
2017-08-26,,,,,4352.39990234375,,
2017-08-27,,,,,4382.8798828125,,
2017-08-28,9912.7998046875,4733.97021484375,124.69000244140625,97.52350616455078,4382.66015625,63.99549865722656,1.0049999952316284
2017-08-29,9796.0498046875,4738.6201171875,124.41999816894531,97.8377685546875,4579.02001953125,63.78929901123047,1.0099999904632568
2017-08-30,9884.400390625,4761.72021484375,124.36000061035156,97.80707550048828,4565.2998046875,63.98680114746094,0.9980000257492065
2017-08-31,9917.900390625,4789.18017578125,125.81999969482422,98.09833526611328,4703.39013671875,63.976200103759766,0.9779999852180481
2017-09-01,9974.400390625,4798.990234375,126.05999755859375,97.34800720214844,4892.009765625,63.91189956665039,0.9850000143051147
2017-09-02,,,,,4578.77001953125,,
2017-09-03,,,,,4582.9599609375,,
2017-09-04,9912.849609375,,,,4236.31005859375,64.0155029296875,
2017-09-05,9952.2001953125,4762.75,127.45999908447266,98.8917465209961,4376.52978515625,64.02629852294922,0.9829999804496765
2017-09-06,9916.2001953125,4777.68994140625,126.80999755859375,98.28495788574219,4597.1201171875,64.0999984741211,1.0379999876022339
2017-09-07,9929.900390625,4777.93017578125,128.1300048828125,99.29112243652344,4599.8798828125,64.0154037475586,1.0230000019073486
2017-09-08,9934.7998046875,4771.02001953125,127.97000122070312,99.0760269165039,4228.75,63.95009994506836,1.0199999809265137
2017-09-09,,,,,4226.06005859375,,
2017-09-10,,,,,4122.93994140625,,
2017-09-11,10006.0498046875,4822.7998046875,126.19000244140625,97.89324951171875,4161.27001953125,63.930999755859375,1.0199999809265137
2017-09-12,10093.0498046875,4839.31005859375,126.55999755859375,97.37873077392578,4130.81005859375,63.97999954223633,1.0180000066757202
2017-09-13,10079.2998046875,4843.0400390625,125.61000061035156,96.99470520019531,3882.590087890625,63.98759841918945,1.0180000066757202
2017-09-14,10086.599609375,4839.2900390625,126.16000366210938,97.39401245117188,3154.949951171875,64.11509704589844,1.027999997138977
2017-09-15,10085.400390625,4848.83984375,125.52999877929688,97.43244934082031,3637.52001953125,64.15499877929688,1.0099999904632568
2017-09-16,,,,,3625.0400390625,,
2017-09-17,,,,,3582.8798828125,,
2017-09-18,10153.099609375,4856.080078125,124.36000061035156,96.87181854248047,4065.199951171875,64.12020111083984,1.0
2017-09-19,10147.5498046875,4861.52001953125,124.62000274658203,96.63370513916016,3924.969970703125,64.2146987915039,1.0180000066757202
2017-09-20,10141.150390625,4864.60986328125,123.62000274658203,96.70286560058594,3905.949951171875,64.29869842529297,1.0199999809265137
2017-09-21,10121.900390625,4849.9501953125,122.68000030517578,96.64910125732422,3631.0400390625,64.28369903564453,1.0080000162124634
2017-09-22,9964.400390625,4853.2001953125,123.23999786376953,96.92552947998047,3630.699951171875,64.80229949951172,1.003000020980835
2017-09-23,,,,,3792.39990234375,,
2017-09-24,,,,,3682.840087890625,,
2017-09-25,9872.599609375,4842.41015625,124.52999877929688,97.53235626220703,3926.070068359375,64.89099884033203,0.9980000257492065
2017-09-26,9871.5,4843.14013671875,123.13999938964844,97.35569763183594,3892.35009765625,65.26509857177734,1.0429999828338623
2017-09-27,9735.75,4862.93017578125,121.9800033569336,95.88873291015625,4200.669921875,65.3499984741211,1.0379999876022339
2017-09-28,9768.9501953125,4869.81005859375,122.20999908447266,95.6045913696289,4174.72998046875,65.5250015258789,1.0299999713897705
2017-09-29,9788.599609375,4887.97021484375,121.58000183105469,95.81961822509766,4163.06982421875,65.36000061035156,1.027999997138977
2017-09-30,,,,,4338.7099609375,,
2017-10-01,,,,,4403.740234375,,
2017-10-02,,4906.919921875,120.7699966430664,95.64414978027344,4409.31982421875,65.29329681396484,1.0130000114440918
2017-10-03,9859.5,4917.72998046875,120.83000183105469,95.73646545410156,4317.47998046875,65.57170104980469,1.034999966621399
2017-10-04,9914.900390625,4924.18994140625,121.16999816894531,95.74417114257812,4229.35986328125,65.44309997558594,1.0429999828338623
2017-10-05,9888.7001953125,4952.85009765625,120.5199966430664,95.38250732421875,4328.41015625,65.01950073242188,1.0429999828338623
2017-10-06,9979.7001953125,4949.08984375,121.08999633789062,95.1131362915039,4370.81005859375,65.20999908447266,1.0429999828338623
2017-10-07,,,,,4426.89013671875,,
2017-10-08,,,,,4610.47998046875,,
2017-10-09,9988.75,4940.16015625,122.08000183105469,95.41323852539062,4772.02001953125,65.41419982910156,1.0449999570846558
2017-10-10,10016.9501953125,4951.77001953125,122.4000015258789,95.56717681884766,4781.990234375,65.41459655761719,1.0549999475479126
2017-10-11,9984.7998046875,4960.7900390625,122.79000091552734,95.75187683105469,4826.47998046875,65.23889923095703,1.0679999589920044
2017-10-12,10096.400390625,4952.85009765625,122.88999938964844,96.15977478027344,5446.91015625,65.20539855957031,1.0529999732971191
2017-10-13,10167.4501953125,4957.27001953125,123.81999969482422,96.85238647460938,5647.2099609375,65.0459976196289,1.0499999523162842
2017-10-14,,,,,5831.7900390625,,
2017-10-15,,,,,5678.18994140625,,
2017-10-16,10230.849609375,4966.0498046875,122.97000122070312,96.78311920166016,5725.58984375,64.6729965209961,1.0549999475479126
2017-10-17,10234.4501953125,4969.3798828125,122.12999725341797,96.90628051757812,5605.509765625,64.6946029663086,1.0729999542236328
2017-10-18,10210.849609375,4973.27978515625,121.66999816894531,96.26753234863281,5590.68994140625,64.92870330810547,1.0679999589920044
2017-10-19,10146.5498046875,4975.31982421875,122.38999938964844,96.43679809570312,5708.52001953125,65.04010009765625,1.065000057220459
2017-10-20,,5001.10986328125,121.61000061035156,95.41323852539062,6011.4501953125,64.90460205078125,1.0750000476837158
2017-10-21,,,,,6031.60009765625,,
2017-10-22,,,,,6008.419921875,,
2017-10-23,10184.849609375,4981.3701171875,121.80000305175781,95.58255004882812,5930.31982421875,65.1041030883789,1.0700000524520874
2017-10-24,10207.7001953125,4989.56005859375,121.33000183105469,94.99000549316406,5526.64013671875,65.03489685058594,1.0980000495910645
2017-10-25,10295.349609375,4966.2900390625,121.3499984741211,94.53595733642578,5750.7998046875,65.07949829101562,1.0829999446868896
2017-10-26,10343.7998046875,4972.60009765625,120.33000183105469,94.22040557861328,5904.830078125,64.83999633789062,1.0800000429153442
2017-10-27,10323.0498046875,5012.75,120.9000015258789,94.84378814697266,5780.89990234375,64.5999984741211,1.0729999542236328
2017-10-28,,,,,5753.08984375,,
2017-10-29,,,,,6153.85009765625,,
2017-10-30,10363.650390625,4997.14990234375,121.12999725341797,95.75187683105469,6130.52978515625,64.87339782714844,1.0750000476837158
2017-10-31,10335.2998046875,5002.02978515625,120.66999816894531,95.78266143798828,6468.39990234375,64.84239959716797,1.1230000257492065
2017-11-01,10440.5,5009.990234375,121.11000061035156,96.20916748046875,6767.31005859375,64.67009735107422,1.1380000114440918
2017-11-02,10423.7998046875,5011.47998046875,121.19000244140625,96.63329315185547,7078.5,64.55509948730469,1.1380000114440918
2017-11-03,10452.5,5027.490234375,120.62000274658203,96.89551544189453,7207.759765625,64.50050354003906,1.1480000019073486
2017-11-04,,,,,7379.9501953125,,
2017-11-05,,,,,7407.41015625,,
2017-11-06,10451.7998046875,5034.2998046875,121.6500015258789,97.25800323486328,7022.759765625,64.69339752197266,1.1579999923706055
2017-11-07,10350.150390625,5033.3798828125,121.20999908447266,97.666748046875,7144.3798828125,64.59089660644531,1.187999963760376
2017-11-08,10303.150390625,5040.740234375,121.62999725341797,97.45079040527344,7459.68994140625,65.16449737548828,1.1950000524520874
2017-11-09,10308.9501953125,5023.009765625,122.12999725341797,97.17317962646484,7143.580078125,64.9104995727539,1.2029999494552612
2017-11-10,10321.75,5020.31005859375,121.12999725341797,95.70787811279297,6618.14013671875,64.96800231933594,1.2000000476837158
2017-11-11,,,,,6357.60009765625,,
2017-11-12,,,,,5950.06982421875,,
2017-11-13,10224.9501953125,5025.35986328125,121.30999755859375,95.90838623046875,6559.490234375,65.1603012084961,1.184999942779541
2017-11-14,10186.599609375,5014.52978515625,121.55999755859375,96.55616760253906,6635.75,65.43840026855469,1.2400000095367432
2017-11-15,10118.0498046875,4987.9599609375,121.41000366210938,97.60503387451172,7315.5400390625,65.41339874267578,1.2300000190734863
2017-11-16,10214.75,5030.47998046875,121.4000015258789,96.75670623779297,7871.68994140625,,1.2300000190734863
2017-11-17,10283.599609375,5017.4501953125,122.86000061035156,97.47393798828125,7708.990234375,65.20999908447266,1.2400000095367432
2017-11-18,,,,,7790.14990234375,,
2017-11-19,,,,,8036.490234375,,
2017-11-20,10298.75,5024.009765625,121.30999755859375,97.43536376953125,8200.6396484375,64.90499877929688,1.2400000095367432
2017-11-21,10326.900390625,5056.9501953125,121.51000213623047,97.74388122558594,8071.259765625,65.0250015258789,1.277999997138977
2017-11-22,10342.2998046875,5053.60009765625,122.62999725341797,98.06011962890625,8253.5498046875,64.76129913330078,1.2649999856948853
2017-11-23,10348.75,,,,8038.77001953125,64.7699966430664,
2017-11-24,10389.7001953125,5064.22998046875,122.31999969482422,97.79015350341797,8253.6904296875,64.57939910888672,1.2400000095367432
2017-11-25,,,,,8790.919921875,,
2017-11-26,,,,,9330.5498046875,,
2017-11-27,10399.5498046875,5062.85009765625,122.83000183105469,97.65129852294922,9818.349609375,64.54499816894531,1.2230000495910645
2017-11-28,10370.25,5112.91015625,122.80999755859375,97.78244018554688,10058.7998046875,64.43389892578125,1.2649999856948853
2017-11-29,10361.2998046875,5111.68017578125,122.04000091552734,96.81841278076172,9888.6103515625,64.47000122070312,1.2580000162124634
2017-11-30,10226.5498046875,5155.43994140625,121.0999984741211,96.49444580078125,10233.599609375,64.41480255126953,1.2380000352859497
2017-12-01,10121.7998046875,5145.2099609375,121.58999633789062,97.79666137695312,10975.599609375,64.49939727783203,1.2350000143051147
2017-12-02,,,,,11074.599609375,,
2017-12-03,,,,,11323.2001953125,,
2017-12-04,10127.75,5139.91015625,121.18000030517578,97.84300994873047,11657.2001953125,64.50900268554688,1.2450000047683716
2017-12-05,10118.25,5120.919921875,120.31999969482422,98.3298568725586,11916.7001953125,64.35140228271484,1.2829999923706055
2017-12-06,10044.099609375,5120.4599609375,120.06999969482422,98.66990661621094,14291.5,64.35690307617188,1.2630000114440918
2017-12-07,10166.7001953125,5136.3701171875,118.48999786376953,97.89710235595703,17899.69921875,64.51519775390625,1.2599999904632568
2017-12-08,10265.650390625,5165.18994140625,118.4800033569336,97.90487670898438,16569.400390625,64.54239654541016,1.253000020980835
2017-12-09,,,,,15178.2001953125,,
2017-12-10,,,,,15455.400390625,,
2017-12-11,10322.25,5181.75,118.01000213623047,97.70393371582031,16936.80078125,64.4729995727539,1.2630000114440918
2017-12-12,10240.150390625,5189.9599609375,118.1500015258789,97.665283203125,17415.400390625,64.3499984741211,1.309999942779541
2017-12-13,10192.9501953125,5187.68017578125,119.16999816894531,98.39940643310547,16408.19921875,64.55000305175781,1.2730000019073486
2017-12-14,10252.099609375,5167.4501953125,118.93000030517578,98.81674194335938,16564.0,64.31999969482422,1.2829999923706055
2017-12-15,10333.25,5214.10009765625,119.18000030517578,99.18769073486328,17706.900390625,64.2750015258789,1.284999966621399
2017-12-16,,,,,19497.400390625,,
2017-12-17,,,,,19140.80078125,,
2017-12-18,10388.75,5242.27978515625,119.7300033569336,98.28351593017578,19114.19921875,64.07230377197266,1.315000057220459
2017-12-19,10463.2001953125,5225.43017578125,119.81999969482422,97.0084228515625,17776.69921875,64.20010375976562,1.3530000448226929
2017-12-20,10444.2001953125,5221.7900390625,120.13999938964844,95.93423461914062,16624.599609375,64.04759979248047,1.350000023841858
2017-12-21,10440.2998046875,5232.16015625,120.30999755859375,96.49333953857422,15802.900390625,63.96500015258789,1.3200000524520874
2017-12-22,10493.0,5229.7900390625,120.94000244140625,96.62499237060547,13831.7998046875,64.00969696044922,1.2979999780654907
2017-12-23,,,,,14699.2001953125,,
2017-12-24,,,,,13925.7998046875,,
2017-12-25,,,,,14026.599609375,64.00779724121094,
2017-12-26,10531.5,5224.509765625,121.7699966430664,96.91155242919922,16099.7998046875,64.010498046875,1.3029999732971191
2017-12-27,10490.75,5229.009765625,122.2300033569336,98.17388916015625,15838.5,64.0281982421875,1.4079999923706055
2017-12-28,10477.900390625,5239.58984375,122.8499984741211,98.08869934082031,14606.5,64.11499786376953,1.3700000047683716
2017-12-29,10530.7001953125,5212.759765625,123.6500015258789,98.24359130859375,14656.2001953125,64.06199645996094,1.3550000190734863
2017-12-30,,,,,12952.2001953125,,
2017-12-31,,,,,14156.400390625,,
2018-01-01,,,,,13657.2001953125,63.84080123901367,
2018-01-02,10442.2001953125,5256.27978515625,125.1500015258789,97.1825942993164,14982.099609375,63.86759948730469,1.378000020980835
2018-01-03,10443.2001953125,5289.919921875,124.81999969482422,97.64724731445312,15201.0,63.459999084472656,1.3700000047683716
2018-01-04,10504.7998046875,5312.330078125,125.45999908447266,97.63176727294922,15599.2001953125,63.41910171508789,1.3700000047683716
2018-01-05,10558.849609375,5349.68994140625,125.33000183105469,97.35294342041016,17429.5,63.369598388671875,1.3700000047683716
2018-01-06,,,,,17527.0,,
2018-01-07,,,,,16477.599609375,,
2018-01-08,10623.599609375,5358.68017578125,125.30999755859375,97.29103088378906,15170.099609375,63.26499938964844,1.3799999952316284
2018-01-09,10637.0,5367.259765625,124.7300033569336,95.98999786376953,14595.400390625,63.45199966430664,1.4149999618530273
2018-01-10,10632.2001953125,5361.330078125,125.02999877929688,95.87380981445312,14973.2998046875,63.63610076904297,1.3949999809265137
2018-01-11,10651.2001953125,5399.4599609375,125.44000244140625,96.26876068115234,13405.7998046875,63.7599983215332,1.402999997138977
2018-01-12,10681.25,5435.919921875,126.95999908447266,96.43142700195312,13980.599609375,63.67210006713867,1.409999966621399
2018-01-13,,,,,14360.2001953125,,
2018-01-14,,,,,13772.0,,
2018-01-15,10741.5498046875,,,,13819.7998046875,63.5885009765625,
2018-01-16,10700.4501953125,5416.85986328125,127.16999816894531,96.8341293334961,11490.5,63.52119827270508,1.3949999809265137
2018-01-17,10788.5498046875,5467.85009765625,126.13999938964844,96.70245361328125,11188.599609375,63.994300842285156,1.4149999618530273
2018-01-18,10817.0,5459.5,125.86000061035156,95.8041763305664,11474.900390625,63.82500076293945,1.4049999713897705
2018-01-19,10894.7001953125,5483.56982421875,126.41999816894531,95.30072784423828,11607.400390625,63.86759948730469,1.402999997138977
2018-01-20,,,,,12899.2001953125,,
2018-01-21,,,,,11600.099609375,,
2018-01-22,10966.2001953125,5527.89013671875,126.6500015258789,95.39366912841797,10931.400390625,63.83209991455078,1.3899999856948853
2018-01-23,11083.7001953125,5540.1298828125,127.27999877929688,95.8041763305664,10868.400390625,63.88010025024414,1.4129999876022339
2018-01-24,11086.0,5537.02978515625,128.8300018310547,95.28529357910156,11359.400390625,63.7504997253418,1.409999966621399
2018-01-25,11069.650390625,5540.3798828125,127.97000122070312,96.06742095947266,11259.400390625,63.57789993286133,1.3930000066757202
2018-01-26,,5606.080078125,128.07000732421875,95.711181640625,11171.400390625,63.57310104370117,1.3880000114440918
2018-01-27,,,,,11440.7001953125,,
2018-01-28,,,,,11786.2998046875,,
2018-01-29,11130.400390625,5568.669921875,127.3499984741211,95.04520416259766,11296.400390625,63.56999969482422,1.375
2018-01-30,11049.650390625,5508.35986328125,126.80000305175781,94.48760986328125,10106.2998046875,63.66939926147461,1.4249999523162842
2018-01-31,11027.7001953125,5511.2099609375,127.6500015258789,95.04520416259766,10221.099609375,63.769901275634766,1.4299999475479126
2018-02-01,11016.900390625,5508.7001953125,128.07000732421875,93.66773223876953,9170.5400390625,63.665000915527344,1.4529999494552612
2018-02-02,10760.599609375,5392.2099609375,126.38999938964844,92.7985610961914,8830.75,63.974998474121094,1.4500000476837158
2018-02-03,,,,,9174.91015625,,
2018-02-04,,,,,8277.009765625,,
2018-02-05,10666.5498046875,5171.259765625,126.70999908447266,93.67549133300781,6955.27001953125,64.13249969482422,1.4579999446868896
2018-02-06,10498.25,5262.02001953125,125.37999725341797,93.09344482421875,7754.0,64.314697265625,1.4880000352859497
2018-02-07,10476.7001953125,5235.83984375,124.79000091552734,92.20879364013672,7621.2998046875,63.97999954223633,1.5149999856948853
2018-02-08,10576.849609375,5040.06005859375,124.9800033569336,92.1078872680664,8265.58984375,64.19999694824219,1.5149999856948853
2018-02-09,10454.9501953125,5116.990234375,124.7699966430664,91.52583312988281,8736.98046875,64.44049835205078,1.524999976158142
2018-02-10,,,,,8621.900390625,,
2018-02-11,,,,,8129.97021484375,,
2018-02-12,10539.75,5188.3701171875,125.37000274658203,91.9293441772461,8926.5703125,64.2113037109375,1.534999966621399
2018-02-13,,5202.22021484375,126.08000183105469,92.3406982421875,8598.3095703125,64.28350067138672,1.5700000524520874
2018-02-14,10500.900390625,5273.43017578125,128.22999572753906,91.31632995605469,9494.6298828125,64.2500991821289,1.5499999523162842
2018-02-15,10545.5,5338.35009765625,128.3800048828125,91.62673950195312,10166.400390625,64.02519989013672,1.559999942779541
2018-02-16,10452.2998046875,5340.81982421875,127.95999908447266,92.12340545654297,10233.900390625,63.890899658203125,1.5700000524520874
2018-02-17,,,,,11112.7001953125,,
2018-02-18,,,,,10551.7998046875,,
2018-02-19,10378.400390625,,,,11225.2998046875,64.37999725341797,
2018-02-20,10360.400390625,5309.990234375,126.23999786376953,91.71987915039062,11403.7001953125,64.50499725341797,1.5729999542236328
2018-02-21,10397.4501953125,5280.91015625,125.66000366210938,90.5946044921875,10690.400390625,64.86499786376953,1.6080000400543213
2018-02-22,10382.7001953125,5286.490234375,126.30000305175781,90.86620330810547,10005.0,64.8949966430664,1.6050000190734863
2018-02-23,10491.0498046875,5371.56005859375,126.13999938964844,91.6733169555664,10301.099609375,64.95140075683594,1.6050000190734863
2018-02-24,,,,,9813.0703125,,
2018-02-25,,,,,9664.73046875,,
2018-02-26,10582.599609375,5435.3798828125,126.44999694824219,91.70433044433594,10366.7001953125,64.7030029296875,1.6080000400543213
2018-02-27,10554.2998046875,5367.08984375,125.12999725341797,91.57243347167969,10725.599609375,64.78040313720703,1.6349999904632568
2018-02-28,10492.849609375,5308.08984375,125.0,92.15446472167969,10397.900390625,64.91000366210938,1.6180000305175781
2018-03-01,10458.349609375,5238.18017578125,124.72000122070312,92.78353118896484,10951.0,65.23999786376953,1.590000033378601
2018-03-02,,5265.240234375,125.38999938964844,92.02928924560547,11086.400390625,65.1500015258789,1.6050000190734863
2018-03-03,,,,,11489.7001953125,,
2018-03-04,,,,,11512.599609375,,
2018-03-05,10358.849609375,5323.35986328125,125.18000030517578,91.78045654296875,11573.2998046875,65.18669891357422,1.625
2018-03-06,10249.25,5337.68994140625,126.52999877929688,91.86595153808594,10779.900390625,65.00370025634766,1.6430000066757202
2018-03-07,10154.2001953125,5335.47021484375,125.72000122070312,91.7649154663086,9965.5703125,64.88999938964844,1.649999976158142
2018-03-08,10242.650390625,5360.72998046875,125.41999816894531,92.29363250732422,9395.009765625,64.89119720458984,1.6349999904632568
2018-03-09,10226.849609375,5454.02978515625,125.54000091552734,91.68710327148438,9337.5498046875,65.09040069580078,1.6349999904632568
2018-03-10,,,,,8866.0,,
2018-03-11,,,,,9578.6298828125,,
2018-03-12,10421.400390625,5447.10009765625,125.54000091552734,92.21587371826172,9205.1201171875,64.96489715576172,1.6430000066757202
2018-03-13,10426.849609375,5412.75,125.77999877929688,92.68244934082031,9194.849609375,64.94550323486328,1.690000057220459
2018-03-14,10410.900390625,5383.27001953125,125.69999694824219,93.49893951416016,8269.8095703125,64.8281021118164,1.718000054359436
2018-03-15,10360.150390625,5379.39013671875,124.9000015258789,93.49893951416016,8300.8603515625,64.83679962158203,1.7330000400543213
2018-03-16,10195.150390625,5388.740234375,124.5999984741211,93.16458129882812,8338.349609375,65.01439666748047,1.7380000352859497
2018-03-17,,,,,7916.8798828125,,
2018-03-18,,,,,8223.6796875,,
2018-03-19,10094.25,5312.22998046875,124.87000274658203,92.86906433105469,8630.650390625,65.06500244140625,1.7280000448226929
2018-03-20,10124.349609375,5320.2001953125,124.30999755859375,92.49583435058594,8913.4697265625,65.21009826660156,1.7580000162124634
2018-03-21,10155.25,5310.9599609375,126.4800033569336,92.59690856933594,8929.2802734375,65.2323989868164,1.7100000381469727
2018-03-22,10114.75,5177.52001953125,125.9800033569336,93.51448059082031,8728.4697265625,65.06559753417969,1.6829999685287476
2018-03-23,9998.0498046875,5069.02978515625,127.61000061035156,93.44451141357422,8879.6201171875,65.16000366210938,1.687999963760376
2018-03-24,,,,,8668.1201171875,,
2018-03-25,,,,,8495.7802734375,,
2018-03-26,10130.650390625,5206.68994140625,128.27999877929688,93.0868148803711,8209.400390625,65.01499938964844,1.7050000429153442
2018-03-27,10184.150390625,5116.75,127.48999786376953,94.0821304321289,7833.0400390625,64.69499969482422,1.7330000400543213
2018-03-28,10113.7001953125,5102.68994140625,125.7300033569336,94.33094024658203,7954.47998046875,64.89550018310547,1.6950000524520874
2018-03-29,,5173.18994140625,125.79000091552734,94.7897720336914,7165.7001953125,65.14920043945312,1.6699999570846558
2018-03-30,,,,,6890.52001953125,65.02999877929688,
2018-03-31,,,,,6973.52978515625,,
2018-04-01,,,,,6844.22998046875,,
2018-04-02,10211.7998046875,5057.68994140625,127.26000213623047,94.97679901123047,7083.7998046875,65.10549926757812,1.6829999685287476
2018-04-03,10245.0,5121.7001953125,126.30000305175781,94.24424743652344,7456.10986328125,65.13999938964844,1.7130000591278076
2018-04-04,10128.400390625,5181.31005859375,126.44999694824219,94.04942321777344,6853.83984375,64.90499877929688,1.6679999828338623
2018-04-05,10325.150390625,5217.6201171875,125.80000305175781,93.34811401367188,6811.47021484375,64.99500274658203,1.6749999523162842
2018-04-06,10331.599609375,5103.35009765625,126.38999938964844,94.36894989013672,6636.31982421875,64.86150360107422,1.6799999475479126
2018-04-07,,,,,6911.08984375,,
2018-04-08,,,,,7023.52001953125,,
2018-04-09,10379.349609375,5121.89990234375,126.81999969482422,94.5247802734375,6770.72998046875,64.90450286865234,1.6749999523162842
2018-04-10,10402.25,5207.72998046875,127.12000274658203,94.35336303710938,6834.759765625,64.87000274658203,1.6950000524520874
2018-04-11,10417.150390625,5179.18994140625,128.11000061035156,94.68843841552734,6968.31982421875,64.92530059814453,1.6929999589920044
2018-04-12,10458.650390625,5222.5498046875,126.62000274658203,93.994873046875,7889.25,65.19000244140625,1.7050000429153442
2018-04-13,10480.599609375,5207.56982421875,127.44999694824219,94.21309661865234,7895.9599609375,65.27570343017578,1.718000054359436
2018-04-14,,,,,7986.240234375,,
2018-04-15,,,,,8329.1103515625,,
2018-04-16,10528.349609375,5249.93994140625,127.62999725341797,94.24424743652344,8058.669921875,65.19560241699219,1.7130000591278076
2018-04-17,10548.7001953125,5305.89990234375,127.75,94.50139617919922,7902.08984375,65.4292984008789,1.7549999952316284
2018-04-18,10526.2001953125,5310.31982421875,127.8499984741211,93.74551391601562,8163.419921875,65.67500305175781,1.7699999809265137
2018-04-19,10565.2998046875,5280.56982421875,127.5999984741211,92.98185729980469,8294.3095703125,66.01000213623047,1.7829999923706055
2018-04-20,10564.0498046875,5235.75,126.62999725341797,92.3116455078125,8845.830078125,66.11479949951172,1.7649999856948853
2018-04-21,,,,,8895.580078125,,
2018-04-22,,,,,8802.4599609375,,
2018-04-23,10584.7001953125,5236.0400390625,125.62000274658203,92.33502960205078,8930.8798828125,66.1968994140625,1.7829999923706055
2018-04-24,10614.349609375,5166.10009765625,126.2300033569336,91.91424560546875,9697.5,66.54499816894531,1.8229999542236328
2018-04-25,10570.5498046875,5175.58984375,125.41000366210938,91.29863739013672,8845.740234375,66.41410064697266,1.815000057220459
2018-04-26,10617.7998046875,5229.60986328125,124.97000122070312,91.93765258789062,9281.509765625,66.90769958496094,1.784999966621399
2018-04-27,10692.2998046875,5235.72998046875,125.5,92.64680480957031,8987.0498046875,66.9000015258789,1.7699999809265137
2018-04-28,,,,,9348.48046875,,
2018-04-29,,,,,9419.080078125,,
2018-04-30,10739.349609375,5193.0400390625,124.58999633789062,92.81035614013672,9240.5498046875,66.61000061035156,1.7630000114440918
2018-05-01,,5206.31005859375,123.70999908447266,92.47615814208984,9119.009765625,66.44999694824219,1.809999942779541
2018-05-02,10718.0498046875,5168.7900390625,123.6500015258789,92.3746109008789,9235.919921875,66.7886962890625,1.784999966621399
2018-05-03,10679.650390625,5157.7001953125,124.27999877929688,92.78854370117188,9743.8603515625,67.08000183105469,1.7879999876022339
2018-05-04,10618.25,5224.7099609375,124.54000091552734,92.92912292480469,9700.759765625,66.66000366210938,1.7929999828338623
2018-05-05,,,,,9858.150390625,,
2018-05-06,,,,,9654.7998046875,,
2018-05-07,10715.5,5242.8701171875,124.56999969482422,92.78075408935547,9373.009765625,66.81050109863281,1.7929999828338623
2018-05-08,10717.7998046875,5241.52978515625,124.58999633789062,92.69481658935547,9234.8203125,67.1187973022461,1.8350000381469727
2018-05-09,10741.7001953125,5292.89990234375,124.33000183105469,92.14035034179688,9325.1796875,67.1624984741211,1.8450000286102295
2018-05-10,10716.5498046875,5343.7001953125,125.18000030517578,92.88225555419922,9043.9404296875,67.62000274658203,1.8450000286102295
2018-05-11,10806.5,5354.68994140625,125.0,93.11654663085938,8441.490234375,67.38999938964844,1.8600000143051147
2018-05-12,,,,,8504.8896484375,,
2018-05-13,,,,,8723.9404296875,,
2018-05-14,10806.599609375,5359.66015625,124.48999786376953,92.62456512451172,8716.7900390625,67.3822021484375,1.8550000190734863
2018-05-15,10801.849609375,5323.22998046875,122.4800033569336,91.5702133178711,8510.3798828125,67.6780014038086,1.875
2018-05-16,10741.099609375,5346.330078125,122.29000091552734,91.2187728881836,8368.830078125,68.45999908447266,1.8650000095367432
2018-05-17,10682.7001953125,5343.2900390625,122.36000061035156,90.75799560546875,8094.31982421875,68.05999755859375,1.8630000352859497
2018-05-18,10596.400390625,5329.66015625,122.41000366210938,91.53894805908203,8250.9697265625,68.13999938964844,1.8550000190734863
2018-05-19,,,,,8247.1796875,,
2018-05-20,,,,,8513.25,,
2018-05-21,10516.7001953125,5369.18994140625,122.4800033569336,91.58580780029297,8418.990234375,67.9749984741211,1.8630000352859497
2018-05-22,10536.7001953125,5352.4501953125,122.41000366210938,91.44523620605469,8041.77978515625,68.4000015258789,1.8930000066757202
2018-05-23,10430.349609375,5369.990234375,122.54000091552734,92.1091079711914,7557.81982421875,68.43000030517578,1.8730000257492065
2018-05-24,10513.849609375,5359.31982421875,123.58999633789062,92.8432388305664,7587.33984375,68.6500015258789,1.8600000143051147
2018-05-25,10605.150390625,5347.31005859375,123.20999908447266,93.4211196899414,7480.14013671875,68.26010131835938,1.8530000448226929
2018-05-26,,,,,7355.8798828125,,
2018-05-27,,,,,7368.22021484375,,
2018-05-28,10688.650390625,,,,7135.990234375,67.7217025756836,
2018-05-29,10633.2998046875,5285.7001953125,123.19000244140625,95.46730041503906,7472.58984375,67.40280151367188,1.840000033378601
2018-05-30,10614.349609375,5353.759765625,123.37000274658203,94.82691955566406,7406.52001953125,68.12999725341797,1.878000020980835
2018-05-31,10736.150390625,5318.10009765625,123.0999984741211,94.67073059082031,7494.169921875,67.43000030517578,1.8700000047683716
2018-06-01,10696.2001953125,5376.2900390625,122.48999786376953,94.17048645019531,7541.4501953125,67.43499755859375,1.8680000305175781
2018-06-02,,,,,7643.4501953125,,
2018-06-03,,,,,7720.25,,
2018-06-04,10628.5,5400.5,122.37000274658203,93.48947143554688,7514.47021484375,66.92500305175781,1.8650000095367432
2018-06-05,10593.150390625,5404.6201171875,122.8499984741211,93.70863342285156,7633.759765625,67.05999755859375,1.902999997138977
2018-06-06,10684.650390625,5451.08984375,122.91999816894531,92.94932556152344,7653.97998046875,67.08999633789062,1.899999976158142
2018-06-07,10768.349609375,5448.18017578125,122.86000061035156,93.84955596923828,7678.240234375,66.8301010131836,1.8849999904632568
2018-06-08,10767.650390625,5465.419921875,123.01000213623047,93.5677490234375,7624.919921875,67.41000366210938,1.8799999952316284
2018-06-09,,,,,7531.97998046875,,
2018-06-10,,,,,6786.02001953125,,
2018-06-11,10786.9501953125,5471.2900390625,123.2300033569336,93.39553833007812,6906.919921875,67.51000213623047,1.8680000305175781
2018-06-12,10842.849609375,5481.06982421875,122.81999969482422,93.41902923583984,6582.35986328125,67.48999786376953,1.8880000114440918
2018-06-13,10856.7001953125,5459.2099609375,123.19000244140625,93.3720703125,6349.89990234375,67.91000366210938,1.8949999809265137
2018-06-14,10808.0498046875,5474.3701171875,123.37999725341797,94.14701080322266,6675.35009765625,67.77999877929688,1.8830000162124634
2018-06-15,10817.7001953125,5469.3701171875,121.33999633789062,94.23310852050781,6456.580078125,68.12999725341797,1.8880000114440918
2018-06-16,,,,,6550.16015625,,
2018-06-17,,,,,6499.27001953125,,
2018-06-18,10799.849609375,5457.830078125,121.11000061035156,94.14701080322266,6734.81982421875,68.05000305175781,1.8830000162124634
2018-06-19,10710.4501953125,5436.1298828125,120.80000305175781,94.69495391845703,6769.93994140625,68.01000213623047,1.8980000019073486
2018-06-20,10772.0498046875,5445.43017578125,120.26000213623047,93.86518859863281,6776.5498046875,68.05000305175781,1.8880000114440918
2018-06-21,10741.099609375,5411.39990234375,120.05000305175781,94.3583984375,6729.740234375,68.3499984741211,1.8899999856948853
2018-06-22,10821.849609375,5421.6298828125,120.33999633789062,94.35054016113281,6083.68994140625,67.83000183105469,1.8700000047683716
2018-06-23,,,,,6162.47998046875,,
2018-06-24,,,,,6173.22998046875,,
2018-06-25,10762.4501953125,5347.22998046875,119.88999938964844,94.56190490722656,6249.18017578125,67.85489654541016,1.8530000448226929
2018-06-26,10769.150390625,5359.009765625,119.26000213623047,94.69495391845703,6093.669921875,68.33999633789062,1.8930000066757202
2018-06-27,10671.400390625,5312.89013671875,118.58000183105469,95.58737182617188,6157.1298828125,68.36499786376953,1.8799999952316284
2018-06-28,10589.099609375,5346.43994140625,118.22000122070312,95.61080932617188,5903.43994140625,69.23999786376953,1.8799999952316284
2018-06-29,10714.2998046875,5350.830078125,118.6500015258789,95.28206634521484,6218.2998046875,68.79669952392578,1.8799999952316284
2018-06-30,,,,,6404.0,,
2018-07-01,,,,,6385.81982421875,,
2018-07-02,10657.2998046875,5367.490234375,117.45999908447266,95.20755004882812,6614.18017578125,68.43499755859375,1.8949999809265137
2018-07-03,10699.900390625,5340.93017578125,118.6500015258789,95.71752166748047,6529.58984375,68.6948013305664,1.9329999685287476
2018-07-04,10769.900390625,,,,6597.5498046875,68.83000183105469,
2018-07-05,10749.75,5388.27978515625,119.05000305175781,95.9920883178711,6639.14013671875,68.9800033569336,1.909999966621399
2018-07-06,10772.650390625,5434.35986328125,118.86000061035156,96.30594635009766,6673.5,69.06999969482422,1.9049999713897705
2018-07-07,,,,,6856.93017578125,,
2018-07-08,,,,,6773.8798828125,,
2018-07-09,10852.900390625,5483.89013671875,119.1500015258789,95.68612670898438,6741.75,68.75499725341797,1.9149999618530273
2018-07-10,10947.25,5503.0498046875,118.93000030517578,95.67826843261719,6329.9501953125,68.65979766845703,1.934999942779541
2018-07-11,10948.2998046875,5464.009765625,117.63999938964844,96.04703521728516,6394.7099609375,68.9000015258789,1.9199999570846558
2018-07-12,11023.2001953125,5512.35986328125,118.12999725341797,96.03917694091797,6228.81005859375,68.72000122070312,1.9279999732971191
2018-07-13,11018.900390625,5518.330078125,117.61000061035156,96.28240203857422,6238.0498046875,68.54000091552734,1.9279999732971191
2018-07-14,,,,,6276.1201171875,,
2018-07-15,,,,,6359.64013671875,,
2018-07-16,10936.849609375,5512.919921875,117.55000305175781,95.88227081298828,6741.75,68.48670196533203,1.937999963760376
2018-07-17,11008.0498046875,5534.91015625,116.27999877929688,95.70181274414062,7321.0400390625,68.72000122070312,1.975000023841858
2018-07-18,10980.4501953125,5546.85986328125,116.30999755859375,95.3173599243164,7370.77978515625,68.35600280761719,1.9600000381469727
2018-07-19,10957.099609375,5525.509765625,115.80999755859375,95.92149353027344,7466.85986328125,68.6155014038086,1.9479999542236328
2018-07-20,11010.2001953125,5520.5,116.55999755859375,94.74463653564453,7354.1298828125,68.93509674072266,1.9329999685287476
2018-07-21,,,,,7419.2900390625,,
2018-07-22,,,,,7418.490234375,,
2018-07-23,11084.75,5530.66015625,116.0,93.57563018798828,7711.10986328125,68.7332992553711,1.9199999570846558
2018-07-24,11134.2998046875,5557.3701171875,116.04000091552734,93.89729309082031,8424.26953125,69.19999694824219,1.9600000381469727
2018-07-25,11132.0,5607.990234375,116.68000030517578,93.74826049804688,8181.39013671875,68.80999755859375,1.9529999494552612
2018-07-26,11167.2998046875,5590.990234375,115.7699966430664,93.56779479980469,7951.580078125,68.83999633789062,1.9450000524520874
2018-07-27,11278.349609375,5554.31005859375,115.83000183105469,93.72469329833984,8165.009765625,68.73999786376953,1.9450000524520874
2018-07-28,,,,,8192.150390625,,
2018-07-29,,,,,8218.4599609375,,
2018-07-30,11319.5498046875,5522.81005859375,115.6500015258789,93.40301513671875,8180.47998046875,68.61499786376953,1.9450000524520874
2018-07-31,11356.5,5549.9599609375,115.98999786376953,93.91297912597656,7780.43994140625,68.68499755859375,1.9850000143051147
2018-08-01,11346.2001953125,5544.18994140625,115.13999938964844,93.14789581298828,7624.91015625,68.4968032836914,1.9780000448226929
2018-08-02,11244.7001953125,5572.080078125,114.5199966430664,93.28155517578125,7567.14990234375,68.30709838867188,1.965000033378601
2018-08-03,11360.7998046875,5598.7099609375,114.91999816894531,93.7454833984375,7434.39013671875,68.6155014038086,1.9600000381469727
2018-08-04,,,,,7032.85009765625,,
2018-08-05,,,,,7068.47998046875,,
2018-08-06,11387.099609375,5619.0498046875,114.33000183105469,93.80055236816406,6951.7998046875,68.50499725341797,1.968000054359436
2018-08-07,11389.4501953125,5634.97998046875,114.58999633789062,93.31304931640625,6753.1201171875,68.80999755859375,2.007999897003174
2018-08-08,11450.0,5633.669921875,114.91000366210938,93.4073715209961,6305.7998046875,68.59600067138672,2.007999897003174
2018-08-09,11470.7001953125,5627.0,114.73999786376953,94.19371032714844,6568.22998046875,68.45500183105469,2.005000114440918
2018-08-10,11429.5,5588.66015625,114.69000244140625,94.87783813476562,6184.7099609375,69.0999984741211,2.0
2018-08-11,,,,,6295.72998046875,,
2018-08-12,,,,,6322.68994140625,,
2018-08-13,11355.75,5566.35986328125,112.95999908447266,94.6812515258789,6297.56982421875,69.08499908447266,1.9950000047683716
2018-08-14,11435.099609375,5602.41015625,113.06999969482422,94.46894073486328,6199.7099609375,69.9490966796875,2.0329999923706055
2018-08-15,,5560.85009765625,111.19000244140625,95.01934051513672,6308.52001953125,69.94999694824219,2.0199999809265137
2018-08-16,11385.0498046875,5606.56005859375,111.0999984741211,95.01150512695312,6334.72998046875,70.66000366210938,2.015000104904175
2018-08-17,11470.75,5625.66015625,112.12999725341797,95.12945556640625,6580.6298828125,70.00499725341797,1.9950000047683716
2018-08-18,,,,,6423.759765625,,
2018-08-19,,,,,6506.06982421875,,
2018-08-20,11551.75,5639.52978515625,112.69000244140625,95.76638793945312,6308.52978515625,69.78500366210938,1.9930000305175781
2018-08-21,11570.900390625,5651.39013671875,113.0199966430664,95.44397735595703,6488.759765625,69.73999786376953,2.0350000858306885
2018-08-22,,5649.31005859375,113.2699966430664,95.82142639160156,6376.7099609375,69.80999755859375,2.0350000858306885
2018-08-23,11582.75,5640.10009765625,112.19999694824219,95.9708251953125,6534.8798828125,69.79000091552734,2.0329999923706055
2018-08-24,11557.099609375,5675.1201171875,114.16000366210938,96.15950775146484,6719.9599609375,70.2750015258789,2.0480000972747803
2018-08-25,,,,,6763.18994140625,,
2018-08-26,,,,,6707.259765625,,
2018-08-27,11691.9501953125,5719.2998046875,114.58999633789062,95.60916900634766,6884.64013671875,69.76499938964844,2.059999942779541
2018-08-28,11738.5,5720.89013671875,113.68000030517578,95.03509521484375,7096.27978515625,69.94499969482422,2.078000068664551
2018-08-29,11691.900390625,5754.0,114.19999694824219,95.16088104248047,7047.16015625,70.54000091552734,2.0799999237060547
2018-08-30,11676.7998046875,5729.4501953125,113.63999938964844,95.36534881591797,6978.22998046875,70.91000366210938,2.058000087738037
2018-08-31,11680.5,5730.7998046875,113.51000213623047,95.14518737792969,7037.580078125,71.40499877929688,2.055000066757202
2018-09-01,,,,,7193.25,,
2018-09-02,,,,,7272.72021484375,,
2018-09-03,11582.349609375,,,,7260.06005859375,70.99500274658203,
2018-09-04,11520.2998046875,5721.85986328125,112.93000030517578,94.59510040283203,7361.66015625,71.06999969482422,2.068000078201294
2018-09-05,11476.9501953125,5705.85986328125,113.31999969482422,94.34286499023438,6792.830078125,71.75,2.0899999141693115
2018-09-06,11536.900390625,5686.7001953125,113.54000091552734,94.68965148925781,6529.169921875,71.88999938964844,2.0799999237060547
2018-09-07,11589.099609375,5674.580078125,113.2300033569336,93.88582611083984,6467.06982421875,71.93890380859375,2.0880000591278076
2018-09-08,,,,,6225.97998046875,,
2018-09-09,,,,,6300.85986328125,,
2018-09-10,11438.099609375,5685.33984375,113.1500015258789,94.23255157470703,6329.7001953125,72.09500122070312,2.0829999446868896
2018-09-11,11287.5,5706.990234375,113.22000122070312,93.51542663574219,6321.2001953125,72.44499969482422,2.1080000400543213
2018-09-12,11369.900390625,5709.080078125,114.16999816894531,93.73609161376953,6351.7998046875,72.98999786376953,2.1050000190734863
2018-09-13,,5740.75,113.76000213623047,93.87794494628906,6517.31005859375,71.92520141601562,2.0929999351501465
2018-09-14,11515.2001953125,5743.18994140625,113.0199966430664,93.42871856689453,6512.7099609375,72.02749633789062,2.1029999256134033
2018-09-15,,,,,6543.2001953125,,
2018-09-16,,,,,6517.18017578125,,
2018-09-17,11377.75,5711.2900390625,113.61000061035156,93.42871856689453,6281.2001953125,72.09500122070312,2.1080000400543213
2018-09-18,11278.900390625,5742.18017578125,113.44000244140625,92.4514389038086,6371.2998046875,72.53479766845703,2.125
2018-09-19,11234.349609375,5749.39013671875,113.87999725341797,91.89979553222656,6398.5400390625,73.12000274658203,2.119999885559082
2018-09-20,,5794.72021484375,114.2699966430664,92.32538604736328,6519.669921875,72.34500122070312,2.118000030517578
2018-09-21,11143.099609375,5792.72021484375,113.48999786376953,92.28595733642578,6734.9501953125,71.72000122070312,2.122999906539917
2018-09-22,,,,,6721.97998046875,,
2018-09-23,,,,,6710.6298828125,,
2018-09-24,10967.400390625,5772.35986328125,113.47000122070312,92.0495376586914,6595.41015625,72.2300033569336,2.122999906539917
2018-09-25,11067.4501953125,5765.25,113.6500015258789,91.95496368408203,6446.47021484375,73.30000305175781,2.1679999828338623
2018-09-26,11053.7998046875,5746.27001953125,113.05000305175781,92.60118865966797,6495.0,73.08999633789062,2.1600000858306885
2018-09-27,10977.5498046875,5763.22021484375,112.05000305175781,92.66421508789062,6676.75,72.7699966430664,2.140000104904175
2018-09-28,10930.4501953125,5763.419921875,112.76000213623047,92.41988372802734,6644.1298828125,72.94999694824219,2.1500000953674316
2018-09-29,,,,,6601.9599609375,,
2018-09-30,,,,,6625.56005859375,,
2018-10-01,11008.2998046875,5784.4501953125,112.56999969482422,91.7414321899414,6589.6201171875,72.50499725341797,2.1549999713897705
2018-10-02,,5782.3701171875,113.87000274658203,92.30220031738281,6556.10009765625,73.75499725341797,2.174999952316284
2018-10-03,10858.25,5786.47998046875,113.41999816894531,90.6988525390625,6502.58984375,73.27999877929688,2.1700000762939453
2018-10-04,10599.25,5740.56005859375,113.4800033569336,90.0590591430664,6576.68994140625,73.8499984741211,2.1700000762939453
2018-10-05,10316.4501953125,5708.89990234375,113.80000305175781,89.28501892089844,6622.47998046875,74.22000122070312,2.1649999618530273
2018-10-06,,,,,6588.31005859375,,
2018-10-07,,,,,6602.9501953125,,
2018-10-08,10348.0498046875,5706.66015625,112.54000091552734,88.98487091064453,6652.22998046875,73.76300048828125,2.1649999618530273
2018-10-09,10301.0498046875,5700.22998046875,112.5999984741211,89.88533020019531,6642.64013671875,73.88999938964844,2.184999942779541
2018-10-10,10460.099609375,5512.93994140625,112.87999725341797,89.64045715332031,6585.52978515625,74.55000305175781,2.2200000286102295
2018-10-11,10234.650390625,5399.5400390625,115.77999877929688,90.73043823242188,6256.240234375,74.5999984741211,2.2149999141693115
2018-10-12,10472.5,5476.830078125,115.2300033569336,90.41452026367188,6274.580078125,74.16000366210938,2.2179999351501465
2018-10-13,,,,,6285.990234375,,
2018-10-14,,,,,6290.93017578125,,
2018-10-15,10512.5,5444.60986328125,116.0,90.375,6596.5400390625,73.6760025024414,2.2300000190734863
2018-10-16,10584.75,5561.7998046875,115.80000305175781,90.58035278320312,6596.10986328125,74.08000183105469,2.259999990463257
2018-10-17,10453.0498046875,5560.6201171875,115.79000091552734,90.04328918457031,6544.43017578125,73.45549774169922,2.259999990463257
2018-10-18,,5481.1298828125,115.91999816894531,90.01165771484375,6476.7099609375,73.91999816894531,2.255000114440918
2018-10-19,10303.5498046875,5479.2998046875,116.01000213623047,89.81419372558594,6465.41015625,74.16000366210938,2.259999990463257
2018-10-20,,,,,6489.18994140625,,
2018-10-21,,,,,6482.35009765625,,
2018-10-22,10245.25,5455.8798828125,115.70999908447266,89.69572448730469,6487.16015625,73.46499633789062,2.257999897003174
2018-10-23,10146.7998046875,5426.080078125,116.38999938964844,89.98009490966797,6475.740234375,73.8594970703125,2.2899999618530273
2018-10-24,10224.75,5258.60986328125,116.66000366210938,90.6593246459961,6495.83984375,73.22129821777344,2.2850000858306885
2018-10-25,10124.900390625,5356.5400390625,116.4000015258789,90.28021240234375,6476.2900390625,73.22049713134766,2.2799999713897705
2018-10-26,10030.0,5263.740234375,116.7699966430664,90.82521057128906,6474.75,73.22019958496094,2.2730000019073486
2018-10-27,,,,,6480.3798828125,,
2018-10-28,,,,,6486.39013671875,,
2018-10-29,10250.849609375,5229.27978515625,116.30999755859375,90.6198501586914,6332.6298828125,73.125,2.259999990463257
2018-10-30,10198.400390625,5311.669921875,115.80000305175781,90.16967010498047,6334.27001953125,73.5905990600586,2.2829999923706055
2018-10-31,10386.599609375,5369.490234375,115.1500015258789,89.7115249633789,6317.60986328125,73.6500015258789,2.2780001163482666
2018-11-01,10380.4501953125,5426.330078125,116.62999725341797,89.794677734375,6377.77978515625,74.06999969482422,2.2699999809265137
2018-11-02,10553.0,5392.52978515625,116.6500015258789,88.67826080322266,6388.43994140625,73.30999755859375,2.2730000019073486
2018-11-03,,,,,6361.259765625,,
2018-11-04,,,,,6376.1298828125,,
2018-11-05,10524.0,5422.8798828125,116.37000274658203,89.0266342163086,6419.66015625,72.90499877929688,2.2679998874664307
2018-11-06,10530.0,5457.25,116.04000091552734,88.97126770019531,6461.009765625,72.86000061035156,2.309999942779541
2018-11-07,10598.400390625,5573.06005859375,116.02999877929688,89.08997344970703,6530.14013671875,73.2300033569336,2.309999942779541
2018-11-08,,5562.0,115.77999877929688,89.08210754394531,6453.72021484375,72.37999725341797,2.302999973297119
2018-11-09,10585.2001953125,5511.7900390625,114.4800033569336,89.74713134765625,6385.6201171875,72.9000015258789,2.299999952316284
2018-11-10,,,,,6409.22021484375,,
2018-11-11,,,,,6411.27001953125,,
2018-11-12,10482.2001953125,5403.18994140625,113.66000366210938,90.33306121826172,6371.27001953125,72.47000122070312,2.299999952316284
2018-11-13,10582.5,5395.3701171875,113.69999694824219,90.27764892578125,6359.490234375,73.18000030517578,2.2950000762939453
2018-11-14,10576.2998046875,5355.93994140625,114.63999938964844,90.33306121826172,5738.35009765625,72.55000305175781,2.325000047683716
2018-11-15,10616.7001953125,5414.43017578125,114.7699966430664,90.29348754882812,5648.02978515625,72.4000015258789,2.309999942779541
2018-11-16,10682.2001953125,5426.85986328125,115.62000274658203,90.81603240966797,5575.5498046875,71.8917007446289,2.299999952316284
2018-11-17,,,,,5554.330078125,,
2018-11-18,,,,,5623.5400390625,,
2018-11-19,10763.400390625,5336.7001953125,115.66999816894531,91.06944274902344,4871.490234375,71.7750015258789,2.299999952316284
2018-11-20,10656.2001953125,5240.22998046875,115.66999816894531,91.10106658935547,4451.8701171875,71.69000244140625,2.3350000381469727
2018-11-21,10600.0498046875,5256.60986328125,115.86000061035156,91.06944274902344,4602.169921875,71.41500091552734,2.3499999046325684
2018-11-22,10526.75,,,,4365.93994140625,71.29499816894531,
2018-11-23,,5222.43017578125,115.7699966430664,91.1644058227539,4347.10986328125,70.83499908447266,2.3480000495910645
2018-11-24,,,,,3880.760009765625,,
2018-11-25,,,,,4009.969970703125,,
2018-11-26,10628.599609375,5304.169921875,115.63999938964844,90.95853424072266,3779.1298828125,70.66999816894531,2.3429999351501465
2018-11-27,10685.599609375,5321.52001953125,114.94999694824219,91.06149291992188,3820.719970703125,70.80999755859375,2.3529999256134033
2018-11-28,10728.849609375,5444.1201171875,115.37999725341797,90.61808776855469,4257.419921875,70.87999725341797,2.3350000381469727
2018-11-29,10858.7001953125,5433.490234375,115.73999786376953,90.97441101074219,4278.8466796875,70.5999984741211,2.309999942779541
2018-11-30,10876.75,5478.91015625,115.54000091552734,91.31484985351562,4017.2685546875,69.91999816894531,2.308000087738037
2018-12-01,,,,,4214.671875,,
2018-12-02,,,,,4139.8779296875,,
2018-12-03,10883.75,5538.85986328125,116.41000366210938,91.96321868896484,3894.130859375,69.76000213623047,2.2880001068115234
2018-12-04,10869.5,5359.91015625,117.12000274658203,93.50286865234375,3956.893798828125,70.48500061035156,2.365000009536743
2018-12-05,10782.900390625,,,,3753.994873046875,70.62999725341797,
2018-12-06,10601.150390625,5353.43017578125,117.13999938964844,93.7964859008789,3521.101806640625,70.87000274658203,2.3529999256134033
2018-12-07,10693.7001953125,5229.43994140625,118.08999633789062,93.97108459472656,3419.937255859375,70.75,2.3399999141693115
2018-12-08,,,,,3476.11474609375,,
2018-12-09,,,,,3614.234375,,
2018-12-10,10488.4501953125,5238.7001953125,117.68000030517578,94.3599624633789,3502.656005859375,71.36499786376953,2.3299999237060547
2018-12-11,10549.150390625,5237.10009765625,117.54000091552734,94.34405517578125,3424.588134765625,72.7300033569336,2.369999885559082
2018-12-12,10737.599609375,5265.52978515625,117.79000091552734,93.92345428466797,3486.9501953125,72.62000274658203,2.375
2018-12-13,10791.5498046875,5265.4599609375,117.52999877929688,93.70124816894531,3313.67724609375,72.1500015258789,2.36299991607666
2018-12-14,10805.4501953125,5165.60009765625,117.05999755859375,94.02660369873047,3242.48486328125,71.5469970703125,2.368000030517578
2018-12-15,,,,,3236.76171875,,
2018-12-16,,,,,3252.839111328125,,
2018-12-17,10888.349609375,5058.580078125,117.87000274658203,94.57418823242188,3545.86474609375,71.91000366210938,2.3399999141693115
2018-12-18,10908.7001953125,5059.33984375,118.1500015258789,95.14059448242188,3696.05908203125,71.58999633789062,2.328000068664551
2018-12-19,10967.2998046875,4981.919921875,117.43000030517578,96.39745330810547,3745.95068359375,70.56999969482422,2.3380000591278076
2018-12-20,10951.7001953125,4903.4599609375,119.23999786376953,96.04747009277344,4134.44140625,70.68550109863281,2.3350000381469727
2018-12-21,10754.0,4802.509765625,118.72000122070312,96.03153991699219,3896.543701171875,70.30000305175781,2.3299999237060547
2018-12-22,,,,,4014.1826171875,,
2018-12-23,,,,,3998.980224609375,,
2018-12-24,10663.5,4672.66015625,120.0199966430664,96.50883483886719,4078.59912109375,70.13999938964844,2.3329999446868896
2018-12-25,,,,,3815.49072265625,70.23999786376953,
2018-12-26,10729.849609375,4904.490234375,119.66000366210938,95.47470092773438,3857.297607421875,70.23999786376953,2.380000114440918
2018-12-27,10779.7998046875,4946.93994140625,120.56999969482422,95.49066162109375,3654.83349609375,70.1500015258789,2.3480000495910645
2018-12-28,10859.900390625,4941.60986328125,121.05999755859375,96.29401397705078,3923.918701171875,69.98999786376953,2.328000068664551
2018-12-29,,,,,3820.40869140625,,
2018-12-30,,,,,3865.95263671875,,
2018-12-31,10862.5498046875,4984.22021484375,121.25,96.65997314453125,3742.700439453125,69.92250061035156,2.299999952316284
2019-01-01,,,,,3843.52001953125,69.70999908447266,
2019-01-02,10792.5,4990.56005859375,121.33000183105469,97.16908264160156,3943.409423828125,69.70999908447266,2.365000009536743
2019-01-03,10672.25,4868.2998046875,122.43000030517578,98.27481842041016,3836.7412109375,69.95999908447266,2.3550000190734863
2019-01-04,10727.349609375,5035.4501953125,121.44000244140625,97.1373062133789,3857.717529296875,70.30000305175781,2.3580000400543213
2019-01-05,,,,,3845.194580078125,,
2019-01-06,,,,,4076.632568359375,,
2019-01-07,10771.7998046875,5070.759765625,121.86000061035156,96.85089874267578,4025.248291015625,69.5250015258789,2.3529999256134033
2019-01-08,10802.150390625,5120.0400390625,121.52999877929688,96.59637451171875,4030.847900390625,69.80999755859375,2.4000000953674316
2019-01-09,10855.150390625,5142.66015625,122.30999755859375,96.44519805908203,4035.29638671875,70.33000183105469,2.390000104904175
2019-01-10,10821.599609375,5165.89013671875,121.58999633789062,95.82470703125,3678.924560546875,70.55049896240234,2.375
2019-01-11,10794.9501953125,5165.14990234375,121.80000305175781,96.19859313964844,3687.365478515625,70.72000122070312,2.369999885559082
2019-01-12,,,,,3661.301025390625,,
2019-01-13,,,,,3552.953125,,
2019-01-14,10737.599609375,5138.580078125,122.08999633789062,95.84061431884766,3706.05224609375,70.37000274658203,2.359999895095825
2019-01-15,10886.7998046875,5193.77978515625,121.87999725341797,95.49066162109375,3630.67529296875,71.08499908447266,2.382999897003174
2019-01-16,10890.2998046875,5205.4501953125,122.2699966430664,95.58606719970703,3655.0068359375,71.09249877929688,2.36299991607666
2019-01-17,10905.2001953125,5245.47998046875,122.11000061035156,95.60992431640625,3678.56396484375,71.36499786376953,2.3550000190734863
2019-01-18,10906.9501953125,5314.77978515625,121.0199966430664,95.10873413085938,3657.83935546875,71.03019714355469,2.3480000495910645
2019-01-19,,,,,3728.568359375,,
2019-01-20,,,,,3601.013671875,,
2019-01-21,10961.849609375,,,,3576.032470703125,71.2300033569336,
2019-01-22,10922.75,5239.75,121.44999694824219,95.75312805175781,3604.5771484375,71.5,2.3450000286102295
2019-01-23,10831.5,5251.2900390625,121.27999877929688,95.71337890625,3585.123046875,71.2302017211914,2.3529999256134033
2019-01-24,10849.7998046875,5258.68994140625,121.08999633789062,96.34178924560547,3600.865478515625,71.15730285644531,2.305000066757202
2019-01-25,10780.5498046875,5303.509765625,122.86000061035156,95.88040924072266,3599.765869140625,70.98999786376953,2.328000068664551
2019-01-26,,,,,3602.46044921875,,
2019-01-27,,,,,3583.9658203125,,
2019-01-28,10661.5498046875,5261.8798828125,123.29000091552734,95.78494262695312,3470.450439453125,70.9749984741211,2.3329999446868896
2019-01-29,10652.2001953125,5254.31005859375,123.9800033569336,96.27021026611328,3448.116943359375,71.09010314941406,2.365000009536743
2019-01-30,10651.7998046875,5336.60009765625,124.69000244140625,96.19859313964844,3486.181640625,71.62000274658203,2.365000009536743
2019-01-31,10830.9501953125,5383.6298828125,124.75,97.02587890625,3457.792724609375,71.12000274658203,2.3399999141693115
2019-02-01,10893.650390625,5389.18994140625,124.5,96.43988037109375,3487.9453125,71.19999694824219,2.3399999141693115
2019-02-02,,,,,3521.060791015625,,
2019-02-03,,,,,3464.013427734375,,
2019-02-04,10912.25,5425.7998046875,123.95999908447266,96.00936126708984,3459.154052734375,71.45169830322266,2.3350000381469727
2019-02-05,10934.349609375,5451.39990234375,124.27999877929688,96.44792175292969,3466.357421875,71.68499755859375,2.365000009536743
2019-02-06,11062.4501953125,5439.7998046875,123.44000244140625,96.4957046508789,3413.767822265625,71.7699966430664,2.365000009536743
2019-02-07,11069.400390625,5389.68994140625,123.73999786376953,97.1335220336914,3399.4716796875,71.54049682617188,2.3550000190734863
2019-02-08,10943.599609375,5395.1201171875,124.20999908447266,97.54813385009766,3666.7802734375,71.58000183105469,2.365000009536743
2019-02-09,,,,,3671.20361328125,,
2019-02-10,,,,,3690.188232421875,,
2019-02-11,10888.7998046875,5399.0,123.5999984741211,97.16545104980469,3648.4306640625,71.1500015258789,2.375
2019-02-12,10831.400390625,5468.97998046875,123.86000061035156,96.91828155517578,3653.528564453125,71.2300033569336,2.378000020980835
2019-02-13,,5485.97021484375,123.37000274658203,96.55152130126953,3632.070556640625,70.80999755859375,2.372999906539917
2019-02-14,10746.0498046875,5473.330078125,124.05999755859375,97.10162353515625,3616.880859375,70.86509704589844,2.372999906539917
2019-02-15,10724.400390625,5533.27001953125,124.80000305175781,97.2531509399414,3620.810791015625,71.01000213623047,2.369999885559082
2019-02-16,,,,,3629.78759765625,,
2019-02-17,,,,,3673.836181640625,,
2019-02-18,10640.9501953125,,,,3915.71435546875,71.31999969482422,
2019-02-19,10604.349609375,5541.97998046875,126.69999694824219,97.50029754638672,3947.094482421875,71.69999694824219,2.372999906539917
2019-02-20,10735.4501953125,5552.89990234375,126.4800033569336,97.22122955322266,3999.820556640625,71.5999984741211,2.382999897003174
2019-02-21,10789.849609375,5533.7998046875,125.05000305175781,96.35220336914062,3954.1181640625,71.30000305175781,2.3949999809265137
2019-02-22,10791.650390625,5569.4501953125,125.5,96.92623901367188,4005.526611328125,71.18499755859375,2.3929998874664307
2019-02-23,,,,,4142.52685546875,,
2019-02-24,,,,,3810.427490234375,,
2019-02-25,10880.099609375,5577.08984375,125.37000274658203,96.6391830444336,3882.6962890625,71.03099822998047,2.3929998874664307
2019-02-26,10835.2998046875,5572.740234375,125.58000183105469,97.11762237548828,3854.35791015625,71.08999633789062,2.4000000953674316
2019-02-27,10806.650390625,5570.56982421875,124.69000244140625,96.0173110961914,3851.04736328125,70.94000244140625,2.3929998874664307
2019-02-28,10792.5,5556.490234375,123.98999786376953,95.69046020507812,3854.785400390625,71.19000244140625,2.382999897003174
2019-03-01,10863.5,5595.10986328125,121.87999725341797,94.80599212646484,3859.583740234375,70.81600189208984,2.378000020980835
2019-03-02,,,,,3864.4150390625,,
2019-03-03,,,,,3847.17578125,,
2019-03-04,,5573.52978515625,121.55999755859375,95.54901885986328,3761.55712890625,70.98999786376953,2.375
2019-03-05,10987.4501953125,5567.39990234375,121.72000122070312,95.74877166748047,3896.375,70.9000015258789,2.4000000953674316
2019-03-06,11053.0,5531.33984375,121.61000061035156,96.10031127929688,3903.942626953125,70.74250030517578,2.4049999713897705
2019-03-07,11058.2001953125,5487.56005859375,121.51000213623047,96.72354888916016,3911.484375,70.36499786376953,2.3949999809265137
2019-03-08,11035.400390625,5476.39013671875,122.83999633789062,97.13098907470703,3901.131591796875,70.48750305175781,2.3929998874664307
2019-03-09,,,,,3963.313720703125,,
2019-03-10,,,,,3951.599853515625,,
2019-03-11,11168.0498046875,5556.77001953125,122.23999786376953,96.84333038330078,3905.227294921875,69.98690032958984,2.380000114440918
2019-03-12,11301.2001953125,5556.77001953125,122.9800033569336,97.5224838256836,3909.15625,69.79010009765625,2.3949999809265137
2019-03-13,11341.7001953125,5612.56005859375,123.83999633789062,97.3387222290039,3906.71728515625,69.84500122070312,2.388000011444092
2019-03-14,11343.25,5609.58984375,122.41000366210938,96.63566589355469,3924.369140625,69.72630310058594,2.388000011444092
2019-03-15,11426.849609375,5637.77001953125,122.97000122070312,97.27483367919922,3960.9111328125,69.3373031616211,2.388000011444092
2019-03-16,,,,,4048.725830078125,,
2019-03-17,,,,,4025.22900390625,,
2019-03-18,11462.2001953125,5658.72998046875,123.04000091552734,97.2188949584961,4032.50732421875,68.9530029296875,2.384999990463257
2019-03-19,11532.400390625,5658.14990234375,123.37999725341797,97.00318908691406,4071.190185546875,68.61799621582031,2.4049999713897705
2019-03-20,11521.0498046875,5641.740234375,124.18000030517578,98.01785278320312,4087.476318359375,69.31749725341797,2.4079999923706055
2019-03-21,,5703.27978515625,123.68000030517578,98.23358917236328,4029.326904296875,68.82499694824219,2.4079999923706055
2019-03-22,11456.900390625,5595.5,123.97000122070312,99.75959777832031,4023.96826171875,68.93000030517578,2.3980000019073486
2019-03-23,,,,,4035.826416015625,,
2019-03-24,,,,,4022.168212890625,,
2019-03-25,11354.25,5591.22998046875,124.91999816894531,99.91939544677734,3963.070556640625,69.1604995727539,2.390000104904175
2019-03-26,11483.25,5631.39013671875,124.30000305175781,99.84748077392578,3985.080810546875,68.92340087890625,2.4049999713897705
2019-03-27,11445.0498046875,5605.31982421875,123.6500015258789,100.76632690429688,4087.066162109375,69.42749786376953,2.378000020980835
2019-03-28,11570.0,5626.31982421875,121.9000015258789,101.11784362792969,4069.107177734375,69.37000274658203,2.369999885559082
2019-03-29,,5664.4599609375,122.01000213623047,101.02198028564453,4098.37451171875,69.5,2.328000068664551
2019-03-30,,,,,4106.66015625,,
2019-03-31,,,,,4105.404296875,,
2019-04-01,11669.150390625,5730.0400390625,121.52999877929688,99.58710479736328,4158.18310546875,69.43000030517578,2.322999954223633
2019-04-02,11713.2001953125,5730.35009765625,121.9800033569336,99.77129364013672,4879.8779296875,69.19529724121094,2.369999885559082
2019-04-03,11643.9501953125,5742.669921875,121.80000305175781,98.90644836425781,4973.02197265625,68.91020202636719,2.372999906539917
2019-04-04,11598.0,5755.9599609375,122.11000061035156,99.18670654296875,4922.798828125,68.8499984741211,2.369999885559082
2019-04-05,11665.9501953125,5782.7001953125,121.9800033569336,99.3148422241211,5036.68115234375,68.97039794921875,2.369999885559082
2019-04-06,,,,,5059.8173828125,,
2019-04-07,,,,,5198.89697265625,,
2019-04-08,11604.5,5788.85986328125,122.51000213623047,98.96247863769531,5289.77099609375,69.16000366210938,2.365000009536743
2019-04-09,11671.9501953125,5755.490234375,123.1500015258789,99.27483367919922,5204.95849609375,69.55249786376953,2.365000009536743
2019-04-10,11584.2998046875,5775.990234375,123.52999877929688,99.5150146484375,5324.5517578125,69.26180267333984,2.36299991607666
2019-04-11,11596.7001953125,5776.27978515625,121.94999694824219,98.93047332763672,5064.48779296875,69.14019775390625,2.365000009536743
2019-04-12,11643.4501953125,5815.0400390625,121.83000183105469,98.2258529663086,5089.5390625,69.43000030517578,2.375
2019-04-13,,,,,5096.58642578125,,
2019-04-14,,,,,5167.72216796875,,
2019-04-15,11690.349609375,5811.509765625,121.5999984741211,98.47406768798828,5067.1083984375,69.16100311279297,2.359999895095825
2019-04-16,11787.150390625,5814.4599609375,120.51000213623047,97.85748291015625,5235.5595703125,69.80999755859375,2.378000020980835
2019-04-17,,5801.830078125,120.27999877929688,97.89752197265625,5251.93798828125,69.88500213623047,2.380000114440918
2019-04-18,11752.7998046875,5811.1298828125,120.37000274658203,98.40998077392578,5298.3857421875,69.4010009765625,2.365000009536743
2019-04-19,,,,,5303.8125,69.38099670410156,
2019-04-20,,,,,5337.88623046875,,
2019-04-21,,,,,5314.53125,,
2019-04-22,11594.4501953125,5817.16015625,120.37000274658203,97.93751525878906,5399.365234375,69.36000061035156,2.375
2019-04-23,11575.9501953125,5868.8798828125,120.12000274658203,98.1457748413086,5572.3623046875,70.0625,2.390000104904175
2019-04-24,11726.150390625,5856.02978515625,120.47000122070312,98.94651794433594,5464.86669921875,69.75800323486328,2.375
2019-04-25,11641.7998046875,5853.8701171875,120.56999969482422,98.80237579345703,5210.515625,70.0958023071289,2.365000009536743
2019-04-26,11754.650390625,5881.47998046875,121.37000274658203,99.138671875,5279.34814453125,70.16000366210938,2.359999895095825
2019-04-27,,,,,5268.291015625,,
2019-04-28,,,,,5285.13916015625,,
2019-04-29,,5888.0498046875,120.83000183105469,98.506103515625,5247.3525390625,69.84200286865234,2.359999895095825
2019-04-30,11748.150390625,5893.81005859375,121.19999694824219,99.01056671142578,5350.7265625,69.81179809570312,2.368000030517578
2019-05-01,,5849.64990234375,120.4000015258789,99.41899108886719,5402.697265625,69.55599975585938,2.36299991607666
2019-05-02,11724.75,5837.4599609375,119.94000244140625,98.94557189941406,5505.28369140625,69.63289642333984,2.372999906539917
2019-05-03,11712.25,5894.2998046875,120.6500015258789,99.22643280029297,5768.28955078125,69.42440032958984,2.368000030517578
2019-05-04,,,,,5831.16748046875,,
2019-05-05,,,,,5795.70849609375,,
2019-05-06,11598.25,5868.4501953125,120.80999755859375,99.49921417236328,5746.80712890625,69.16799926757812,2.36299991607666
2019-05-07,11497.900390625,5771.58984375,121.20999908447266,100.26150512695312,5829.50146484375,69.40029907226562,2.368000030517578
2019-05-08,11359.4501953125,5762.47998046875,120.91000366210938,99.82817840576172,5982.45751953125,69.91000366210938,2.369999885559082
2019-05-09,11301.7998046875,5747.080078125,121.19999694824219,100.23741912841797,6174.52880859375,70.01000213623047,2.369999885559082
2019-05-10,11278.900390625,5770.43994140625,121.43000030517578,100.10102844238281,6378.84912109375,70.41000366210938,2.369999885559082
2019-05-11,,,,,7204.771484375,,
2019-05-12,,,,,6972.37158203125,,
2019-05-13,11148.2001953125,5631.41015625,122.66999816894531,100.88742065429688,7814.9150390625,69.92250061035156,2.3499999046325684
2019-05-14,11222.0498046875,5677.2001953125,122.45999908447266,100.59050750732422,7994.416015625,70.61699676513672,2.3529999256134033
2019-05-15,11157.0,5711.490234375,122.38999938964844,101.20841217041016,8205.16796875,70.30699920654297,2.3499999046325684
2019-05-16,11257.099609375,5763.9501953125,121.51000213623047,100.87137603759766,7884.9091796875,70.20919799804688,2.3380000591278076
2019-05-17,11407.150390625,5730.89013671875,120.6500015258789,101.09603881835938,7343.8955078125,70.23500061035156,2.3299999237060547
2019-05-18,,,,,7271.2080078125,,
2019-05-19,,,,,8197.689453125,,
2019-05-20,11828.25,5692.2998046875,120.63999938964844,100.88742065429688,7978.30908203125,70.28150177001953,2.319999933242798
2019-05-21,11709.099609375,5740.81005859375,120.36000061035156,100.72689056396484,7963.32763671875,70.12750244140625,2.3299999237060547
2019-05-22,11737.900390625,5724.7099609375,120.23999786376953,101.30467224121094,7680.06640625,,2.319999933242798
2019-05-23,11657.0498046875,5657.10009765625,121.16999816894531,102.44406127929688,7881.8466796875,69.97250366210938,2.302999973297119
2019-05-24,11844.099609375,5665.60009765625,121.30000305175781,102.53234100341797,7987.37158203125,69.94499969482422,2.2880001068115234
2019-05-25,,,,,8052.5439453125,,
2019-05-26,,,,,8673.2158203125,,
2019-05-27,11924.75,,,,8805.7783203125,69.36000061035156,
2019-05-28,11928.75,5618.18017578125,120.83000183105469,103.27053833007812,8719.9619140625,69.72000122070312,2.2980000972747803
2019-05-29,11861.099609375,5579.509765625,120.87000274658203,103.58348083496094,8659.4873046875,69.875,2.2980000972747803
2019-05-30,11945.900390625,5591.97021484375,121.69000244140625,104.47415161132812,8319.47265625,69.81500244140625,2.309999942779541
2019-05-31,11922.7998046875,5519.27001953125,123.33000183105469,105.78211975097656,8574.501953125,69.9800033569336,2.2929999828338623
2019-06-01,,,,,8564.0166015625,,
2019-06-02,,,,,8742.9580078125,,
2019-06-03,12088.5498046875,5504.0498046875,125.11000061035156,106.48968505859375,8208.9951171875,69.5696029663086,2.2799999713897705
2019-06-04,12021.650390625,5622.31005859375,125.1500015258789,105.27555847167969,7707.77099609375,69.16190338134766,2.2950000762939453
2019-06-05,,5668.89013671875,125.47000122070312,104.68055725097656,7824.2314453125,69.55999755859375,2.2850000858306885
2019-06-06,11843.75,5705.22021484375,125.87999725341797,105.01824951171875,7822.0234375,69.625,2.255000114440918
2019-06-07,11870.650390625,5765.66015625,126.58999633789062,105.92688751220703,8043.951171875,69.36000061035156,2.2149999141693115
2019-06-08,,,,,7954.1279296875,,
2019-06-09,,,,,7688.0771484375,,
2019-06-10,11922.7001953125,5792.56005859375,125.33000183105469,104.9298095703125,8000.32958984375,69.34500122070312,2.2200000286102295
2019-06-11,11965.599609375,5790.830078125,125.18000030517578,104.994140625,7927.71435546875,69.52349853515625,2.2130000591278076
2019-06-12,11906.2001953125,5779.1201171875,125.83000183105469,105.07453918457031,8145.857421875,69.3864974975586,2.1649999618530273
2019-06-13,11914.0498046875,5804.52978515625,126.5999984741211,105.43640899658203,8230.923828125,69.69999694824219,2.140000104904175
2019-06-14,11823.2998046875,5795.9599609375,126.55999755859375,105.70174407958984,8693.8330078125,69.80000305175781,2.125
2019-06-15,,,,,8838.375,,
2019-06-16,,,,,8994.48828125,,
2019-06-17,11672.150390625,5801.39990234375,126.4800033569336,105.88665771484375,9320.3525390625,69.77050018310547,2.138000011444092
2019-06-18,11691.5,5857.9501953125,127.12000274658203,106.41732788085938,9081.7626953125,70.11250305175781,2.1679999828338623
2019-06-19,11691.4501953125,5875.4501953125,127.88999938964844,106.57005310058594,9273.521484375,69.76499938964844,2.125
2019-06-20,11831.75,5931.66015625,131.11000061035156,106.85152435302734,9527.16015625,69.87000274658203,2.078000068664551
2019-06-21,11724.099609375,5924.5400390625,131.97999572753906,105.67758178710938,10144.556640625,69.77999877929688,2.055000066757202
2019-06-22,,,,,10701.69140625,,
2019-06-23,,,,,10855.37109375,,
2019-06-24,11699.650390625,5914.2900390625,133.94000244140625,106.46558380126953,11011.1025390625,69.56990051269531,2.058000087738037
2019-06-25,11796.4501953125,5858.1298828125,134.1999969482422,106.79527282714844,11790.9169921875,69.60250091552734,2.0829999446868896
2019-06-26,11847.5498046875,5850.89990234375,132.97000122070312,106.11177062988281,13016.2314453125,69.63749694824219,2.0929999351501465
2019-06-27,11841.5498046875,5874.14990234375,132.83999633789062,106.85957336425781,11182.806640625,69.60250091552734,2.0850000381469727
2019-06-28,11788.849609375,5908.25,133.1999969482422,106.78718566894531,12407.33203125,69.32499694824219,2.0350000858306885
2019-06-29,,,,,11959.37109375,,
2019-06-30,,,,,10817.1552734375,,
2019-07-01,11865.599609375,5953.6298828125,130.6199951171875,106.53744506835938,10583.134765625,68.94049835205078,2.065000057220459
2019-07-02,11910.2998046875,5971.2900390625,133.41000366210938,107.35919952392578,10801.677734375,69.1675033569336,2.1480000019073486
2019-07-03,11916.75,5982.89990234375,133.6300048828125,108.12458801269531,11961.26953125,69.0824966430664,2.1500000953674316
2019-07-04,11946.75,,,,11215.4375,69.00749969482422,
2019-07-05,11811.150390625,6008.31005859375,132.13999938964844,106.69052124023438,10978.4599609375,68.73999786376953,2.1630001068115234
2019-07-06,,,,,11208.55078125,,
2019-07-07,,,,,11450.8466796875,,
2019-07-08,11558.599609375,5979.33984375,131.2899932861328,106.83550262451172,12285.9580078125,68.44000244140625,2.177999973297119
2019-07-09,11555.900390625,5988.47998046875,131.75,106.79527282714844,12573.8125,68.8499984741211,2.194999933242798
2019-07-10,11498.900390625,6015.56005859375,133.8300018310547,106.20711517333984,12156.5126953125,68.76499938964844,2.130000114440918
2019-07-11,11582.900390625,6029.330078125,132.6999969482422,104.7892074584961,11358.662109375,68.36759948730469,2.0980000495910645
2019-07-12,11552.5,6057.77001953125,133.52999877929688,104.91007995605469,11815.986328125,68.66999816894531,2.0899999141693115
2019-07-13,,,,,11392.37890625,,
2019-07-14,,,,,10256.05859375,,
2019-07-15,11588.349609375,6058.830078125,133.52999877929688,105.51428985595703,10895.08984375,68.55030059814453,2.0850000381469727
2019-07-16,11662.599609375,6038.39990234375,132.39999389648438,105.20011138916016,9477.6416015625,68.74749755859375,2.1029999256134033
2019-07-17,11687.5,5999.0498046875,134.5800018310547,106.3360366821289,9693.802734375,68.8949966430664,2.072999954223633
2019-07-18,11596.900390625,6021.14990234375,136.47999572753906,106.34408569335938,10666.482421875,68.78600311279297,2.013000011444092
2019-07-19,11419.25,5984.2001953125,134.47000122070312,106.09435272216797,10530.732421875,68.8499984741211,2.013000011444092
2019-07-20,,,,,10767.1396484375,,
2019-07-21,,,,,10599.10546875,,
2019-07-22,11346.2001953125,6001.27978515625,134.4499969482422,106.29574584960938,10343.1064453125,68.83000183105469,2.0250000953674316
2019-07-23,11331.0498046875,6042.47998046875,133.69000244140625,105.71566009521484,9900.767578125,69.16000366210938,2.0329999923706055
2019-07-24,11271.2998046875,6071.0498046875,134.3699951171875,106.17495727539062,9811.92578125,69.0199966430664,2.0399999618530273
2019-07-25,11252.150390625,6039.1298828125,133.4199981689453,105.6673583984375,9911.841796875,69.18499755859375,2.059999942779541
2019-07-26,11284.2998046875,6083.81982421875,133.63999938964844,105.91712951660156,9870.3037109375,69.15049743652344,2.062999963760376
2019-07-27,,,,,9477.677734375,,
2019-07-28,,,,,9552.8603515625,,
2019-07-29,11189.2001953125,6074.009765625,134.52999877929688,105.94932556152344,9519.1455078125,68.87000274658203,2.049999952316284
2019-07-30,11085.400390625,6058.9599609375,134.97999572753906,106.20711517333984,9607.423828125,68.94999694824219,2.0399999618530273
2019-07-31,11118.0,5993.169921875,133.2100067138672,107.06110382080078,10085.6279296875,69.07749938964844,2.0299999713897705
2019-08-01,10980.0,5939.830078125,136.41000366210938,109.1873550415039,10399.6689453125,69.40499877929688,2.0299999713897705
2019-08-02,10997.349609375,5897.10009765625,135.88999938964844,110.1964340209961,10518.1748046875,69.29720306396484,2.0
2019-08-03,,,,,10821.7265625,,
2019-08-04,,,,,10970.1845703125,,
2019-08-05,10862.599609375,5721.7998046875,137.7899932861328,112.10148620605469,11805.6533203125,69.65689849853516,1.9529999494552612
2019-08-06,10948.25,5796.72021484375,138.91000366210938,112.99755096435547,11478.1689453125,71.5199966430664,1.9950000047683716
2019-08-07,10855.5,5801.31982421875,141.02000427246094,113.03793334960938,11941.96875,71.2300033569336,1.968000054359436
2019-08-08,11032.4501953125,5911.66015625,141.72999572753906,113.280029296875,11966.4072265625,71.16510009765625,1.9700000286102295
2019-08-09,11109.650390625,5873.47021484375,141.25999450683594,113.05408477783203,11862.9365234375,70.47090148925781,1.9500000476837158
2019-08-10,,,,,11354.0244140625,,
2019-08-11,,,,,11523.5791015625,,
2019-08-12,,5802.14013671875,142.6300048828125,115.41124725341797,11382.6162109375,71.03500366210938,1.9279999732971191
2019-08-13,10925.849609375,5890.16015625,141.77999877929688,115.01566314697266,10895.830078125,71.58000183105469,1.9550000429153442
2019-08-14,11029.400390625,5719.2998046875,142.75,117.60694122314453,10051.7041015625,71.08000183105469,1.9079999923706055
2019-08-15,,5734.490234375,143.6999969482422,118.91464233398438,10311.5458984375,71.63520050048828,1.843000054359436
2019-08-16,11047.7998046875,5818.169921875,142.77999877929688,117.96209716796875,10374.3388671875,71.72000122070312,1.8229999542236328
2019-08-17,,,,,10231.744140625,,
2019-08-18,,,,,10345.810546875,,
2019-08-19,11053.900390625,5888.93017578125,141.11000061035156,116.27490997314453,10916.0537109375,71.13200378417969,1.8530000448226929
2019-08-20,11017.0,5842.759765625,142.2100067138672,117.4777603149414,10763.232421875,71.99500274658203,1.899999976158142
2019-08-21,10918.7001953125,5891.18994140625,141.75999450683594,116.69474029541016,10138.0498046875,71.80999755859375,1.9279999732971191
2019-08-22,10741.349609375,5888.3701171875,141.39999389648438,115.91973876953125,10131.0556640625,71.43779754638672,1.937999963760376
2019-08-23,10829.349609375,5735.6298828125,144.1699981689453,117.82479858398438,10407.96484375,71.92040252685547,1.909999966621399
2019-08-24,,,,,10159.9609375,,
2019-08-25,,,,,10138.517578125,,
2019-08-26,11057.849609375,5799.33984375,144.19000244140625,117.3486099243164,10370.8203125,71.50250244140625,1.9329999685287476
2019-08-27,11105.349609375,5780.7900390625,145.57000732421875,119.15679168701172,10185.5,72.16000366210938,1.9429999589920044
2019-08-28,11046.099609375,5818.83984375,145.16000366210938,119.31013488769531,9754.4228515625,71.53500366210938,1.940000057220459
2019-08-29,10948.2998046875,5893.64990234375,144.1199951171875,118.85810852050781,9510.2001953125,72.08499908447266,1.940000057220459
2019-08-30,11023.25,5898.22998046875,143.75,118.89044189453125,9598.173828125,71.6801986694336,1.9329999685287476
2019-08-31,,,,,9630.6640625,,
2019-09-01,,,,,9757.970703125,,
2019-09-02,,,,,10346.7607421875,71.72989654541016,
2019-09-03,10797.900390625,5857.9501953125,145.75,119.04407501220703,10623.5400390625,71.96209716796875,1.909999966621399
2019-09-04,10844.650390625,5921.9599609375,146.66000366210938,119.22193145751953,10594.4931640625,72.45999908447266,1.9049999713897705
2019-09-05,10847.900390625,6000.3798828125,143.13999938964844,117.06278228759766,10575.533203125,71.95570373535156,1.9199999570846558
2019-09-06,10946.2001953125,6006.06982421875,141.9199981689453,117.89579772949219,10353.302734375,72.22000122070312,1.909999966621399
2019-09-07,,,,,10517.2548828125,,
2019-09-08,,,,,10441.2763671875,,
2019-09-09,11003.0498046875,6005.990234375,141.38999938964844,115.80130004882812,10334.974609375,71.66999816894531,1.9079999923706055
2019-09-10,,6008.1201171875,140.17999267578125,113.77156066894531,10115.9755859375,72.09249877929688,1.9129999876022339
2019-09-11,11035.7001953125,6051.8701171875,141.02999877929688,113.56938934326172,10178.3720703125,71.85900115966797,1.9129999876022339
2019-09-12,10982.7998046875,6070.22998046875,141.32000732421875,112.82538604736328,10410.126953125,71.56009674072266,1.8949999809265137
2019-09-13,11075.900390625,6067.5,140.14999389648438,110.41555786132812,10360.546875,71.28500366210938,1.899999976158142
2019-09-14,,,,,10358.048828125,,
2019-09-15,,,,,10347.712890625,,
2019-09-16,11003.5,6048.669921875,141.32000732421875,111.82264709472656,10276.7939453125,71.02069854736328,1.9450000524520874
2019-09-17,10817.599609375,6064.31005859375,141.60000610351562,112.42915344238281,10241.2724609375,71.74909973144531,1.937999963760376
2019-09-18,10840.650390625,6066.419921875,140.7100067138672,112.90625762939453,10198.248046875,71.70999908447266,1.8799999952316284
2019-09-19,10704.7998046875,6066.89990234375,141.27999877929688,113.2459716796875,10266.4150390625,71.5425033569336,1.8830000162124634
2019-09-20,11274.2001953125,6037.5,142.9499969482422,114.7419662475586,10181.6416015625,71.71749877929688,1.850000023841858
2019-09-21,,,,,10019.716796875,,
2019-09-22,,,,,10070.392578125,,
2019-09-23,11600.2001953125,6036.89990234375,143.75,114.71768188476562,9729.32421875,71.19159698486328,1.8450000286102295
2019-09-24,11588.2001953125,5986.580078125,144.50999450683594,116.10054779052734,8620.56640625,70.78959655761719,1.8799999952316284
2019-09-25,11440.2001953125,6023.4599609375,141.8300018310547,114.40228271484375,8486.9931640625,71.28500366210938,1.8450000286102295
2019-09-26,11571.2001953125,6009.18994140625,141.7899932861328,115.13813018798828,8118.9677734375,71.30999755859375,1.7699999809265137
2019-09-27,11512.400390625,5978.10986328125,141.05999755859375,115.4212417602539,8251.845703125,71.21499633789062,1.7300000190734863
2019-09-28,,,,,8245.9150390625,,
2019-09-29,,,,,8104.185546875,,
2019-09-30,11474.4501953125,6008.58984375,138.8699951171875,115.70431518554688,8293.8681640625,70.49870300292969,1.7699999809265137
2019-10-01,11359.900390625,5935.2001953125,139.6300048828125,116.0526123046875,8343.2763671875,70.92250061035156,1.753000020980835
2019-10-02,,5828.93017578125,141.25999450683594,116.33612823486328,8393.0419921875,71.0999984741211,1.7350000143051147
2019-10-03,11314.0,5876.85986328125,141.89999389648438,117.3973388671875,8259.9921875,71.1416015625,1.6649999618530273
2019-10-04,11174.75,5960.43017578125,141.89999389648438,118.26412963867188,8205.939453125,71.0199966430664,1.6549999713897705
2019-10-05,,,,,8151.50048828125,,
2019-10-06,,,,,7988.15576171875,,
2019-10-07,11126.400390625,5933.759765625,140.69000244140625,117.28392028808594,8245.623046875,70.81500244140625,1.6729999780654907
2019-10-08,,5841.56982421875,141.9199981689453,117.59982299804688,8228.783203125,71.36000061035156,1.6549999713897705
2019-10-09,11313.2998046875,5896.60009765625,142.0500030517578,116.93563079833984,8595.740234375,71.20999908447266,1.628000020980835
2019-10-10,11234.5498046875,5934.56005859375,140.80999755859375,115.19384002685547,8586.4736328125,71.41000366210938,1.6330000162124634
2019-10-11,11305.0498046875,6000.0400390625,140.02999877929688,113.76817321777344,8321.7568359375,70.9800033569336,1.6230000257492065
2019-10-12,,,,,8336.5556640625,,
2019-10-13,,,,,8321.005859375,,
2019-10-14,11341.150390625,5991.72021484375,140.58999633789062,114.59442901611328,8374.6865234375,70.91400146484375,1.6180000305175781
2019-10-15,11428.2998046875,6051.39013671875,139.61000061035156,113.20914459228516,8205.369140625,71.45249938964844,1.6180000305175781
2019-10-16,11464.0,6039.68994140625,140.41000366210938,113.34691619873047,8047.52685546875,71.76000213623047,1.6150000095367432
2019-10-17,11586.349609375,6056.83984375,140.61000061035156,113.07147979736328,8103.9111328125,71.62000274658203,1.625
2019-10-18,11661.849609375,6033.259765625,140.4600067138672,113.07147979736328,7973.20751953125,71.42250061035156,1.625
2019-10-19,,,,,7988.560546875,,
2019-10-20,,,,,8222.078125,,
2019-10-21,,6074.89990234375,139.7899932861328,112.22089385986328,8243.720703125,71.02999877929688,1.625
2019-10-22,11588.349609375,6053.419921875,140.1999969482422,112.87709045410156,8078.203125,71.1050033569336,1.6150000095367432
2019-10-23,11604.099609375,6070.8701171875,140.52999877929688,112.990478515625,7514.671875,71.07499694824219,1.6150000095367432
2019-10-24,11582.599609375,6082.5400390625,141.52999877929688,112.76366424560547,7493.48876953125,70.71499633789062,1.6230000257492065
2019-10-25,11583.900390625,6107.419921875,141.86000061035156,112.2127914428711,8660.7001953125,71.19000244140625,1.625
2019-10-26,,,,,9244.97265625,,
2019-10-27,,,,,9551.71484375,,
2019-10-28,,6141.509765625,140.63999938964844,111.1921157836914,9256.1484375,70.83000183105469,1.6050000190734863
2019-10-29,11786.849609375,6136.47021484375,140.25,111.26502227783203,9427.6875,70.73500061035156,1.5950000286102295
2019-10-30,11844.099609375,6156.93017578125,141.02000427246094,112.89328002929688,9205.7265625,70.88459777832031,1.5950000286102295
2019-10-31,11877.4501953125,6138.72998046875,142.42999267578125,114.41621398925781,9199.5849609375,70.98999786376953,1.4980000257492065
2019-11-01,11890.599609375,6198.58984375,142.55999755859375,114.06404113769531,9261.1044921875,70.97000122070312,1.4850000143051147
2019-11-02,,,,,9324.7177734375,,
2019-11-03,,,,,9235.3544921875,,
2019-11-04,11941.2998046875,6221.6298828125,142.14999389648438,112.56275939941406,9412.6123046875,70.51210021972656,1.503000020980835
2019-11-05,11917.2001953125,6214.27978515625,139.85000610351562,111.29682922363281,9342.52734375,71.0,1.5180000066757202
2019-11-06,11966.0498046875,6219.10009765625,140.4499969482422,111.9703369140625,9360.8798828125,70.8949966430664,1.5149999856948853
2019-11-07,12012.0498046875,6238.990234375,138.27000427246094,109.9416275024414,9267.5615234375,71.0,1.5180000066757202
2019-11-08,11908.150390625,6256.10986328125,137.38999938964844,109.47911071777344,8804.880859375,71.37650299072266,1.5099999904632568
2019-11-09,,,,,8813.58203125,,
2019-11-10,,,,,9055.5263671875,,
2019-11-11,11913.4501953125,6243.81005859375,137.05999755859375,109.55211639404297,8757.7880859375,71.37650299072266,1.5130000114440918
2019-11-12,,6253.91015625,137.42999267578125,110.05528259277344,8815.662109375,71.5739974975586,1.5329999923706055
2019-11-13,11840.4501953125,6258.580078125,137.97999572753906,110.76937103271484,8808.2626953125,71.77999877929688,1.534999966621399
2019-11-14,11872.099609375,6265.419921875,138.55999755859375,111.91352844238281,8708.0947265625,72.1415023803711,1.527999997138977
2019-11-15,11895.4501953125,6314.740234375,138.2100067138672,111.79188537597656,8491.9921875,71.95580291748047,1.527999997138977
2019-11-16,,,,,8550.7607421875,,
2019-11-17,,,,,8577.9755859375,,
2019-11-18,11884.5,6318.02001953125,138.6199951171875,111.99469757080078,8309.2861328125,71.70580291748047,1.5230000019073486
2019-11-19,11940.099609375,6314.66015625,138.69000244140625,112.9279556274414,8206.1455078125,71.93509674072266,1.524999976158142
2019-11-20,11999.099609375,6292.169921875,138.75999450683594,114.09649658203125,8027.26806640625,71.85099792480469,1.5199999809265137
2019-11-21,11968.400390625,6282.58984375,138.0,113.3823471069336,7642.75,71.76820373535156,1.5299999713897705
2019-11-22,11914.400390625,6296.33984375,137.74000549316406,113.5284652709961,7296.57763671875,71.7405014038086,1.5429999828338623
2019-11-23,,,,,7397.796875,,
2019-11-24,,,,,7047.9169921875,,
2019-11-25,12073.75,6344.35986328125,137.0800018310547,113.86119842529297,7146.1337890625,71.78260040283203,1.5449999570846558
2019-11-26,12037.7001953125,6358.4599609375,137.74000549316406,114.52657318115234,7218.37109375,71.67949676513672,1.565000057220459
2019-11-27,12100.7001953125,6385.759765625,137.00999450683594,114.19386291503906,7531.66357421875,71.42839813232422,1.565000057220459
2019-11-28,12151.150390625,,,,7463.10595703125,71.22810363769531,
2019-11-29,12056.0498046875,6361.56005859375,137.86000061035156,113.95044708251953,7761.24365234375,71.54740142822266,1.5399999618530273
2019-11-30,,,,,7569.6298828125,,
2019-12-01,,,,,7424.29248046875,,
2019-12-02,12048.2001953125,6306.8798828125,137.7899932861328,112.43116760253906,7321.98828125,71.7229995727539,1.5379999876022339
2019-12-03,11994.2001953125,6265.22021484375,139.11000061035156,114.78853607177734,7320.1455078125,71.625,1.5379999876022339
2019-12-04,12043.2001953125,6305.490234375,138.9199981689453,113.64234161376953,7252.03466796875,71.95999908447266,1.4980000257492065
2019-12-05,12018.400390625,6316.68994140625,139.0,113.089599609375,7448.3076171875,71.4801025390625,1.4930000305175781
2019-12-06,11921.5,6374.7001953125,137.6199951171875,112.46366882324219,7546.99658203125,71.38500213623047,1.4800000190734863
2019-12-07,,,,,7556.23779296875,,
2019-12-08,,,,,7564.34521484375,,
2019-12-09,11937.5,6355.06982421875,137.5800018310547,112.70751953125,7400.8994140625,71.28679656982422,1.4980000257492065
2019-12-10,11856.7998046875,6348.31005859375,137.97000122070312,112.71564483642578,7278.11962890625,70.96019744873047,1.5149999856948853
2019-12-11,11910.150390625,6366.83984375,138.9199981689453,113.6016845703125,7217.42724609375,71.01000213623047,1.5199999809265137
2019-12-12,11971.7998046875,6422.35009765625,138.42999267578125,111.7320327758789,7243.13427734375,70.72930145263672,1.5299999713897705
2019-12-13,12086.7001953125,6423.93017578125,139.0500030517578,113.02455139160156,7269.6845703125,70.55989837646484,1.5230000019073486
2019-12-14,,,,,7124.673828125,,
2019-12-15,,,,,7152.3017578125,,
2019-12-16,12053.9501953125,6470.02978515625,139.0399932861328,112.0083999633789,6932.48046875,70.68900299072266,1.524999976158142
2019-12-17,12165.0,6472.240234375,139.00999450683594,111.85396575927734,6640.51513671875,70.92050170898438,1.5299999713897705
2019-12-18,12221.650390625,6470.0,139.02000427246094,110.9354019165039,7276.802734375,71.21499633789062,1.5180000066757202
2019-12-19,12259.7001953125,6499.259765625,139.3800048828125,111.11292266845703,7202.84423828125,70.98989868164062,1.5329999923706055
2019-12-20,12271.7998046875,6531.75,139.52000427246094,111.25946807861328,7218.81640625,71.22270202636719,1.527999997138977
2019-12-21,,,,,7191.15869140625,,
2019-12-22,,,,,7511.5888671875,,
2019-12-23,12262.75,6537.39990234375,139.9499969482422,111.09661865234375,7355.62841796875,71.02400207519531,1.5199999809265137
2019-12-24,12214.5498046875,6536.580078125,141.27000427246094,111.41419982910156,7322.5322265625,71.21070098876953,1.5379999876022339
2019-12-25,,,,,7275.15576171875,71.45999908447266,
2019-12-26,12126.5498046875,6570.7099609375,142.3800048828125,111.68286895751953,7238.966796875,71.54000091552734,1.534999966621399
2019-12-27,12245.7998046875,6571.02978515625,142.3300018310547,111.80500793457031,7290.08837890625,71.30030059814453,1.5180000066757202
2019-12-28,,,,,7317.990234375,,
2019-12-29,,,,,7422.65283203125,,
2019-12-30,12255.849609375,6533.91015625,142.6300048828125,111.39788818359375,7292.9951171875,71.31300354003906,1.4900000095367432
2019-12-31,12168.4501953125,6553.56982421875,142.89999389648438,110.30685424804688,7193.59912109375,71.31099700927734,1.5049999952316284
2020-01-01,12182.5,,,,7200.17431640625,71.27580261230469,
2020-01-02,12282.2001953125,6609.2900390625,143.9499969482422,111.55256652832031,6985.47021484375,71.0250015258789,1.4950000047683716
2020-01-03,12226.650390625,6563.31982421875,145.86000061035156,113.27055358886719,7344.88427734375,71.41500091552734,1.4730000495910645
2020-01-04,,,,,7410.65673828125,,
2020-01-05,,,,,7411.3173828125,,
2020-01-06,11993.0498046875,6586.5400390625,147.38999938964844,112.62733459472656,7769.21923828125,71.73100280761719,1.4880000352859497
2020-01-07,12052.9501953125,6568.740234375,147.97000122070312,112.07365417480469,8163.6923828125,71.78700256347656,1.5
2020-01-08,12025.349609375,6601.14990234375,146.86000061035156,111.33274841308594,8079.86279296875,72.16000366210938,1.4930000305175781
2020-01-09,12215.900390625,6646.83984375,146.02999877929688,111.72352600097656,7879.0712890625,71.41190338134766,1.5
2020-01-10,12256.7998046875,6627.8701171875,146.91000366210938,112.71685028076172,8166.55419921875,71.19429779052734,1.4980000257492065
2020-01-11,,,,,8037.53759765625,,
2020-01-12,,,,,8192.494140625,,
2020-01-13,12329.5498046875,6674.1298828125,145.82000732421875,112.37491607666016,8144.1943359375,70.9530029296875,1.5099999904632568
2020-01-14,12362.2998046875,6664.66015625,145.69000244140625,112.95295715332031,8827.7646484375,70.71890258789062,1.5299999713897705
2020-01-15,12343.2998046875,6677.25,146.5399932861328,113.70203399658203,8807.0107421875,70.84510040283203,1.5080000162124634
2020-01-16,12355.5,6733.35009765625,146.30999755859375,113.34378814697266,8723.7861328125,70.71800231933594,1.5180000066757202
2020-01-17,12352.349609375,6759.509765625,146.5800018310547,112.37491607666016,8929.0380859375,70.94560241699219,1.5230000019073486
2020-01-18,,,,,8942.80859375,,
2020-01-19,,,,,8706.2451171875,,
2020-01-20,12224.5498046875,,,,8657.642578125,71.03469848632812,
2020-01-21,12169.849609375,6741.7099609375,146.74000549316406,113.55548858642578,8745.89453125,71.03099822998047,1.503000020980835
2020-01-22,12106.900390625,6743.89990234375,146.7899932861328,113.9544448852539,8680.8759765625,71.16999816894531,1.5130000114440918
2020-01-23,12180.349609375,6752.08984375,147.1199951171875,114.75235748291016,8406.515625,71.0781021118164,1.5149999856948853
2020-01-24,12248.25,6691.22021484375,147.97999572753906,115.68048858642578,8445.4345703125,71.32099914550781,1.4900000095367432
2020-01-25,,,,,8367.84765625,,
2020-01-26,,,,,8596.830078125,,
2020-01-27,12119.0,6585.9501953125,148.99000549316406,117.4798812866211,8909.8193359375,71.32499694824219,1.5049999952316284
2020-01-28,12055.7998046875,6652.2998046875,147.66000366210938,116.55985260009766,9358.58984375,71.44000244140625,1.5299999713897705
2020-01-29,12129.5,6646.68994140625,148.4600067138672,117.69971466064453,9316.6298828125,71.23040008544922,1.5199999809265137
2020-01-30,12035.7998046875,6668.52001953125,148.47000122070312,117.71600341796875,9508.9931640625,71.30000305175781,1.527999997138977
2020-01-31,11962.099609375,6551.0,149.3300018310547,118.79072570800781,9350.529296875,71.63999938964844,1.5099999904632568
2020-02-01,,,,,9392.875,,
2020-02-02,,,,,9344.365234375,,
2020-02-03,11707.900390625,6598.6298828125,148.36000061035156,118.69450378417969,9293.521484375,71.49649810791016,1.5180000066757202
2020-02-04,11979.650390625,6697.490234375,146.42999267578125,117.09603881835938,9180.962890625,71.31410217285156,1.5379999876022339
2020-02-05,12089.150390625,6772.97998046875,146.61000061035156,115.8156509399414,9613.423828125,71.0999984741211,1.5199999809265137
2020-02-06,12137.9501953125,6796.64013671875,147.39999389648438,116.33761596679688,9729.8017578125,71.18000030517578,1.5299999713897705
2020-02-07,12098.349609375,6761.259765625,147.7899932861328,117.789306640625,9795.943359375,71.47000122070312,1.5180000066757202
2020-02-08,,,,,9865.119140625,,
2020-02-09,,,,,10116.673828125,,
2020-02-10,12031.5,6811.830078125,148.1699981689453,118.11549377441406,9856.611328125,71.5155029296875,1.5199999809265137
2020-02-11,12107.900390625,6823.58984375,147.66000366210938,117.52013397216797,10208.236328125,71.27999877929688,1.5379999876022339
2020-02-12,12201.2001953125,6867.919921875,147.5399932861328,116.9247817993164,10326.0546875,71.27529907226562,1.534999966621399
2020-02-13,12174.650390625,6858.919921875,148.3800048828125,117.37330627441406,10214.3798828125,71.29620361328125,1.5449999570846558
2020-02-14,12113.4501953125,6872.68017578125,149.0,117.88713073730469,10312.1162109375,71.26850128173828,1.534999966621399
2020-02-15,,,,,9889.4248046875,,
2020-02-16,,,,,9934.43359375,,
2020-02-17,12045.7998046875,,,,9690.142578125,71.51480102539062,
2020-02-18,11992.5,6853.0400390625,150.91000366210938,118.69450378417969,10141.99609375,71.34919738769531,1.534999966621399
2020-02-19,12125.900390625,6886.47021484375,151.7899932861328,118.68636322021484,9633.38671875,71.57499694824219,1.5429999828338623
2020-02-20,12080.849609375,6860.52001953125,152.41000366210938,119.61607360839844,9608.4755859375,71.82749938964844,1.5379999876022339
2020-02-21,,6788.60009765625,154.6999969482422,120.73331451416016,9686.44140625,72.11000061035156,1.5180000066757202
2020-02-22,,,,,9663.181640625,,
2020-02-23,,,,,9924.515625,,
2020-02-24,11829.400390625,6561.93994140625,156.08999633789062,122.53569030761719,9650.1748046875,71.88680267333984,1.503000020980835
2020-02-25,11797.900390625,6363.3701171875,153.3000030517578,123.18817901611328,9341.705078125,72.04669952392578,1.4900000095367432
2020-02-26,11678.5,6339.3798828125,153.97000122070312,122.53569030761719,8820.5224609375,71.87000274658203,1.4780000448226929
2020-02-27,11633.2998046875,6060.669921875,154.0,123.86509704589844,8784.494140625,71.66339874267578,1.3949999809265137
2020-02-28,11201.75,6011.72998046875,148.3800048828125,126.66243743896484,8672.455078125,71.93000030517578,1.2300000190734863
2020-02-29,,,,,8599.5087890625,,
2020-03-01,,,,,8562.4541015625,,
2020-03-02,11132.75,6288.64013671875,149.1999969482422,125.73052215576172,8869.669921875,72.1500015258789,1.1349999904632568
2020-03-03,11303.2998046875,6112.06982421875,153.88999938964844,127.68254089355469,8787.7861328125,72.82499694824219,0.9179999828338623
2020-03-04,11251.0,6370.35009765625,154.16000366210938,126.32671356201172,8755.24609375,73.34200286865234,0.675000011920929
2020-03-05,11269.0,6155.580078125,157.49000549316406,129.47122192382812,9078.7626953125,74.0425033569336,0.5950000286102295
2020-03-06,10989.4501953125,6050.7998046875,157.5500030517578,136.20936584472656,9122.5458984375,73.8551025390625,0.41499999165534973
2020-03-07,,,,,8909.9541015625,,
2020-03-08,,,,,8108.1162109375,,
2020-03-09,10451.4501953125,5591.740234375,157.80999755859375,139.90109252929688,7923.64453125,73.99530029296875,0.33000001311302185
2020-03-10,,5868.10986328125,154.47999572753906,132.73001098632812,7909.7294921875,74.40599822998047,0.38999998569488525
2020-03-11,10458.400390625,5581.759765625,153.92999267578125,127.84583282470703,7911.43017578125,74.20500183105469,0.36800000071525574
2020-03-12,9590.150390625,5051.97021484375,147.7899932861328,128.63815307617188,4970.7880859375,74.76000213623047,0.27300000190734863
2020-03-13,9955.2001953125,5522.85009765625,143.27999877929688,125.73052215576172,5563.70703125,75.30000305175781,0.24300000071525574
2020-03-14,,,,,5200.3662109375,,
2020-03-15,,,,,5392.31494140625,,
2020-03-16,9197.400390625,4861.22021484375,141.63999938964844,133.87350463867188,5014.47998046875,73.90399932861328,0.1850000023841858
2020-03-17,8967.0498046875,5152.830078125,143.55999755859375,124.9464340209961,5225.62939453125,75.15499877929688,0.16500000655651093
2020-03-18,8468.7998046875,4885.77978515625,140.6999969482422,117.89787292480469,5238.4384765625,74.01239776611328,0.003000000026077032
2020-03-19,8263.4501953125,4909.1298828125,138.0399932861328,121.10765838623047,6191.19287109375,74.98200225830078,-0.02800000086426735
2020-03-20,8745.4501953125,4697.08984375,140.11000061035156,130.2144317626953,6198.7783203125,75.15969848632812,-0.032999999821186066
2020-03-21,,,,,6185.06640625,,
2020-03-22,,,,,5830.2548828125,,
2020-03-23,7610.25,4559.5,146.3000030517578,135.58045959472656,6416.31494140625,75.62210083007812,-0.03999999910593033
2020-03-24,7801.0498046875,4987.7998046875,153.39999389648438,133.05677795410156,6734.8037109375,76.50599670410156,-0.032999999821186066
2020-03-25,8317.849609375,5045.35009765625,151.3000030517578,132.75453186035156,6681.06298828125,77.26000213623047,-0.07000000029802322
2020-03-26,8641.4501953125,5360.490234375,153.24000549316406,133.407958984375,6716.4404296875,75.84549713134766,-0.10499999672174454
2020-03-27,8660.25,5179.919921875,152.25,136.96900939941406,6469.79833984375,74.72560119628906,-0.057999998331069946
2020-03-28,,,,,6242.19384765625,,
2020-03-29,,,,,5922.04296875,,
2020-03-30,8281.099609375,5354.39013671875,152.9199981689453,135.84182739257812,6429.841796875,75.46499633789062,0.013000000268220901
2020-03-31,8597.75,5269.2001953125,148.0500030517578,134.7391815185547,6438.64453125,75.4000015258789,0.029999999329447746
2020-04-01,8253.7998046875,5036.64013671875,149.4499969482422,136.62704467773438,6606.7763671875,75.32499694824219,0.06300000101327896
2020-04-02,,5152.47021484375,151.89999389648438,137.49400329589844,6793.62451171875,77.56999969482422,0.06499999761581421
2020-04-03,8083.7998046875,5075.16015625,152.64999389648438,137.82122802734375,6733.38720703125,77.13999938964844,0.057999998331069946
2020-04-04,,,,,6867.52734375,,
2020-04-05,,,,,6791.12939453125,,
2020-04-06,,5432.169921875,156.8800048828125,137.46131896972656,7271.78125,76.2300033569336,0.05999999865889549
2020-04-07,8792.2001953125,5423.52001953125,156.0399932861328,136.02174377441406,7176.41455078125,75.96489715576172,0.12800000607967377
2020-04-08,8748.75,5609.5498046875,154.64999389648438,135.03199768066406,7334.0986328125,76.66000366210938,0.1850000023841858
2020-04-09,9111.900390625,5691.5400390625,158.69000244140625,135.2773895263672,7302.08935546875,75.95899963378906,0.20999999344348907
2020-04-10,,,,,6865.4931640625,76.6500015258789,
2020-04-11,,,,,6859.0830078125,,
2020-04-12,,,,,6971.091796875,,
2020-04-13,8993.849609375,5634.14990234375,161.41000366210938,134.0424041748047,6845.03759765625,76.16649627685547,0.20000000298023224
2020-04-14,,5807.10009765625,162.67999267578125,134.0096435546875,6842.427734375,76.91000366210938,0.16500000655651093
2020-04-15,8925.2998046875,5679.52978515625,161.85000610351562,137.55950927734375,6642.10986328125,75.93099975585938,0.11500000208616257
2020-04-16,8992.7998046875,5712.60009765625,161.7100067138672,139.12173461914062,7116.80419921875,77.2125015258789,0.10999999940395355
2020-04-17,9266.75,5865.89990234375,158.57000732421875,137.2567901611328,7096.1845703125,77.56999969482422,0.10300000011920929
2020-04-18,,,,,7257.6650390625,,
2020-04-19,,,,,7189.4248046875,,
2020-04-20,9261.849609375,5761.0,159.6999969482422,138.3610382080078,6881.95849609375,76.55999755859375,0.07000000029802322
2020-04-21,8981.4501953125,5584.43994140625,158.61000061035156,140.10321044921875,6880.3232421875,77.20999908447266,0.09799999743700027
2020-04-22,9187.2998046875,5712.64990234375,161.72999572753906,138.67184448242188,7117.20751953125,76.96939849853516,0.09300000220537186
2020-04-23,9313.900390625,5710.0400390625,163.33999633789062,139.40798950195312,7429.724609375,76.4000015258789,0.09300000220537186
2020-04-24,9154.400390625,5789.64990234375,162.63999938964844,139.7351531982422,7550.90087890625,76.42250061035156,0.10000000149011612
2020-04-25,,,,,7569.93603515625,,
2020-04-26,,,,,7679.8671875,,
2020-04-27,9282.2998046875,5874.93994140625,161.55999755859375,137.1341552734375,7795.60107421875,76.27149963378906,0.09300000220537186
2020-04-28,9380.900390625,5844.18017578125,160.83999633789062,138.71275329589844,7807.05859375,76.1863021850586,0.08500000089406967
2020-04-29,9553.349609375,5999.740234375,161.72999572753906,137.99295043945312,8801.0380859375,76.46499633789062,0.09000000357627869
2020-04-30,9859.900390625,5944.68017578125,158.8000030517578,136.38160705566406,8658.5537109375,75.25849914550781,0.09000000357627869
2020-05-01,,5778.52978515625,159.77999877929688,137.549560546875,8864.7666015625,75.72000122070312,0.09300000220537186
2020-05-02,,,,,8988.5966796875,,
2020-05-03,,,,,8897.46875,,
2020-05-04,9293.5,5803.1201171875,160.33999633789062,136.9025115966797,8912.654296875,75.60050201416016,0.09000000357627869
2020-05-05,9205.599609375,5855.580078125,161.02000427246094,136.0261993408203,9003.0703125,75.8499984741211,0.10999999940395355
2020-05-06,9270.900390625,5815.169921875,158.9499969482422,133.83128356933594,9268.76171875,76.16999816894531,0.1080000028014183
2020-05-07,9199.0498046875,5884.14013671875,161.38999938964844,136.06712341308594,9951.5185546875,76.15129852294922,0.0949999988079071
2020-05-08,9251.5,5984.5498046875,160.4199981689453,134.29811096191406,9842.666015625,76.08000183105469,0.0949999988079071
2020-05-09,,,,,9593.896484375,,
2020-05-10,,,,,8756.4306640625,,
2020-05-11,9239.2001953125,5985.66015625,159.4199981689453,133.24981689453125,8601.7958984375,75.5250015258789,0.10499999672174454
2020-05-12,9196.5498046875,5863.68017578125,160.0399932861328,134.61749267578125,8804.4775390625,76.30999755859375,0.12300000339746475
2020-05-13,9383.5498046875,5761.7001953125,161.5800018310547,135.5594024658203,9269.9873046875,75.68000030517578,0.11500000208616257
2020-05-14,9142.75,5829.330078125,163.00999450683594,136.88609313964844,9733.7216796875,75.42620086669922,0.10499999672174454
2020-05-15,9136.849609375,5852.83984375,163.92999267578125,136.5340118408203,9328.197265625,75.48500061035156,0.10300000011920929
2020-05-16,,,,,9377.013671875,,
2020-05-17,,,,,9670.7392578125,,
2020-05-18,8823.25,6037.89990234375,162.69000244140625,133.53639221191406,9726.5751953125,75.81999969482422,0.10499999672174454
2020-05-19,8879.099609375,5975.14990234375,164.25999450683594,134.0360107421875,9729.0380859375,75.60009765625,0.11800000071525574
2020-05-20,9066.5498046875,6075.759765625,164.64999389648438,134.4373321533203,9522.9814453125,76.0,0.11800000071525574
2020-05-21,9106.25,6028.93017578125,162.25,134.77313232421875,9081.76171875,75.77999877929688,0.10999999940395355
2020-05-22,9039.25,6044.16015625,163.2100067138672,135.5839385986328,9182.5771484375,75.625,0.10999999940395355
2020-05-23,,,,,9209.287109375,,
2020-05-24,,,,,8790.3681640625,,
2020-05-25,,,,,8906.9345703125,75.98500061035156,
2020-05-26,9029.0498046875,6118.5400390625,160.88999938964844,133.76571655273438,8835.052734375,76.11000061035156,0.11800000071525574
2020-05-27,9314.9501953125,6209.3798828125,161.17999267578125,133.52005004882812,9181.017578125,75.81999969482422,0.13500000536441803
2020-05-28,9490.099609375,6197.02001953125,161.72000122070312,133.02865600585938,9525.7509765625,76.12999725341797,0.1379999965429306
2020-05-29,9580.2998046875,6227.81005859375,162.91000366210938,133.97866821289062,9439.1240234375,75.95999908447266,0.12800000607967377
2020-05-30,,,,,9700.4140625,,
2020-05-31,,,,,9461.05859375,,
2020-06-01,9826.150390625,6251.47998046875,163.66000366210938,133.07667541503906,10167.2685546875,75.51319885253906,0.12800000607967377
2020-06-02,9979.099609375,6303.0,162.60000610351562,132.59283447265625,9529.8037109375,75.7300033569336,0.14499999582767487
2020-06-03,10061.5498046875,6389.669921875,159.60000610351562,130.82969665527344,9656.7177734375,75.06580352783203,0.14800000190734863
2020-06-04,10029.099609375,6369.5400390625,161.27999877929688,128.93544006347656,9800.63671875,75.54499816894531,0.14000000059604645
2020-06-05,10142.150390625,6536.580078125,158.00999450683594,128.01698303222656,9665.533203125,75.49089813232422,0.14499999582767487
2020-06-06,,,,,9653.6796875,,
2020-06-07,,,,,9758.8525390625,,
2020-06-08,10167.4501953125,6615.39990234375,159.72000122070312,128.5090789794922,9771.4892578125,75.5177001953125,0.15299999713897705
2020-06-09,10046.650390625,6564.27001953125,161.25999450683594,129.9687042236328,9795.7001953125,75.625,0.16500000655651093
2020-06-10,10116.150390625,6529.419921875,163.57000732421875,131.89576721191406,9870.0947265625,75.50980377197266,0.16500000655651093
2020-06-11,9902.0,6145.2998046875,162.38999938964844,134.38877868652344,9321.78125,75.875,0.15299999713897705
2020-06-12,9972.900390625,6227.419921875,162.6199951171875,133.0930633544922,9480.84375,76.38999938964844,0.15000000596046448
2020-06-13,,,,,9475.27734375,,
2020-06-14,,,,,9386.7880859375,,
2020-06-15,9813.7001953125,6279.39990234375,162.3300018310547,133.16696166992188,9450.7021484375,75.95680236816406,0.1550000011920929
2020-06-16,9914.0,6398.580078125,162.25,131.12493896484375,9538.0244140625,75.97799682617188,0.1599999964237213
2020-06-17,9881.150390625,6375.5400390625,162.55999755859375,131.6661834716797,9480.2548828125,76.65499877929688,0.16500000655651093
2020-06-18,10091.650390625,6379.56005859375,162.24000549316406,133.06028747558594,9411.8408203125,76.55000305175781,0.14000000059604645
2020-06-19,10244.400390625,6344.7001953125,164.02999877929688,133.16696166992188,9288.0185546875,76.40039825439453,0.14300000667572021
2020-06-20,,,,,9332.3408203125,,
2020-06-21,,,,,9303.6298828125,,
2020-06-22,10311.2001953125,6385.91015625,165.08999633789062,133.18325805664062,9648.7177734375,76.2520980834961,0.14000000059604645
2020-06-23,10471.0,6413.43994140625,166.47999572753906,132.27304077148438,9629.658203125,75.78980255126953,0.14000000059604645
2020-06-24,10305.2998046875,6247.66015625,165.89999389648438,133.69168090820312,9313.6103515625,75.60780334472656,0.13500000536441803
2020-06-25,10288.900390625,6316.4501953125,165.8000030517578,134.07716369628906,9264.8134765625,75.97000122070312,0.12999999523162842
2020-06-26,10383.0,6163.5,166.5399932861328,135.51223754882812,9162.91796875,75.53980255126953,0.13300000131130219
2020-06-27,,,,,9045.390625,,
2020-06-28,,,,,9143.58203125,,
2020-06-29,10312.400390625,6254.77978515625,166.6300048828125,135.08575439453125,9190.8544921875,75.61979675292969,0.125
2020-06-30,10302.099609375,6351.669921875,167.3699951171875,134.42967224121094,9137.9931640625,75.69999694824219,0.13500000536441803
2020-07-01,10430.0498046875,6383.759765625,166.6199951171875,134.16867065429688,9228.3251953125,75.75,0.12999999523162842
2020-07-02,10551.7001953125,6414.16015625,166.97999572753906,134.30816650390625,9123.41015625,75.45490264892578,0.13300000131130219
2020-07-03,10607.349609375,,,,9087.3037109375,74.72100067138672,
2020-07-04,,,,,9132.48828125,,
2020-07-05,,,,,9073.9423828125,,
2020-07-06,10763.650390625,6516.0498046875,167.97999572753906,133.75814819335938,9375.474609375,74.6792984008789,0.12800000607967377
2020-07-07,10799.650390625,6445.58984375,169.0399932861328,135.63824462890625,9252.27734375,74.60759735107422,0.14000000059604645
2020-07-08,10705.75,6496.14013671875,170.08999633789062,135.09640502929688,9428.3330078125,75.125,0.13500000536441803
2020-07-09,10813.4501953125,6461.31005859375,169.6300048828125,137.24745178222656,9277.9677734375,74.93990325927734,0.12300000339746475
2020-07-10,10768.0498046875,6528.9599609375,169.19000244140625,136.55776977539062,9278.8076171875,75.33999633789062,0.11999999731779099
2020-07-11,,,,,9240.3466796875,,
2020-07-12,,,,,9276.5,,
2020-07-13,10802.7001953125,6467.83984375,169.39999389648438,137.00930786132812,9243.6142578125,75.15850067138672,0.125
2020-07-14,10607.349609375,6555.39990234375,170.19000244140625,137.2063446044922,9243.2138671875,75.44999694824219,0.13300000131130219
2020-07-15,10618.2001953125,6615.06982421875,170.33999633789062,136.56597900390625,9192.8369140625,75.57499694824219,0.125
2020-07-16,10739.9501953125,6592.75,168.72999572753906,137.21463012695312,9132.2275390625,75.1249008178711,0.10300000011920929
2020-07-17,10901.7001953125,6611.85986328125,170.1199951171875,136.92718505859375,9151.392578125,75.17449951171875,0.10499999672174454
2020-07-18,,,,,9159.0400390625,,
2020-07-19,,,,,9185.8173828125,,
2020-07-20,11022.2001953125,6667.4501953125,170.94000244140625,137.2638397216797,9164.2314453125,74.89730072021484,0.10499999672174454
2020-07-21,11162.25,6678.740234375,173.0,137.34597778320312,9374.8876953125,74.98999786376953,0.10999999940395355
2020-07-22,11132.599609375,6717.2900390625,175.6300048828125,137.75634765625,9525.36328125,74.7699966430664,0.10000000149011612
2020-07-23,11215.4501953125,6635.0400390625,177.17999267578125,139.3656463623047,9581.072265625,74.81999969482422,0.10300000011920929
2020-07-24,11194.150390625,6594.10009765625,178.6999969482422,139.3574676513672,9536.892578125,74.80729675292969,0.09799999743700027
2020-07-25,,,,,9677.11328125,,
2020-07-26,,,,,9905.1669921875,,
2020-07-27,11131.7998046875,6642.89013671875,182.22999572753906,138.84017944335938,10990.873046875,74.75980377197266,0.09300000220537186
2020-07-28,11300.5498046875,6599.97021484375,183.75,139.8007049560547,10912.8232421875,75.0,0.10300000011920929
2020-07-29,11202.849609375,6682.009765625,185.1300048828125,139.5626220703125,11100.4677734375,75.08999633789062,0.09000000357627869
2020-07-30,11102.150390625,6658.02001953125,183.75999450683594,140.4821319580078,11111.2138671875,74.8311996459961,0.08500000089406967
2020-07-31,11073.4501953125,6709.81005859375,185.42999267578125,140.39181518554688,11323.466796875,74.98999786376953,0.08299999684095383
2020-08-01,,,,,11759.5927734375,,
2020-08-02,,,,,11053.6142578125,,
2020-08-03,10891.599609375,6758.2001953125,185.63999938964844,139.6850128173828,11246.3486328125,74.91780090332031,0.07800000160932541
2020-08-04,11095.25,6782.60009765625,189.58999633789062,141.01646423339844,11205.892578125,75.33000183105469,0.09000000357627869
2020-08-05,11101.650390625,6826.22021484375,191.35000610351562,139.78367614746094,11747.0224609375,75.25,0.0949999988079071
2020-08-06,11200.150390625,6870.85986328125,193.88999938964844,140.56443786621094,11779.7734375,74.8822021484375,0.08799999952316284
2020-08-07,11214.0498046875,6876.64990234375,190.80999755859375,139.62747192382812,11601.47265625,74.8998031616211,0.08799999952316284
2020-08-08,,,,,11754.0458984375,,
2020-08-09,,,,,11675.7392578125,,
2020-08-10,11270.150390625,6895.58984375,190.14999389648438,139.0028076171875,11878.111328125,75.0248031616211,0.08799999952316284
2020-08-11,11322.5,6840.669921875,179.94000244140625,137.35073852539062,11410.525390625,75.0999984741211,0.10000000149011612
2020-08-12,11308.400390625,6937.43994140625,179.10000610351562,136.1014404296875,11584.9345703125,74.9000015258789,0.10000000149011612
2020-08-13,11300.4501953125,6924.9599609375,183.3300018310547,134.6466064453125,11784.1376953125,74.77210235595703,0.09000000357627869
2020-08-14,11178.400390625,6924.27978515625,182.5399932861328,134.1206817626953,11768.87109375,75.02999877929688,0.08799999952316284
2020-08-15,,,,,11865.6982421875,,
2020-08-16,,,,,11892.8037109375,,
2020-08-17,11247.099609375,6943.22021484375,186.5,134.4575653076172,12254.40234375,74.90280151367188,0.08500000089406967
2020-08-18,11385.349609375,6960.2998046875,188.17999267578125,135.41928100585938,11991.2333984375,75.0,0.10000000149011612
2020-08-19,11408.400390625,6930.7998046875,182.24000549316406,134.5727081298828,11758.283203125,74.79499816894531,0.0949999988079071
2020-08-20,11312.2001953125,6952.919921875,183.5,135.78912353515625,11878.3720703125,74.966796875,0.08799999952316284
2020-08-21,11371.599609375,6977.27001953125,182.02999877929688,136.6028594970703,11592.4892578125,74.9999008178711,0.08799999952316284
2020-08-22,,,,,11681.8251953125,,
2020-08-23,,,,,11664.84765625,,
2020-08-24,11466.4501953125,7048.169921875,181.0,136.38087463378906,11774.595703125,74.92179870605469,0.08500000089406967
2020-08-25,11472.25,7073.60009765625,181.22000122070312,135.3370819091797,11366.134765625,74.4000015258789,0.0949999988079071
2020-08-26,11549.599609375,7145.77001953125,183.36000061035156,134.81927490234375,11488.36328125,74.45249938964844,0.09300000220537186
2020-08-27,11559.25,7158.18017578125,181.24000549316406,132.52615356445312,11323.3974609375,74.24009704589844,0.0949999988079071
2020-08-28,11647.599609375,7207.10009765625,184.38999938964844,132.42747497558594,11542.5,73.77449798583984,0.0949999988079071
2020-08-29,,,,,11506.865234375,,
2020-08-30,,,,,11711.505859375,,
2020-08-31,11387.5,7192.10986328125,184.8300018310547,133.30691528320312,11680.8203125,73.12830352783203,0.0949999988079071
2020-09-01,11470.25,7246.3701171875,185.0500030517578,134.83169555664062,11970.478515625,73.66999816894531,0.10000000149011612
2020-09-02,11535.0,7358.490234375,182.6199951171875,136.1153106689453,11414.0341796875,73.2699966430664,0.10000000149011612
2020-09-03,11527.4501953125,7101.3798828125,181.13999938964844,136.5020294189453,10245.296875,73.24849700927734,0.10000000149011612
2020-09-04,11333.849609375,7043.6201171875,181.63999938964844,133.91006469726562,10511.8134765625,73.4478988647461,0.10300000011920929
2020-09-05,,,,,10169.5673828125,,
2020-09-06,,,,,10280.3515625,,
2020-09-07,11355.0498046875,,,,10369.5634765625,73.29029846191406,
2020-09-08,11317.349609375,6848.419921875,181.2899932861328,134.73289489746094,10131.5166015625,73.6500015258789,0.1080000028014183
2020-09-09,11278.0,6986.759765625,183.0500030517578,134.3708953857422,10242.34765625,73.78679656982422,0.10499999672174454
2020-09-10,11449.25,6864.22998046875,182.4600067138672,135.0539093017578,10363.138671875,73.55000305175781,0.10300000011920929
2020-09-11,11464.4501953125,6868.22021484375,182.4499969482422,135.34182739257812,10400.9150390625,73.52729797363281,0.10300000011920929
2020-09-12,,,,,10442.1708984375,,
2020-09-13,,,,,10323.755859375,,
2020-09-14,11440.0498046875,6957.91015625,183.88999938964844,135.33364868164062,10680.837890625,73.47859954833984,0.10000000149011612
2020-09-15,11521.7998046875,6994.330078125,183.4499969482422,135.0044708251953,10796.951171875,73.61499786376953,0.10000000149011612
2020-09-16,11604.5498046875,6962.2900390625,183.97000122070312,134.60122680664062,10974.9052734375,73.80000305175781,0.10000000149011612
2020-09-17,11516.099609375,6903.81982421875,182.9600067138672,135.0126953125,10948.990234375,73.55069732666016,0.08500000089406967
2020-09-18,11504.9501953125,6826.72021484375,183.1999969482422,134.5930938720703,10944.5859375,73.58360290527344,0.08299999684095383
2020-09-19,,,,,11094.3466796875,,
2020-09-20,,,,,10938.271484375,,
2020-09-21,11250.5498046875,6748.080078125,179.52000427246094,135.2759246826172,10462.259765625,73.53479766845703,0.07999999821186066
2020-09-22,11153.650390625,6819.080078125,178.64999389648438,135.16905212402344,10538.4599609375,73.57980346679688,0.08799999952316284
2020-09-23,11131.849609375,6657.81982421875,174.7899932861328,135.3500213623047,10246.1865234375,73.50299835205078,0.08799999952316284
2020-09-24,10805.5498046875,6678.0400390625,175.44000244140625,135.8685302734375,10760.06640625,73.77839660644531,0.09300000220537186
2020-09-25,11050.25,6784.9501953125,174.94000244140625,135.8685302734375,10692.716796875,73.68240356445312,0.09000000357627869
2020-09-26,,,,,10750.7236328125,,
2020-09-27,,,,,10775.26953125,,
2020-09-28,11227.5498046875,6894.27001953125,176.6999969482422,135.48165893554688,10709.65234375,73.69930267333984,0.08799999952316284
2020-09-29,11222.400390625,6861.9599609375,178.19000244140625,135.6380157470703,10844.640625,73.9749984741211,0.08500000089406967
2020-09-30,11247.5498046875,6918.830078125,177.1199951171875,134.3379669189453,10784.4912109375,73.84500122070312,0.08500000089406967
2020-10-01,11416.9501953125,6956.2001953125,178.6999969482422,134.55950927734375,10619.4521484375,73.70500183105469,0.08299999684095383
2020-10-02,,6889.60009765625,178.5399932861328,134.05706787109375,10575.974609375,73.21700286865234,0.08500000089406967
2020-10-03,,,,,10549.3291015625,,
2020-10-04,,,,,10669.5830078125,,
2020-10-05,11503.349609375,7014.169921875,179.41000366210938,131.437744140625,10793.33984375,73.32240295410156,0.08500000089406967
2020-10-06,11662.400390625,6916.43017578125,177.3000030517578,132.14613342285156,10604.40625,73.1082992553711,0.08799999952316284
2020-10-07,11738.849609375,7036.89013671875,177.22000122070312,131.18235778808594,10668.96875,73.81500244140625,0.08799999952316284
2020-10-08,11834.599609375,7095.39990234375,177.85000610351562,131.89077758789062,10915.685546875,73.5425033569336,0.08799999952316284
2020-10-09,11914.2001953125,7157.93994140625,181.0800018310547,131.86605834960938,11064.4580078125,73.28050231933594,0.09300000220537186
2020-10-10,,,,,11296.361328125,,
2020-10-11,,,,,11384.181640625,,
2020-10-12,11930.9501953125,7275.43017578125,180.55999755859375,132.28616333007812,11555.36328125,73.01480102539062,0.09000000357627869
2020-10-13,11934.5,7229.5498046875,177.72000122070312,133.23333740234375,11425.8994140625,73.35079956054688,0.09300000220537186
2020-10-14,11971.0498046875,7182.3798828125,178.27000427246094,133.5381317138672,11429.5068359375,73.62000274658203,0.10000000149011612
2020-10-15,11680.349609375,7171.60986328125,178.9199981689453,133.30752563476562,11495.349609375,73.29620361328125,0.0949999988079071
2020-10-16,11762.4501953125,7172.7001953125,178.3000030517578,132.93685913085938,11322.123046875,73.37100219726562,0.09000000357627869
2020-10-17,,,,,11358.1015625,,
2020-10-18,,,,,11483.359375,,
2020-10-19,11873.0498046875,7055.580078125,178.38999938964844,132.4343719482422,11742.037109375,73.44380187988281,0.09000000357627869
2020-10-20,11896.7998046875,7089.06005859375,179.25,131.17410278320312,11916.3349609375,73.57499694824219,0.0949999988079071
2020-10-21,11937.650390625,7073.64990234375,180.60000610351562,130.72105407714844,12823.689453125,73.64749908447266,0.09000000357627869
2020-10-22,11896.4501953125,7111.169921875,178.8300018310547,129.36196899414062,12965.8916015625,73.6812973022461,0.08500000089406967
2020-10-23,11930.349609375,7135.81005859375,178.63999938964844,130.1527557373047,12931.5390625,73.72000122070312,0.08299999684095383
2020-10-24,,,,,13108.0625,,
2020-10-25,,,,,13031.173828125,,
2020-10-26,11767.75,7003.2099609375,178.5500030517578,131.36358642578125,13075.248046875,73.8228988647461,0.07999999821186066
2020-10-27,11889.400390625,6982.14013671875,179.02000427246094,132.2449188232422,13654.21875,73.94850158691406,0.09000000357627869
2020-10-28,11729.599609375,6735.75,176.1300048828125,132.36849975585938,13271.28515625,73.80500030517578,0.09000000357627869
2020-10-29,11670.7998046875,6816.7900390625,175.39999389648438,131.08348083496094,13437.8828125,74.44000244140625,0.08299999684095383
2020-10-30,11642.400390625,6734.83984375,176.1999969482422,129.79029846191406,13546.5224609375,74.26399993896484,0.08299999684095383
2020-10-31,,,,,13780.9951171875,,
2020-11-01,,,,,13737.109375,,
2020-11-02,11669.150390625,6817.89013671875,177.91000366210938,130.7624969482422,13550.4892578125,74.55049896240234,0.08299999684095383
2020-11-03,11813.5,6939.2998046875,178.9199981689453,130.00390625,13950.30078125,74.45680236816406,0.09000000357627869
2020-11-04,11908.5,7092.2998046875,178.82000732421875,132.82394409179688,14133.70703125,74.65560150146484,0.08299999684095383
2020-11-05,12120.2998046875,7231.669921875,182.92999267578125,133.05487060546875,15579.8486328125,74.37999725341797,0.08500000089406967
2020-11-06,12263.5498046875,7230.509765625,183.19000244140625,131.44692993164062,15565.880859375,74.12000274658203,0.08299999684095383
2020-11-07,,,,,14833.75390625,,
2020-11-08,,,,,15479.5673828125,,
2020-11-09,12461.0498046875,7315.77001953125,175.0800018310547,128.68446350097656,15332.3154296875,73.97979736328125,0.08799999952316284
2020-11-10,12631.099609375,7306.75,175.66000366210938,127.94242095947266,15290.90234375,73.95320129394531,0.09000000357627869
2020-11-11,12749.150390625,7362.64990234375,174.89999389648438,128.4042205810547,15701.33984375,74.28160095214844,0.09000000357627869
2020-11-12,12690.7998046875,7290.68994140625,175.9600067138672,130.58932495117188,16276.34375,74.56999969482422,0.08500000089406967
2020-11-13,12719.9501953125,7390.60986328125,177.16000366210938,130.41615295410156,16317.80859375,74.86499786376953,0.08299999684095383
2020-11-14,,,,,16068.138671875,,
2020-11-15,,,,,15955.587890625,,
2020-11-16,,7476.7900390625,177.14999389648438,130.10281372070312,16716.111328125,74.48770141601562,0.07500000298023224
2020-11-17,12874.2001953125,7442.0400390625,176.5,130.95217895507812,17645.40625,74.41809844970703,0.07999999821186066
2020-11-18,12938.25,7357.33984375,175.49000549316406,131.33148193359375,17804.005859375,74.47969818115234,0.07500000298023224
2020-11-19,12771.7001953125,7386.85986328125,175.16000366210938,132.00762939453125,17817.08984375,74.41999816894531,0.05999999865889549
2020-11-20,12859.0498046875,7336.759765625,175.69000244140625,133.1785125732422,18621.314453125,74.09960174560547,0.057999998331069946
2020-11-21,,,,,18642.232421875,,
2020-11-22,,,,,18370.001953125,,
2020-11-23,12926.4501953125,7378.93994140625,172.22999572753906,132.5684051513672,18364.12109375,74.16239929199219,0.07000000029802322
2020-11-24,13055.150390625,7498.2900390625,169.58999633789062,131.2490234375,19107.46484375,74.24490356445312,0.07999999821186066
2020-11-25,12858.400390625,7486.68017578125,169.50999450683594,130.8448944091797,18732.12109375,73.96080017089844,0.07999999821186066
2020-11-26,12987.0,,,,17150.623046875,73.77989959716797,
2020-11-27,12968.9501953125,7505.3798828125,167.7899932861328,132.1147918701172,17108.40234375,74.04879760742188,0.0729999989271164
2020-11-28,,,,,17717.4140625,,
2020-11-29,,,,,18177.484375,,
2020-11-30,,7472.06005859375,166.6699981689453,131.9499053955078,19625.8359375,73.94090270996094,0.07500000298023224
2020-12-01,13109.0498046875,7556.509765625,170.17999267578125,130.0043487548828,18802.998046875,74.02519989013672,0.07999999821186066
2020-12-02,13113.75,7570.759765625,171.4600067138672,128.9726104736328,19201.091796875,73.65499877929688,0.07500000298023224
2020-12-03,13133.900390625,7567.43994140625,172.80999755859375,130.01258850097656,19445.3984375,73.66259765625,0.07500000298023224
2020-12-04,13258.5498046875,7634.77001953125,172.32000732421875,128.10589599609375,18699.765625,73.86489868164062,0.07500000298023224
2020-12-05,,,,,19154.23046875,,
2020-12-06,,,,,19345.12109375,,
2020-12-07,13355.75,7620.0,174.88999938964844,129.26150512695312,19191.630859375,73.79029846191406,0.07000000029802322
2020-12-08,13392.9501953125,7641.43017578125,175.5,129.872314453125,18321.14453125,74.0199966430664,0.06800000369548798
2020-12-09,13529.099609375,7581.06005859375,172.5,129.44314575195312,18553.916015625,73.72640228271484,0.07000000029802322
2020-12-10,13478.2998046875,7571.8701171875,172.1699981689453,130.59043884277344,18264.9921875,73.93499755859375,0.07000000029802322
2020-12-11,13513.849609375,7562.4599609375,172.49000549316406,131.05270385742188,18058.904296875,73.72669982910156,0.06499999761581421
2020-12-12,,,,,18803.65625,,
2020-12-13,,,,,19142.3828125,,
2020-12-14,13558.150390625,7530.8701171875,171.5399932861328,130.68951416015625,19246.64453125,73.73799896240234,0.05999999865889549
2020-12-15,13567.849609375,7628.27978515625,173.94000244140625,130.25204467773438,19417.076171875,73.86000061035156,0.07000000029802322
2020-12-16,13682.7001953125,7641.81982421875,174.89999389648438,129.9053497314453,21310.59765625,73.75980377197266,0.07500000298023224
2020-12-17,13740.7001953125,7686.18017578125,176.74000549316406,129.5615692138672,22805.162109375,73.6166000366211,0.07999999821186066
2020-12-18,13760.5498046875,7659.75,176.44000244140625,129.17330932617188,23137.9609375,73.52980041503906,0.07999999821186066
2020-12-19,,,,,23869.83203125,,
2020-12-20,,,,,23477.294921875,,
2020-12-21,13328.400390625,7630.06982421875,175.8800048828125,129.685546875,22803.08203125,73.60359954833984,0.07800000160932541
2020-12-22,13466.2998046875,7614.830078125,174.49000549316406,130.3548126220703,23783.029296875,73.935302734375,0.07800000160932541
2020-12-23,13601.099609375,7620.6298828125,175.64999389648438,129.4542236328125,23241.345703125,74.2699966430664,0.07500000298023224
2020-12-24,13749.25,7648.39013671875,176.35000610351562,129.9663848876953,23735.94921875,73.83979797363281,0.07500000298023224
2020-12-25,,,,,24664.791015625,73.55780029296875,
2020-12-26,,,,,26437.037109375,,
2020-12-27,,,,,26272.294921875,,
2020-12-28,13873.2001953125,7715.10009765625,175.7100067138672,130.0242156982422,27084.80859375,73.68900299072266,0.07999999821186066
2020-12-29,13932.599609375,7697.93017578125,176.35000610351562,129.8590087890625,27362.4375,73.5448989868164,0.09000000357627869
2020-12-30,13981.9501953125,7709.10009765625,177.6999969482422,130.13998413085938,28840.953125,73.45359802246094,0.07000000029802322
2020-12-31,13981.75,7759.35009765625,178.36000061035156,130.33001708984375,29001.720703125,73.13400268554688,0.06499999761581421
2021-01-01,14018.5,,,,29374.15234375,73.08920288085938,
2021-01-02,,,,,32127.267578125,,
2021-01-03,,,,,32782.0234375,,
2021-01-04,14132.900390625,7645.27001953125,182.3300018310547,130.17300415039062,31971.9140625,73.09200286865234,0.06800000369548798
2021-01-05,14199.5,7700.33984375,182.8699951171875,129.20628356933594,33992.4296875,73.31999969482422,0.07800000160932541
2021-01-06,14146.25,7744.43017578125,179.89999389648438,126.55387878417969,36824.36328125,73.37480163574219,0.07800000160932541
2021-01-07,14137.349609375,7861.10009765625,179.47999572753906,125.43843078613281,39371.04296875,73.36000061035156,0.07999999821186066
2021-01-08,14347.25,7905.27978515625,173.33999633789062,125.03356170654297,40797.609375,73.44599914550781,0.07999999821186066
2021-01-09,,,,,40254.546875,,
2021-01-10,,,,,38356.44140625,,
2021-01-11,14484.75,7853.4501953125,173.0,124.82704162597656,35566.65625,73.37339782714844,0.07999999821186066
2021-01-12,14563.4501953125,7856.72021484375,174.1199951171875,124.7278060913086,33922.9609375,73.51349639892578,0.07999999821186066
2021-01-13,14564.849609375,7874.75,173.3699951171875,126.13255310058594,37316.359375,73.16500091552734,0.07999999821186066
2021-01-14,14595.599609375,7846.10009765625,173.27999877929688,124.95092010498047,39187.328125,73.1698989868164,0.07500000298023224
2021-01-15,14433.7001953125,7789.7900390625,171.1300048828125,125.44670104980469,36825.3671875,73.08760070800781,0.07500000298023224
2021-01-16,,,,,36178.140625,,
2021-01-17,,,,,35791.27734375,,
2021-01-18,14281.2998046875,,,,36630.07421875,73.15899658203125,
2021-01-19,14521.150390625,7853.47021484375,172.5800018310547,125.85163116455078,36069.8046875,73.1886978149414,0.0729999989271164
2021-01-20,14644.7001953125,7962.919921875,175.38999938964844,125.9754867553711,35547.75,73.19190216064453,0.07500000298023224
2021-01-21,14590.349609375,7966.10986328125,175.27999877929688,125.09140014648438,30825.69921875,72.91089630126953,0.0729999989271164
2021-01-22,14371.900390625,7942.2001953125,173.89999389648438,125.49625396728516,33005.76171875,72.95490264892578,0.07000000029802322
2021-01-23,,,,,32067.642578125,,
2021-01-24,,,,,32289.37890625,,
2021-01-25,14238.900390625,7970.919921875,174.0500030517578,126.975341796875,32366.392578125,72.99590301513672,0.07000000029802322
2021-01-26,,7959.10009765625,173.6199951171875,126.73575592041016,32569.849609375,72.97000122070312,0.06800000369548798
2021-01-27,13967.5,7754.740234375,172.52000427246094,127.05801391601562,30432.546875,72.91999816894531,0.05999999865889549
2021-01-28,13817.5498046875,7831.22021484375,172.67999267578125,126.35560607910156,33466.09765625,73.03710174560547,0.054999999701976776
2021-01-29,13634.599609375,7681.009765625,172.61000061035156,125.59539794921875,34316.38671875,72.93879699707031,0.04800000041723251
2021-01-30,,,,,34269.5234375,,
2021-01-31,,,,,33114.359375,,
2021-02-01,14281.2001953125,7804.31005859375,174.22999572753906,125.74099731445312,33537.17578125,72.90660095214844,0.04800000041723251
2021-02-02,14647.849609375,7912.8701171875,172.11000061035156,124.9302978515625,35510.2890625,73.11979675292969,0.05000000074505806
2021-02-03,14789.9501953125,7920.85009765625,171.85000610351562,123.8218765258789,37472.08984375,72.91629791259766,0.03999999910593033
2021-02-04,14895.650390625,8007.6201171875,168.14999389648438,123.4909439086914,36926.06640625,72.85800170898438,0.029999999329447746
2021-02-05,14924.25,8039.669921875,169.80999755859375,122.45684814453125,38144.30859375,72.9457015991211,0.023000000044703484
2021-02-06,,,,,39266.01171875,,
2021-02-07,,,,,38903.44140625,,
2021-02-08,15115.7998046875,8099.330078125,171.52000427246094,122.99454498291016,46196.46484375,72.78479766845703,0.019999999552965164
2021-02-09,15109.2998046875,8091.7001953125,172.0800018310547,123.08552551269531,46481.10546875,72.92990112304688,0.032999999821186066
2021-02-10,15106.5,8089.10986328125,172.7100067138672,123.90452575683594,44918.18359375,72.85489654541016,0.03500000014901161
2021-02-11,15173.2998046875,8104.18994140625,171.2100067138672,123.22618103027344,47909.33203125,72.80729675292969,0.03500000014901161
2021-02-12,15163.2998046875,8142.7900390625,170.69000244140625,121.69584655761719,47504.8515625,72.70950317382812,0.03500000014901161
2021-02-13,,,,,47105.515625,,
2021-02-14,,,,,48717.2890625,,
2021-02-15,15314.7001953125,,,,47945.05859375,72.59480285644531,
2021-02-16,15313.4501953125,8139.16015625,168.24000549316406,119.84276580810547,49199.87109375,72.63870239257812,0.03500000014901161
2021-02-17,15208.900390625,8137.8798828125,166.3300018310547,120.60379791259766,52149.0078125,72.93499755859375,0.03500000014901161
2021-02-18,15118.9501953125,8102.240234375,166.32000732421875,120.11579132080078,51679.796875,72.79730224609375,0.023000000044703484
2021-02-19,14981.75,8087.68017578125,167.00999450683594,118.51917266845703,55888.1328125,72.60540008544922,0.023000000044703484
2021-02-20,,,,,56099.51953125,,
2021-02-21,,,,,57539.9453125,,
2021-02-22,14675.7001953125,8025.81005859375,169.50999450683594,117.61748504638672,54207.3203125,72.5530014038086,0.02500000037252903
2021-02-23,14707.7998046875,8036.06005859375,169.1199951171875,117.2783203125,48824.42578125,72.44400024414062,0.023000000044703484
2021-02-24,14982.0,8127.3798828125,169.0,116.50899505615234,49705.33203125,72.37699890136719,0.02800000086426735
2021-02-25,15097.349609375,7929.56005859375,165.82000732421875,114.6063003540039,47093.8515625,72.4000015258789,0.032999999821186066
2021-02-26,14529.150390625,7892.81005859375,161.80999755859375,118.39510345458984,46339.76171875,73.1509017944336,0.03500000014901161
2021-02-27,,,,,46188.453125,,
2021-02-28,,,,,45137.76953125,,
2021-03-01,14761.5498046875,8080.77978515625,161.52999877929688,116.83131408691406,49631.2421875,73.59590148925781,0.02800000086426735
2021-03-02,14919.099609375,8015.5400390625,162.41000366210938,116.83965301513672,48378.98828125,73.30940246582031,0.03500000014901161
2021-03-03,15245.599609375,7911.2099609375,160.6199951171875,115.57245635986328,50538.2421875,73.27749633789062,0.03500000014901161
2021-03-04,15080.75,7806.4501953125,159.0399932861328,114.82705688476562,48561.16796875,72.88069915771484,0.02800000086426735
2021-03-05,14938.099609375,7958.97998046875,159.13999938964844,115.0506820678711,48927.3046875,73.13179779052734,0.02800000086426735
2021-03-06,,,,,48912.3828125,,
2021-03-07,,,,,51206.69140625,,
2021-03-08,14956.2001953125,7916.41015625,157.49000549316406,114.15617370605469,52246.5234375,73.1333999633789,0.03500000014901161
2021-03-09,15098.400390625,8029.2001953125,160.83999633789062,115.73812103271484,54824.1171875,73.33000183105469,0.03500000014901161
2021-03-10,15174.7998046875,8078.0498046875,161.66000366210938,115.97001647949219,56008.55078125,72.7759017944336,0.029999999329447746
2021-03-11,,8162.580078125,161.52000427246094,115.13349151611328,57805.12109375,72.70600128173828,0.02800000086426735
2021-03-12,15030.9501953125,8172.89990234375,161.49000549316406,112.69022369384766,57332.08984375,72.63899993896484,0.02500000037252903
2021-03-13,,,,,61243.0859375,,
2021-03-14,,,,,59302.31640625,,
2021-03-15,14929.5,8226.3203125,162.1999969482422,113.35279846191406,55907.19921875,72.68299865722656,0.014999999664723873
2021-03-16,14910.4501953125,8213.6298828125,162.35000610351562,112.89725494384766,56804.90234375,72.51529693603516,0.00800000037997961
2021-03-17,14721.2998046875,8237.349609375,163.50999450683594,112.05240631103516,58870.89453125,72.5156021118164,0.00800000037997961
2021-03-18,14557.849609375,8116.169921875,162.55999755859375,110.91777801513672,57858.921875,72.29560089111328,0.003000000026077032
2021-03-19,14744.0,8112.1298828125,163.24000549316406,111.60519409179688,58346.65234375,72.6688003540039,0.004999999888241291
2021-03-20,,,,,58313.64453125,,
2021-03-21,,,,,57523.421875,,
2021-03-22,14736.400390625,8169.14013671875,163.0,112.85582733154297,54529.14453125,72.40499877929688,0.004999999888241291
2021-03-23,14814.75,8106.830078125,161.80999755859375,113.87456512451172,54738.9453125,72.38050079345703,0.009999999776482582
2021-03-24,14549.400390625,8063.0,162.3699951171875,114.48749542236328,52774.265625,72.61219787597656,0.014999999664723873
2021-03-25,14324.900390625,8105.509765625,161.77999877929688,113.58468627929688,51704.16015625,72.64559936523438,0.014999999664723873
2021-03-26,14507.2998046875,8240.3798828125,162.24000549316406,113.18712615966797,55137.3125,72.61280059814453,0.014999999664723873
2021-03-27,,,,,55973.51171875,,
2021-03-28,,,,,55950.74609375,,
2021-03-29,,8233.240234375,160.30999755859375,112.22637939453125,57750.19921875,72.44719696044922,0.00800000037997961
2021-03-30,14845.099609375,8208.099609375,157.57000732421875,112.81444549560547,58917.69140625,72.74189758300781,0.013000000268220901
2021-03-31,14690.7001953125,8238.48046875,159.9600067138672,112.1849594116211,58918.83203125,73.44529724121094,0.013000000268220901
2021-04-01,14867.349609375,8335.91015625,161.97999572753906,114.046875,59095.80859375,73.20349884033203,0.00800000037997961
2021-04-02,,,,,59384.3125,73.28730010986328,
2021-04-03,,,,,57603.890625,,
2021-04-04,,,,,58758.5546875,,
2021-04-05,14637.7998046875,8457.400390625,161.9199981689453,113.54927062988281,59057.87890625,73.3759994506836,0.014999999664723873
2021-04-06,14683.5,8449.5400390625,163.22000122070312,114.32057189941406,58192.359375,73.27950286865234,0.014999999664723873
2021-04-07,14819.0498046875,8462.1796875,162.75999450683594,113.5244369506836,56048.9375,73.48999786376953,0.009999999776482582
2021-04-08,14873.7998046875,8499.849609375,164.50999450683594,114.46158599853516,58323.953125,74.40149688720703,0.004999999888241291
2021-04-09,14834.849609375,8565.5703125,163.27000427246094,114.046875,58245.00390625,74.54450225830078,0.003000000026077032
2021-04-10,,,,,59793.234375,,
2021-04-11,,,,,60204.96484375,,
2021-04-12,14310.7998046875,8564.0302734375,162.27999877929688,113.99715423583984,59893.453125,74.72949981689453,0.009999999776482582
2021-04-13,14504.7998046875,8592.25,163.42999267578125,114.85140228271484,63503.45703125,74.99099731445312,0.014999999664723873
2021-04-14,,8558.16015625,162.72000122070312,114.4864730834961,63109.6953125,75.18150329589844,0.014999999664723873
2021-04-15,14581.4501953125,8653.2900390625,165.35000610351562,116.40229797363281,63314.01171875,75.0261001586914,0.009999999776482582
2021-04-16,14617.849609375,8684.509765625,166.35000610351562,115.4982681274414,61572.7890625,74.72740173339844,0.00800000037997961
2021-04-17,,,,,60683.8203125,,
2021-04-18,,,,,56216.18359375,,
2021-04-19,14359.4501953125,8638.419921875,165.88999938964844,115.16654205322266,55724.265625,74.56320190429688,0.014999999664723873
2021-04-20,14296.400390625,8579.9501953125,166.47999572753906,115.69738006591797,56473.03125,74.8781967163086,0.014999999664723873
2021-04-21,,8659.7998046875,168.1300048828125,115.92953491210938,53906.08984375,75.44920349121094,0.013000000268220901
2021-04-22,14406.150390625,8580.73046875,167.0399932861328,116.43547821044922,51762.2734375,75.42949676513672,0.014999999664723873
2021-04-23,14341.349609375,8674.7998046875,166.39999389648438,116.16184997558594,51093.65234375,75.0916976928711,0.014999999664723873
2021-04-24,,,,,50050.8671875,,
2021-04-25,,,,,49004.25390625,,
2021-04-26,14485.0,8690.259765625,166.83999633789062,115.99591827392578,54021.75390625,74.86810302734375,0.00800000037997961
2021-04-27,14653.0498046875,8688.4501953125,166.4199981689453,114.98411560058594,55033.1171875,74.81490325927734,0.009999999776482582
2021-04-28,14864.5498046875,8681.169921875,166.91000366210938,115.05867004394531,54824.703125,74.57499694824219,0.00800000037997961
2021-04-29,14894.900390625,8740.349609375,166.22000122070312,114.71870422363281,53555.109375,74.31179809570312,0.00800000037997961
2021-04-30,14631.099609375,8678.16015625,165.66000366210938,114.98411560058594,57750.17578125,74.10579681396484,0.003000000026077032
2021-05-01,,,,,57828.05078125,,
2021-05-02,,,,,56631.078125,,
2021-05-03,14634.150390625,8702.01953125,167.80999755859375,115.05303955078125,57200.29296875,74.09480285644531,0.004999999888241291
2021-05-04,14496.5,8643.91015625,166.5800018310547,115.83384704589844,53333.5390625,73.8375015258789,0.009999999776482582
2021-05-05,14617.849609375,8650.0400390625,167.27000427246094,116.0248031616211,57424.0078125,73.77890014648438,0.00800000037997961
2021-05-06,14724.7998046875,8722.0400390625,170.05999755859375,116.21586608886719,56396.515625,73.79940032958984,0.00800000037997961
2021-05-07,14823.150390625,8787.8203125,171.58999633789062,115.64273834228516,57356.40234375,73.61519622802734,0.00800000037997961
2021-05-08,,,,,58803.77734375,,
2021-05-09,,,,,58232.31640625,,
2021-05-10,14942.349609375,8696.2900390625,172.11000061035156,114.47163391113281,55859.796875,73.29029846191406,0.004999999888241291
2021-05-11,14850.75,8620.98046875,172.13999938964844,113.82373809814453,56704.57421875,73.5,0.009999999776482582
2021-05-12,14696.5,8437.240234375,170.42999267578125,112.62771606445312,49150.53515625,73.3750991821289,0.009999999776482582
2021-05-13,,8541.3896484375,171.1300048828125,112.80213165283203,49716.19140625,73.68160247802734,0.00800000037997961
2021-05-14,14677.7998046875,8669.490234375,172.69000244140625,113.85702514648438,49880.53515625,73.44490051269531,0.004999999888241291
2021-05-15,,,,,46760.1875,,
2021-05-16,,,,,46456.05859375,,
2021-05-17,14923.150390625,8647.5703125,174.6999969482422,113.61612701416016,43537.51171875,73.27890014648438,0.004999999888241291
2021-05-18,15108.099609375,8574.98046875,175.0399932861328,113.32540893554688,42909.40234375,73.26969909667969,0.009999999776482582
2021-05-19,15030.150390625,8550.9501953125,175.16000366210938,113.0512924194336,37002.44140625,73.1281967163086,0.004999999888241291
2021-05-20,14906.0498046875,8641.98046875,175.9600067138672,113.9815673828125,40782.73828125,73.222900390625,0.003000000026077032
2021-05-21,15175.2998046875,8635.5498046875,176.0399932861328,114.3470230102539,37304.69140625,73.02189636230469,0.003000000026077032
2021-05-22,,,,,37536.6328125,,
2021-05-23,,,,,34770.58203125,,
2021-05-24,15197.7001953125,8722.0,176.35000610351562,114.77066040039062,38705.98046875,72.90979766845703,0.003000000026077032
2021-05-25,15208.4501953125,8703.58984375,177.9499969482422,115.83384704589844,38402.22265625,72.83660125732422,0.009999999776482582
2021-05-26,15301.4501953125,8720.0400390625,177.63999938964844,115.63446807861328,39294.19921875,72.80490112304688,0.004999999888241291
2021-05-27,15337.849609375,8730.9697265625,177.7100067138672,115.16930389404297,38436.96875,72.67250061035156,0.004999999888241291
2021-05-28,15435.650390625,8738.76953125,178.3800048828125,114.98655700683594,35697.60546875,72.68299865722656,0.00800000037997961
2021-05-29,,,,,34616.06640625,,
2021-05-30,,,,,35678.12890625,,
2021-05-31,15582.7998046875,,,,37332.85546875,72.39350128173828,
2021-06-01,15574.849609375,8734.740234375,177.89999389648438,114.96082305908203,36684.92578125,72.48719787597656,0.009999999776482582
2021-06-02,15576.2001953125,8748.2998046875,178.77000427246094,115.22696685791016,37575.1796875,72.8550033569336,0.014999999664723873
2021-06-03,15690.349609375,8717.9697265625,175.27000427246094,114.79444885253906,39208.765625,72.96510314941406,0.014999999664723873
2021-06-04,15670.25,8795.080078125,177.16000366210938,116.3664779663086,36894.40625,73.04419708251953,0.014999999664723873
2021-06-05,,,,,35551.95703125,,
2021-06-06,,,,,35862.37890625,,
2021-06-07,15751.650390625,8788.2802734375,177.8699951171875,116.00885772705078,33560.70703125,72.90969848632812,0.017999999225139618
2021-06-08,15740.099609375,8790.0,177.32000732421875,116.8239974975586,33472.6328125,72.80940246582031,0.019999999552965164
2021-06-09,15635.349609375,8774.3095703125,176.97999572753906,117.85543060302734,37345.12109375,72.97530364990234,0.019999999552965164
2021-06-10,15737.75,8815.5595703125,177.74000549316406,118.5623779296875,36702.59765625,72.98529815673828,0.019999999552965164
2021-06-11,15799.349609375,8832.9404296875,175.74000549316406,118.37102508544922,37334.3984375,73.01229858398438,0.017999999225139618
2021-06-12,,,,,35552.515625,,
2021-06-13,,,,,39097.859375,,
2021-06-14,15811.849609375,8851.169921875,174.7100067138672,117.46449279785156,40218.4765625,73.23159790039062,0.014999999664723873
2021-06-15,15869.25,8833.6796875,174.0500030517578,117.32306671142578,40406.26953125,73.18080139160156,0.019999999552965164
2021-06-16,15767.5498046875,8786.1796875,171.11000061035156,117.22323608398438,38347.0625,73.3447036743164,0.02800000086426735
2021-06-17,15691.400390625,8782.580078125,165.85000610351562,118.97827911376953,38053.50390625,73.8240966796875,0.02800000086426735
2021-06-18,15683.349609375,8667.759765625,164.92999267578125,121.21585083007812,35787.24609375,74.25389862060547,0.02800000086426735
2021-06-19,,,,,35615.87109375,,
2021-06-20,,,,,35698.296875,,
2021-06-21,15746.5,8789.51953125,166.9499969482422,119.18624114990234,31676.693359375,74.1438980102539,0.029999999329447746
2021-06-22,15772.75,8834.5595703125,166.25,119.47736358642578,32505.66015625,74.13520050048828,0.03799999877810478
2021-06-23,15686.9501953125,8825.009765625,166.13999938964844,119.16961669921875,33723.02734375,74.33219909667969,0.03999999910593033
2021-06-24,15790.4501953125,8877.0595703125,166.0399932861328,119.3609619140625,34662.4375,74.24690246582031,0.0430000014603138
2021-06-25,15860.349609375,8906.7900390625,166.58999633789062,118.12158203125,31637.779296875,74.19029998779297,0.0430000014603138
2021-06-26,,,,,32186.27734375,,
2021-06-27,,,,,34649.64453125,,
2021-06-28,15814.7001953125,8927.400390625,166.5800018310547,119.33596801757812,34434.3359375,74.21299743652344,0.03999999910593033
2021-06-29,15748.4501953125,8930.669921875,164.8300018310547,119.53561401367188,35867.77734375,74.285400390625,0.03999999910593033
2021-06-30,15721.5,8942.7802734375,165.6300048828125,120.06798553466797,35040.8359375,74.28759765625,0.03999999910593033
2021-07-01,15680.0,8990.080078125,166.1999969482422,120.07459259033203,33572.1171875,74.37100219726562,0.03999999910593033
2021-07-02,15722.2001953125,9058.66015625,167.2899932861328,120.79922485351562,33897.046875,74.54499816894531,0.03799999877810478
2021-07-03,,,,,34668.546875,,
2021-07-04,,,,,35287.78125,,
2021-07-05,15834.349609375,,,,33746.00390625,74.48179626464844,
2021-07-06,15818.25,9040.759765625,168.1199951171875,122.21505737304688,34235.1953125,74.31780242919922,0.03999999910593033
2021-07-07,15879.650390625,9071.1396484375,168.75999450683594,123.2978286743164,33855.328125,74.76290130615234,0.0430000014603138
2021-07-08,15727.900390625,8995.259765625,168.64999389648438,123.78087615966797,32877.37109375,74.8218994140625,0.0430000014603138
2021-07-09,15689.7998046875,9096.83984375,169.2100067138672,122.0401611328125,33798.01171875,74.72139739990234,0.0430000014603138
2021-07-10,,,,,33520.51953125,,
2021-07-11,,,,,34240.1875,,
2021-07-12,15692.599609375,9128.2197265625,169.0,121.88194274902344,33155.84765625,74.4905014038086,0.0430000014603138
2021-07-13,15812.349609375,9096.150390625,169.22000122070312,120.94910430908203,32702.025390625,74.54170227050781,0.04500000178813934
2021-07-14,15853.9501953125,9107.849609375,171.0399932861328,122.32334899902344,32822.34765625,74.65910339355469,0.04500000178813934
2021-07-15,15924.2001953125,9078.330078125,171.07000732421875,123.67256927490234,31780.73046875,74.46910095214844,0.03799999877810478
2021-07-16,15923.400390625,9009.8896484375,169.41000366210938,123.43941497802734,31421.5390625,74.53700256347656,0.03799999877810478
2021-07-17,,,,,31533.068359375,,
2021-07-18,,,,,31796.810546875,,
2021-07-19,15752.400390625,8867.0703125,169.61000061035156,126.14624786376953,30817.83203125,74.63179779052734,0.03999999910593033
2021-07-20,15632.099609375,9001.76953125,169.38999938964844,124.93023681640625,29807.34765625,74.99340057373047,0.04500000178813934
2021-07-21,,9075.9697265625,168.75999450683594,123.34774017333984,32110.693359375,74.5270004272461,0.04500000178813934
2021-07-22,15824.0498046875,9094.9501953125,169.08999633789062,124.5137939453125,32313.10546875,74.44020080566406,0.0430000014603138
2021-07-23,15856.0498046875,9187.6396484375,168.55999755859375,123.68092346191406,33581.55078125,74.4520034790039,0.04500000178813934
2021-07-24,,,,,34292.4453125,,
2021-07-25,,,,,35350.1875,,
2021-07-26,15824.4501953125,9209.6298828125,168.16000366210938,123.31450653076172,37337.53515625,74.44889831542969,0.03999999910593033
2021-07-27,15746.4501953125,9166.26953125,168.44000244140625,124.63038635253906,39406.94140625,74.28949737548828,0.04500000178813934
2021-07-28,15709.400390625,9164.6201171875,169.2899932861328,124.63873291015625,39995.90625,74.5022964477539,0.04500000178813934
2021-07-29,15778.4501953125,9204.25,171.1699981689453,123.94749450683594,40008.421875,74.38999938964844,0.03999999910593033
2021-07-30,15763.0498046875,9155.2099609375,169.82000732421875,124.5303726196289,42235.546875,74.25199890136719,0.03999999910593033
2021-07-31,,,,,41626.1953125,,
2021-08-01,,,,,39974.89453125,,
2021-08-02,15885.150390625,9138.3603515625,169.61000061035156,125.64119720458984,39201.9453125,74.37909698486328,0.03799999877810478
2021-08-03,16130.75,9213.349609375,169.49000549316406,125.70791625976562,38152.98046875,74.33200073242188,0.04500000178813934
2021-08-04,16258.7998046875,9170.759765625,169.52999877929688,125.96635437011719,39747.50390625,74.21440124511719,0.04500000178813934
2021-08-05,16294.599609375,9226.490234375,168.86000061035156,125.3243179321289,40869.5546875,74.18399810791016,0.0430000014603138
2021-08-06,16238.2001953125,9243.0302734375,164.63999938964844,123.23124694824219,42816.5,74.08200073242188,0.0430000014603138
2021-08-07,,,,,44555.80078125,,
2021-08-08,,,,,43798.1171875,,
2021-08-09,16258.25,9235.0498046875,161.72000122070312,122.78929901123047,46365.40234375,74.49140167236328,0.04500000178813934
2021-08-10,16280.099609375,9244.2197265625,161.77000427246094,122.2222900390625,45585.03125,74.46620178222656,0.05000000074505806
2021-08-11,16282.25,9267.400390625,164.0,122.14724731445312,45593.63671875,74.43550109863281,0.04500000178813934
2021-08-12,16364.400390625,9297.2001953125,164.0399932861328,121.9471435546875,44428.2890625,74.10299682617188,0.0430000014603138
2021-08-13,16529.099609375,9312.509765625,166.38999938964844,123.87338256835938,47793.3203125,74.26010131835938,0.04500000178813934
2021-08-14,,,,,47096.9453125,,
2021-08-15,,,,,47047.00390625,,
2021-08-16,16563.05078125,9337.1796875,167.22000122070312,124.17353820800781,46004.484375,74.216796875,0.057999998331069946
2021-08-17,16614.599609375,9271.830078125,166.97000122070312,124.12351989746094,44695.359375,74.13500213623047,0.06300000101327896
2021-08-18,16568.849609375,9173.9296875,167.10000610351562,124.54053497314453,44801.1875,74.364501953125,0.054999999701976776
2021-08-19,,9186.0703125,166.61000061035156,125.45777893066406,46717.578125,74.2697982788086,0.0430000014603138
2021-08-20,16450.5,9261.3095703125,166.6999969482422,125.54112243652344,49339.17578125,74.4292984008789,0.0430000014603138
2021-08-21,,,,,48905.4921875,,
2021-08-22,,,,,49321.65234375,,
2021-08-23,16496.44921875,9341.08984375,168.72999572753906,125.45777893066406,49546.1484375,74.30149841308594,0.03999999910593033
2021-08-24,16624.599609375,9355.1103515625,168.64999389648438,124.48210144042969,47706.1171875,74.10590362548828,0.04800000041723251
2021-08-25,16634.650390625,9376.0,167.47999572753906,123.4480972290039,48960.7890625,74.1447982788086,0.04500000178813934
2021-08-26,16636.900390625,9321.740234375,167.6699981689453,123.78999328613281,46942.21875,74.0999984741211,0.0430000014603138
2021-08-27,16705.19921875,9404.150390625,170.19000244140625,124.6321792602539,49058.66796875,74.15599822998047,0.0430000014603138
2021-08-28,,,,,48902.40234375,,
2021-08-29,,,,,48829.83203125,,
2021-08-30,16931.05078125,9445.240234375,169.35000610351562,124.9574203491211,47054.984375,73.49659729003906,0.03799999877810478
2021-08-31,17132.19921875,9433.580078125,169.69000244140625,124.1068344116211,47166.6875,73.41120147705078,0.03999999910593033
2021-09-01,17076.25,9437.150390625,169.6999969482422,124.31478881835938,48847.02734375,72.99669647216797,0.03999999910593033
2021-09-02,17234.150390625,9465.4697265625,169.25,124.85740661621094,49327.72265625,72.98509979248047,0.03999999910593033
2021-09-03,17323.599609375,9462.5400390625,171.05999755859375,123.721923828125,50025.375,73.0542984008789,0.03999999910593033
2021-09-04,,,,,49944.625,,
2021-09-05,,,,,51753.41015625,,
2021-09-06,17377.80078125,,,,52633.53515625,72.99449920654297,
2021-09-07,17362.099609375,9430.6796875,167.7100067138672,122.67823028564453,46811.12890625,73.11000061035156,0.03500000014901161
2021-09-08,17353.5,9418.5703125,167.2899932861328,123.5132064819336,46091.390625,73.3904037475586,0.03999999910593033
2021-09-09,17369.25,9375.990234375,168.02999877929688,125.00776672363281,46391.421875,73.78900146484375,0.03799999877810478
2021-09-10,,9304.0302734375,167.17999267578125,123.90556335449219,44883.91015625,73.53800201416016,0.03799999877810478
2021-09-11,,,,,45201.45703125,,
2021-09-12,,,,,46063.26953125,,
2021-09-13,17355.30078125,9325.2900390625,167.74000549316406,124.65704345703125,44963.07421875,73.52429962158203,0.03799999877810478
2021-09-14,17380.0,9273.990234375,168.82000732421875,126.16828918457031,47092.4921875,73.54080200195312,0.03500000014901161
2021-09-15,17519.44921875,9352.830078125,167.8300018310547,125.7258071899414,48176.34765625,73.65080261230469,0.03500000014901161
2021-09-16,17629.5,9338.6103515625,164.02999877929688,125.1496810913086,47783.359375,73.43800354003906,0.029999999329447746
2021-09-17,17585.150390625,9253.5703125,163.77000427246094,124.54853057861328,47267.51953125,73.56490325927734,0.02800000086426735
2021-09-18,,,,,48278.36328125,,
2021-09-19,,,,,47260.21875,,
2021-09-20,17396.900390625,9096.51953125,164.94000244140625,126.09318542480469,42843.80078125,73.69609832763672,0.02500000037252903
2021-09-21,17562.0,9089.5498046875,166.0399932861328,125.98464965820312,40693.67578125,73.65899658203125,0.019999999552965164
2021-09-22,17546.650390625,9176.080078125,165.4199981689453,126.73607635498047,43574.5078125,73.7927017211914,0.02500000037252903
2021-09-23,17822.94921875,9287.7998046875,163.50999450683594,123.8721694946289,44895.09765625,73.8749008178711,0.02500000037252903
2021-09-24,17853.19921875,9301.490234375,163.3000030517578,122.66155242919922,42839.75,73.83999633789062,0.02500000037252903
2021-09-25,,,,,42716.59375,,
2021-09-26,,,,,43208.5390625,,
2021-09-27,17855.099609375,9275.8701171875,163.63999938964844,122.21068572998047,42235.73046875,73.81289672851562,0.02500000037252903
2021-09-28,17748.599609375,9087.4697265625,162.0500030517578,120.30701446533203,41034.54296875,73.82530212402344,0.029999999329447746
2021-09-29,17711.30078125,9102.6201171875,161.32000732421875,120.51573181152344,41564.36328125,74.16329956054688,0.029999999329447746
2021-09-30,17618.150390625,8994.830078125,164.22000122070312,120.49907684326172,43790.89453125,74.3219985961914,0.02800000086426735
2021-10-01,17532.05078125,9098.25,164.58999633789062,121.51313781738281,48116.94140625,74.25440216064453,0.02800000086426735
2021-10-02,,,,,47711.48828125,,
2021-10-03,,,,,48199.953125,,
2021-10-04,17691.25,8980.6396484375,165.36000061035156,121.20378112792969,49112.90234375,74.152099609375,0.02800000086426735
2021-10-05,17822.30078125,9076.1904296875,164.58999633789062,120.03337860107422,51514.8125,74.57279968261719,0.03500000014901161
2021-10-06,17646.0,9113.4501953125,165.02999877929688,120.71057891845703,55361.44921875,74.56320190429688,0.03999999910593033
2021-10-07,17790.349609375,9191.1904296875,164.16000366210938,119.44819641113281,53805.984375,74.76000213623047,0.03999999910593033
2021-10-08,17895.19921875,9173.740234375,164.22999572753906,118.61223602294922,53967.84765625,74.83000183105469,0.03999999910593033
2021-10-09,,,,,54968.22265625,,
2021-10-10,,,,,54771.578125,,
2021-10-11,17945.94921875,9110.759765625,163.9199981689453,118.31122589111328,57484.7890625,75.30580139160156,0.03999999910593033
2021-10-12,17991.94921875,9088.73046875,164.66000366210938,120.33436584472656,56041.05859375,75.40260314941406,0.03999999910593033
2021-10-13,18161.75,9116.3896484375,167.58999633789062,121.50476837158203,57401.09765625,75.48390197753906,0.04500000178813934
2021-10-14,18338.55078125,9272.9697265625,168.0,121.9561996459961,57321.5234375,75.3062973022461,0.03999999910593033
2021-10-15,,9342.150390625,165.3300018310547,121.24561309814453,61593.94921875,74.99500274658203,0.03799999877810478
2021-10-16,,,,,60892.1796875,,
2021-10-17,,,,,61553.6171875,,
2021-10-18,18477.05078125,9373.6796875,164.9199981689453,121.81407165527344,62026.078125,75.00589752197266,0.0430000014603138
2021-10-19,18418.75,9443.1201171875,165.4499969482422,120.13372039794922,64261.9921875,75.2354965209961,0.05000000074505806
2021-10-20,18266.599609375,9477.8203125,166.89999389648438,119.32278442382812,65992.8359375,75.12010192871094,0.05000000074505806
2021-10-21,18178.099609375,9506.91015625,166.75,119.1806640625,62210.171875,74.80919647216797,0.05000000074505806
2021-10-22,18114.900390625,9496.8603515625,167.77000427246094,120.4931640625,60692.265625,74.86540222167969,0.05000000074505806
2021-10-23,,,,,61393.6171875,,
2021-10-24,,,,,60930.8359375,,
2021-10-25,18125.400390625,9541.990234375,168.92999267578125,120.30928802490234,63039.82421875,74.99369812011719,0.05000000074505806
2021-10-26,18268.400390625,9559.3896484375,167.67999267578125,121.30416107177734,60363.79296875,75.08989715576172,0.05000000074505806
2021-10-27,18210.94921875,9511.26953125,168.1199951171875,123.51112365722656,58482.38671875,74.88890075683594,0.05000000074505806
2021-10-28,17857.25,9605.23046875,168.0800018310547,123.09320068359375,60622.13671875,75.05000305175781,0.04800000041723251
2021-10-29,17671.650390625,9625.01953125,166.64999389648438,123.46932983398438,62227.96484375,74.79720306396484,0.04800000041723251
2021-10-30,,,,,61888.83203125,,
2021-10-31,,,,,61318.95703125,,
2021-11-01,17929.650390625,9642.4404296875,167.52000427246094,122.58042907714844,61004.40625,74.92829895019531,0.03999999910593033
2021-11-02,17888.94921875,9677.9501953125,167.16000366210938,123.12449645996094,63226.40234375,74.82990264892578,0.04500000178813934
2021-11-03,17829.19921875,9740.4697265625,165.77000427246094,121.85216522216797,62970.046875,74.71199798583984,0.04500000178813934
2021-11-04,17916.80078125,9782.48046875,167.64999389648438,123.13286590576172,61452.23046875,74.43550109863281,0.03500000014901161
2021-11-05,,9819.98046875,169.83999633789062,124.9743881225586,61125.67578125,74.47810363769531,0.03999999910593033
2021-11-06,,,,,61527.48046875,,
2021-11-07,,,,,63326.98828125,,
2021-11-08,18068.55078125,9828.8095703125,170.4499969482422,124.7400894165039,67566.828125,74.19110107421875,0.03500000014901161
2021-11-09,18044.25,9795.1201171875,171.2899932861328,126.36392211914062,66971.828125,73.91850280761719,0.03999999910593033
2021-11-10,18017.19921875,9716.7197265625,173.14999389648438,124.05361938476562,64995.23046875,74.17479705810547,0.04500000178813934
2021-11-11,17873.599609375,9722.080078125,174.1199951171875,123.8694839477539,64949.9609375,74.40489959716797,0.03999999910593033
2021-11-12,18102.75,9793.2197265625,174.4499969482422,123.32538604736328,64155.94140625,74.32209777832031,0.0430000014603138
2021-11-13,,,,,64469.52734375,,
2021-11-14,,,,,65466.83984375,,
2021-11-15,18109.44921875,9793.5302734375,174.17999267578125,121.77687072753906,63557.87109375,74.33999633789062,0.03799999877810478
2021-11-16,17999.19921875,9831.91015625,172.9199981689453,121.46711730957031,60161.24609375,74.43509674072266,0.03999999910593033
2021-11-17,17898.650390625,9808.26953125,174.5,122.42977905273438,60368.01171875,74.45860290527344,0.04500000178813934
2021-11-18,17764.80078125,9842.349609375,173.94000244140625,122.89008331298828,56942.13671875,74.25980377197266,0.04500000178813934
2021-11-19,,9828.7998046875,172.61000061035156,124.18755340576172,58119.578125,74.17440032958984,0.04500000178813934
2021-11-20,,,,,59697.1953125,,
2021-11-21,,,,,58730.4765625,,
2021-11-22,17416.55078125,9798.2900390625,168.74000549316406,122.73104095458984,56289.2890625,74.30259704589844,0.03999999910593033
2021-11-23,17503.349609375,9814.650390625,167.27999877929688,120.95645141601562,57569.07421875,74.42980194091797,0.04500000178813934
2021-11-24,17415.05078125,9837.599609375,167.1199951171875,122.89848327636719,56280.42578125,74.4469985961914,0.05000000074505806
2021-11-25,17536.25,,,,57274.6796875,74.625,
2021-11-26,17026.44921875,9614.25,166.85000610351562,126.00398254394531,53569.765625,74.50579833984375,0.0430000014603138
2021-11-27,,,,,54815.078125,,
2021-11-28,,,,,57248.45703125,,
2021-11-29,17053.94921875,9741.7802734375,166.6199951171875,124.9912109375,57806.56640625,74.98159790039062,0.03799999877810478
2021-11-30,16983.19921875,9558.330078125,165.5,126.89130401611328,57005.42578125,75.05490112304688,0.04800000041723251
2021-12-01,17166.900390625,9446.2099609375,166.16000366210938,127.6740951538086,57229.828125,75.0509033203125,0.05000000074505806
2021-12-02,17401.650390625,9581.7900390625,165.24000549316406,127.83326721191406,56477.81640625,75.01789855957031,0.0430000014603138
2021-12-03,17196.69921875,9501.2802734375,166.6300048828125,129.35861206054688,53598.24609375,74.9834976196289,0.0430000014603138
2021-12-04,,,,,49200.703125,,
2021-12-05,,,,,49368.84765625,,
2021-12-06,16912.25,9613.01953125,166.22000122070312,127.5818862915039,50582.625,75.23400115966797,0.0430000014603138
2021-12-07,17176.69921875,9812.2001953125,166.80999755859375,126.55107116699219,50700.0859375,75.39129638671875,0.057999998331069946
2021-12-08,17469.75,9842.6796875,166.89999389648438,124.36365509033203,50504.796875,75.40859985351562,0.05999999865889549
2021-12-09,17516.849609375,9773.1904296875,165.8800048828125,125.05924224853516,47672.12109375,75.38330078125,0.05299999937415123
2021-12-10,17511.30078125,9866.6201171875,166.5800018310547,124.75749206542969,47243.3046875,75.59919738769531,0.05000000074505806
2021-12-11,,,,,49362.5078125,,
2021-12-12,,,,,50098.3359375,,
2021-12-13,17368.25,9776.6904296875,167.0,126.60131072998047,46737.48046875,75.70999908447266,0.0430000014603138
2021-12-14,17324.900390625,9705.0595703125,165.44000244140625,126.29959869384766,46612.6328125,75.82689666748047,0.04800000041723251
2021-12-15,17221.400390625,9863.919921875,166.14999389648438,125.08435821533203,48896.72265625,76.04720306396484,0.04500000178813934
2021-12-16,17248.400390625,9778.08984375,168.16000366210938,125.1330795288086,47665.42578125,76.2114028930664,0.03500000014901161
2021-12-17,16985.19921875,9678.0302734375,167.8000030517578,126.551025390625,46202.14453125,76.1675033569336,0.029999999329447746
2021-12-18,,,,,46848.77734375,,
2021-12-19,,,,,46707.015625,,
2021-12-20,16614.19921875,9567.91015625,167.08999633789062,125.60285186767578,46880.27734375,76.00599670410156,0.03799999877810478
2021-12-21,16770.849609375,9738.73046875,167.02000427246094,125.12469482421875,48936.61328125,75.75869750976562,0.06499999761581421
2021-12-22,16955.44921875,9838.900390625,168.58999633789062,125.70362091064453,48628.51171875,75.6864013671875,0.06499999761581421
2021-12-23,17072.599609375,9900.2998046875,168.97000122070312,124.61288452148438,50784.5390625,75.45850372314453,0.057999998331069946
2021-12-24,17003.75,,,,50822.1953125,75.06739807128906,
2021-12-25,,,,,50429.859375,,
2021-12-26,,,,,50809.515625,,
2021-12-27,17086.25,10037.669921875,169.3699951171875,124.91484832763672,50640.41796875,75.31500244140625,0.0430000014603138
2021-12-28,17233.25,10027.5302734375,168.63999938964844,124.41988372802734,47588.85546875,74.98030090332031,0.05000000074505806
2021-12-29,17213.599609375,10041.6103515625,168.58999633789062,123.06063842773438,46444.7109375,74.74500274658203,0.04500000178813934
2021-12-30,17203.94921875,10012.509765625,169.8000030517578,124.09263610839844,47178.125,74.57029724121094,0.02500000037252903
2021-12-31,17354.05078125,9986.7001953125,170.9600067138672,124.33597564697266,46306.4453125,74.43119812011719,0.032999999821186066
2022-01-01,,,,,47686.8125,,
2022-01-02,,,,,47345.21875,,
2022-01-03,17625.69921875,10050.41015625,168.3300018310547,121.07215118408203,46458.1171875,74.51380157470703,0.05299999937415123
2022-01-04,17805.25,10044.75,169.57000732421875,120.56874084472656,45897.57421875,74.4032974243164,0.07999999821186066
2022-01-05,17925.25,9850.7001953125,169.05999755859375,119.91423797607422,43569.00390625,74.53489685058594,0.08500000089406967
2022-01-06,17745.900390625,9841.919921875,166.99000549316406,120.2247085571289,43160.9296875,74.43009948730469,0.09000000357627869
2022-01-07,17812.69921875,9803.849609375,167.75,119.36050415039062,41557.90234375,74.41929626464844,0.08799999952316284
2022-01-08,,,,,41733.94140625,,
2022-01-09,,,,,41911.6015625,,
2022-01-10,18003.30078125,9789.7197265625,168.25999450683594,119.65416717529297,41821.26171875,74.2699966430664,0.09000000357627869
2022-01-11,18055.75,9879.3896484375,170.2899932861328,120.4512710571289,42735.85546875,74.05699920654297,0.11800000071525574
2022-01-12,18212.349609375,9907.3798828125,170.74000549316406,119.98978424072266,43949.1015625,73.81529998779297,0.11500000208616257
2022-01-13,18257.80078125,9767.349609375,170.16000366210938,121.05536651611328,42591.5703125,73.79910278320312,0.10999999940395355
2022-01-14,18255.75,9775.5302734375,169.6699981689453,119.22625732421875,43099.69921875,73.97229766845703,0.11800000071525574
2022-01-15,,,,,43177.3984375,,
2022-01-16,,,,,43113.87890625,,
2022-01-17,18308.099609375,,,,42250.55078125,74.37899780273438,
2022-01-18,18113.05078125,9595.9296875,169.38999938964844,117.54818725585938,42375.6328125,74.25509643554688,0.12999999523162842
2022-01-19,17938.400390625,9503.1396484375,172.0800018310547,118.36210632324219,41744.328125,74.61969757080078,0.16500000655651093
2022-01-20,17757.0,9398.9599609375,171.64999389648438,119.09202575683594,40680.41796875,74.44920349121094,0.1679999977350235
2022-01-21,17617.150390625,9221.2802734375,171.08999633789062,120.51002502441406,36457.31640625,74.45220184326172,0.15800000727176666
2022-01-22,,,,,35030.25,,
2022-01-23,,,,,36276.8046875,,
2022-01-24,17149.099609375,9246.83984375,172.02999877929688,119.51995849609375,36654.328125,74.41320037841797,0.1550000011920929
2022-01-25,17277.94921875,9134.330078125,172.5800018310547,119.32695770263672,36954.00390625,74.6447982788086,0.1850000023841858
2022-01-26,,9120.75,169.7899932861328,117.88382720947266,36852.12109375,74.77999877929688,0.17800000309944153
2022-01-27,17110.150390625,9072.240234375,167.60000610351562,120.04850769042969,37138.234375,74.8949966430664,0.1850000023841858
2022-01-28,17101.94921875,9294.2099609375,167.10000610351562,120.09050750732422,37784.33203125,75.20929718017578,0.17299999296665192
2022-01-29,,,,,38138.1796875,,
2022-01-30,,,,,37917.6015625,,
2022-01-31,17339.849609375,9469.919921875,168.08999633789062,119.46955871582031,38483.125,75.03900146484375,0.17299999296665192
2022-02-01,17576.849609375,9534.9501953125,168.22999572753906,119.07302856445312,38743.2734375,74.55580139160156,0.2029999941587448
2022-02-02,17780.0,9624.8896484375,168.83999633789062,119.47632598876953,36952.984375,74.74549865722656,0.1850000023841858
2022-02-03,17560.19921875,9390.5703125,168.60000610351562,118.5436782836914,37154.6015625,74.82240295410156,0.19300000369548798
2022-02-04,17516.30078125,9440.580078125,168.86000061035156,116.79605102539062,41500.875,74.6438980102539,0.22300000488758087
2022-02-05,,,,,41441.1640625,,
2022-02-06,,,,,42412.43359375,,
2022-02-07,17213.599609375,9405.83984375,170.11000061035156,116.87171173095703,43840.28515625,74.64219665527344,0.2029999941587448
2022-02-08,17266.75,9484.9501953125,170.6300048828125,116.09032440185547,44118.4453125,74.6583023071289,0.2750000059604645
2022-02-09,17463.80078125,9623.83984375,171.2100067138672,116.3087387084961,44338.796875,74.69519805908203,0.27000001072883606
2022-02-10,17605.849609375,9450.7197265625,170.55999755859375,114.4603271484375,43565.11328125,74.80889892578125,0.3700000047683716
2022-02-11,17374.75,9271.7998046875,173.80999755859375,116.15756225585938,42407.9375,75.53839874267578,0.33799999952316284
2022-02-12,,,,,42244.46875,,
2022-02-13,,,,,42197.515625,,
2022-02-14,16842.80078125,9236.8603515625,174.74000549316406,114.71237182617188,42586.91796875,75.34100341796875,0.36000001430511475
2022-02-15,17352.44921875,9383.5703125,173.0800018310547,113.41012573242188,44575.203125,75.6854019165039,0.4000000059604645
2022-02-16,17322.19921875,9393.08984375,174.86000061035156,114.08222961425781,43961.859375,75.17479705810547,0.37299999594688416
2022-02-17,17304.599609375,9195.349609375,177.25,114.93083190917969,40538.01171875,75.04199981689453,0.3449999988079071
2022-02-18,17276.30078125,9130.8095703125,177.1199951171875,116.14071655273438,40030.9765625,75.06300354003906,0.3179999887943268
2022-02-19,,,,,40122.15625,,
2022-02-20,,,,,38431.37890625,,
2022-02-21,17206.650390625,,,,37075.28125,74.68240356445312,
2022-02-22,17092.19921875,9038.3203125,177.49000549316406,116.4432144165039,38286.02734375,74.51699829101562,0.33000001311302185
2022-02-23,17063.25,8871.9501953125,178.2899932861328,114.83840942382812,37296.5703125,74.62300109863281,0.3400000035762787
2022-02-24,16247.9501953125,9005.3701171875,177.13999938964844,114.91400909423828,38332.609375,74.63300323486328,0.28299999237060547
2022-02-25,16658.400390625,9207.849609375,176.5500030517578,114.9980697631836,39214.21875,75.4083023071289,0.2980000078678131
2022-02-26,,,,,39105.1484375,,
2022-02-27,,,,,37709.78515625,,
2022-02-28,16793.900390625,9186.3701171875,178.3800048828125,117.51866912841797,43193.234375,75.06800079345703,0.2879999876022339
2022-03-01,,9044.4697265625,181.6199951171875,118.87739562988281,44354.63671875,75.28479766845703,0.31299999356269836
2022-03-02,16605.94921875,9213.3896484375,179.72999572753906,114.8138427734375,43924.1171875,75.80120086669922,0.32499998807907104
2022-03-03,16498.05078125,9166.1298828125,180.8000030517578,115.98328399658203,42451.7890625,75.63099670410156,0.33500000834465027
2022-03-04,16245.349609375,9094.0400390625,183.67999267578125,117.98555755615234,39137.60546875,75.8917007446289,0.3050000071525574
2022-03-05,,,,,39400.5859375,,
2022-03-06,,,,,38419.984375,,
2022-03-07,15863.150390625,8825.7197265625,186.41000366210938,117.08539581298828,38062.0390625,76.41799926757812,0.3050000071525574
2022-03-08,16013.4501953125,8762.1103515625,191.50999450683594,115.9075698852539,38737.26953125,77.08080291748047,0.36000001430511475
2022-03-09,16345.349609375,8988.650390625,185.82000732421875,114.77176666259766,41982.92578125,76.91449737548828,0.3700000047683716
2022-03-10,16594.900390625,8950.900390625,186.39999389648438,113.1227798461914,39437.4609375,76.13490295410156,0.36000001430511475
2022-03-11,16630.44921875,8835.400390625,185.08999633789062,113.50143432617188,38794.97265625,76.310302734375,0.36500000953674316
2022-03-12,,,,,38904.01171875,,
2022-03-13,,,,,37849.6640625,,
2022-03-14,16871.30078125,8771.75,182.3000030517578,110.85126495361328,39666.75390625,76.75370025634766,0.3779999911785126
2022-03-15,16663.0,8959.740234375,178.88999938964844,110.65776824951172,39338.78515625,76.49009704589844,0.4480000138282776
2022-03-16,16975.349609375,9160.509765625,180.00999450683594,111.74305725097656,41143.9296875,76.26589965820312,0.43299999833106995
2022-03-17,17287.05078125,9274.169921875,180.88999938964844,110.91012573242188,40951.37890625,76.02420043945312,0.36000001430511475
2022-03-18,,9382.4296875,179.3000030517578,112.2646713256836,41801.15625,75.98159790039062,0.382999986410141
2022-03-19,,,,,42190.65234375,,
2022-03-20,,,,,41247.82421875,,
2022-03-21,17117.599609375,9378.83984375,180.6699981689453,109.6650161743164,41077.99609375,75.94640350341797,0.45500001311302185
2022-03-22,17315.5,9484.8603515625,179.36000061035156,108.26004791259766,42358.80859375,76.30709838867188,0.5199999809265137
2022-03-23,17245.650390625,9368.98046875,181.80999755859375,110.63252258300781,42892.95703125,76.10189819335938,0.47999998927116394
2022-03-24,17222.75,9504.1904296875,183.1300048828125,109.76597595214844,43960.93359375,76.55239868164062,0.4830000102519989
2022-03-25,17153.0,9552.400390625,182.3800048828125,108.24321746826172,44348.73046875,76.32350158691406,0.5199999809265137
2022-03-26,,,,,44500.828125,,
2022-03-27,,,,,46820.4921875,,
2022-03-28,17222.0,9620.66015625,179.05999755859375,109.16863250732422,47128.00390625,76.27850341796875,0.5080000162124634
2022-03-29,17325.30078125,9738.599609375,179.13999938964844,109.99310302734375,47465.73046875,76.03410339355469,0.5550000071525574
2022-03-30,17498.25,9678.2998046875,180.5800018310547,110.85126495361328,47062.6640625,75.66670227050781,0.5249999761581421
2022-03-31,17464.75,9527.4599609375,180.64999389648438,111.1204833984375,45538.67578125,75.82779693603516,0.49300000071525574
2022-04-01,17670.44921875,9559.9501953125,179.5,111.54347229003906,46281.64453125,75.9092025756836,0.5
2022-04-02,,,,,45868.94921875,,
2022-04-03,,,,,46453.56640625,,
2022-04-04,18053.400390625,9637.3701171875,180.3699951171875,110.768310546875,46622.67578125,75.99479675292969,0.5379999876022339
2022-04-05,17957.400390625,9517.9404296875,179.24000549316406,108.2657470703125,45555.9921875,75.47799682617188,0.6679999828338623
2022-04-06,17807.650390625,9425.490234375,179.66000366210938,107.38944244384766,43206.73828125,75.45069885253906,0.6629999876022339
2022-04-07,17639.55078125,9466.759765625,180.33999633789062,106.58052825927734,43503.84765625,75.94509887695312,0.6600000262260437
2022-04-08,17784.349609375,9441.83984375,181.47000122070312,105.42620086669922,42287.6640625,75.91320037841797,0.6679999828338623
2022-04-09,,,,,42782.13671875,,
2022-04-10,,,,,42207.671875,,
2022-04-11,17674.94921875,9282.48046875,182.3699951171875,103.75786590576172,39521.90234375,75.91729736328125,0.6800000071525574
2022-04-12,17530.30078125,9251.0703125,183.77000427246094,103.6146011352539,40127.18359375,75.83699798583984,0.7379999756813049
2022-04-13,17475.650390625,9356.2099609375,184.64999389648438,103.82524871826172,41166.73046875,76.1498031616211,0.7400000095367432
2022-04-14,,9242.580078125,184.0399932861328,101.74403381347656,39935.515625,76.12169647216797,0.7480000257492065
2022-04-15,,,,,40553.46484375,76.30879974365234,
2022-04-16,,,,,40424.484375,,
2022-04-17,,,,,39716.953125,,
2022-04-18,17173.650390625,9240.6904296875,184.61000061035156,101.23844909667969,40826.21484375,76.3313980102539,0.7549999952316284
2022-04-19,16958.650390625,9389.2099609375,181.82000732421875,100.48011779785156,41502.75,76.28019714355469,0.8330000042915344
2022-04-20,17136.55078125,9383.5400390625,182.7100067138672,102.50236511230469,41374.37890625,76.44539642333984,0.7950000166893005
2022-04-21,17392.599609375,9245.8603515625,182.05999755859375,101.74403381347656,40527.36328125,76.27619934082031,0.800000011920929
2022-04-22,17171.94921875,8989.509765625,180.2899932861328,101.1036605834961,39740.3203125,76.28520202636719,0.7799999713897705
2022-04-23,,,,,39486.73046875,,
2022-04-24,,,,,39469.29296875,,
2022-04-25,16953.94921875,9040.8603515625,177.0500030517578,102.11479187011719,40458.30859375,76.4635009765625,0.7979999780654907
2022-04-26,17200.80078125,8786.4697265625,177.32000732421875,103.14277648925781,38117.4609375,76.52780151367188,0.8330000042915344
2022-04-27,17038.400390625,8805.0,175.97999572753906,101.81986999511719,39241.12109375,76.79409790039062,0.8080000281333923
2022-04-28,17245.05078125,9023.419921875,176.92999267578125,101.97149658203125,39773.828125,76.47219848632812,0.7850000262260437
2022-04-29,17102.55078125,8696.650390625,176.91000366210938,100.64863586425781,38609.82421875,76.58899688720703,0.8080000281333923
2022-04-30,,,,,37714.875,,
2022-05-01,,,,,38469.09375,,
2022-05-02,17069.099609375,8746.0498046875,173.6300048828125,98.90399932861328,38529.328125,76.52310180664062,0.7649999856948853
2022-05-03,,8788.3603515625,174.08999633789062,99.57083892822266,37750.453125,76.52410125732422,0.8949999809265137
2022-05-04,16677.599609375,9050.900390625,175.8000030517578,100.11945343017578,39698.37109375,76.46730041503906,0.8330000042915344
2022-05-05,16682.650390625,8729.2099609375,175.1300048828125,97.3763198852539,36575.140625,76.00160217285156,0.8029999732971191
2022-05-06,16411.25,8680.9697265625,175.4199981689453,95.94148254394531,36040.921875,76.54180145263672,0.8149999976158142
2022-05-07,,,,,35501.953125,,
2022-05-08,,,,,34059.265625,,
2022-05-09,16301.849609375,8403.5,172.8800048828125,96.78547668457031,30296.953125,76.9574966430664,0.800000011920929
2022-05-10,16240.0498046875,8424.2001953125,171.4199981689453,97.66329193115234,31022.90625,77.3655014038086,0.878000020980835
2022-05-11,16167.099609375,8285.8203125,172.82000732421875,99.54550170898438,28936.35546875,77.27140045166016,0.8830000162124634
2022-05-12,15808.0,8278.0400390625,170.1699981689453,99.35979461669922,29047.751953125,77.41840362548828,0.9049999713897705
2022-05-13,15782.150390625,8476.5703125,168.7899932861328,97.89119720458984,29283.103515625,77.44380187988281,0.9430000185966492
2022-05-14,,,,,30101.265625,,
2022-05-15,,,,,31305.11328125,,
2022-05-16,15842.2998046875,8443.5498046875,170.39999389648438,97.78990936279297,29862.91796875,77.48629760742188,0.9800000190734863
2022-05-17,16259.2998046875,8614.3095703125,169.3300018310547,96.60822296142578,30425.857421875,77.8053970336914,1.0379999876022339
2022-05-18,16240.2998046875,8268.3203125,169.4199981689453,98.66767120361328,28720.271484375,77.37239837646484,1.003000020980835
2022-05-19,15809.400390625,8220.9697265625,171.91000366210938,98.90399932861328,30314.333984375,77.81999969482422,1.0
2022-05-20,16266.150390625,8222.3095703125,172.02999877929688,100.0265884399414,29200.740234375,77.42109680175781,0.9779999852180481
2022-05-21,,,,,29432.2265625,,
2022-05-22,,,,,30323.72265625,,
2022-05-23,16214.7001953125,8375.8701171875,172.8300018310547,98.38067626953125,29098.91015625,77.81839752197266,0.9929999709129333
2022-05-24,16125.150390625,8307.9697265625,174.1300048828125,100.32203674316406,29655.5859375,77.52680206298828,1.0429999828338623
2022-05-25,16025.7998046875,8386.6201171875,173.0800018310547,100.71868133544922,29562.361328125,77.47879791259766,1.0449999570846558
2022-05-26,16170.150390625,8553.6796875,172.75999450683594,100.26293182373047,29267.224609375,77.49729919433594,1.027999997138977
2022-05-27,16352.4501953125,8766.830078125,172.85000610351562,100.50767517089844,28627.57421875,77.63020324707031,1.024999976158142
2022-05-28,,,,,28814.900390625,,
2022-05-29,,,,,29445.95703125,,
2022-05-30,16661.400390625,,,,31726.390625,77.69200134277344,
2022-05-31,16584.55078125,8712.599609375,171.13999938964844,98.38067626953125,31792.310546875,77.5208969116211,1.0299999713897705
2022-06-01,16522.75,8648.2802734375,172.22999572753906,98.26825714111328,29799.080078125,77.5989990234375,1.1030000448226929
2022-06-02,16628.0,8809.1796875,174.35000610351562,98.31900787353516,30467.48828125,77.58409881591797,1.1130000352859497
2022-06-03,16584.30078125,8665.7998046875,172.5800018310547,98.10761260986328,29704.390625,77.3604965209961,1.1349999904632568
2022-06-04,,,,,29832.9140625,,
2022-06-05,,,,,29906.662109375,,
2022-06-06,16569.55078125,8693.0595703125,171.82000732421875,96.29817199707031,31370.671875,77.69419860839844,1.159999966621399
2022-06-07,16416.349609375,8776.08984375,172.94000244140625,97.33817291259766,31155.478515625,77.82099914550781,1.225000023841858
2022-06-08,16356.25,8681.6796875,172.77999877929688,96.47574615478516,30214.35546875,77.67060089111328,1.2330000400543213
2022-06-09,16478.099609375,8475.91015625,172.22999572753906,96.79703521728516,30111.998046875,77.72429656982422,1.2380000352859497
2022-06-10,16201.7998046875,8229.4296875,174.5399932861328,96.19670104980469,29083.8046875,77.8187026977539,1.2879999876022339
2022-06-11,,,,,28360.810546875,,
2022-06-12,,,,,26762.6484375,,
2022-06-13,15774.400390625,7910.43017578125,169.92999267578125,93.17813873291016,22487.388671875,78.17759704589844,1.4980000257492065
2022-06-14,15732.099609375,7883.33984375,168.57000732421875,92.0028305053711,22206.79296875,78.16059875488281,1.7430000305175781
2022-06-15,15692.150390625,7998.6201171875,170.77000427246094,93.71928405761719,22572.83984375,77.9854965209961,1.6950000524520874
2022-06-16,15360.599609375,7739.39013671875,172.69000244140625,94.4633560180664,20381.650390625,77.90019989013672,1.4830000400543213
2022-06-17,15293.5,7756.58984375,171.27000427246094,94.76771545410156,20471.482421875,77.97769927978516,1.5099999904632568
2022-06-18,,,,,19017.642578125,,
2022-06-19,,,,,20553.271484375,,
2022-06-20,15350.150390625,,,,20599.537109375,77.9614028930664,
2022-06-21,15638.7998046875,7946.89013671875,170.6300048828125,93.16120910644531,20710.59765625,77.93399810791016,1.4880000352859497
2022-06-22,15413.2998046875,7936.669921875,171.30999755859375,95.72319793701172,19987.029296875,78.13490295410156,1.5449999570846558
2022-06-23,15556.650390625,8012.68017578125,170.25999450683594,96.5095443725586,21085.876953125,78.19309997558594,1.559999942779541
2022-06-24,15699.25,8257.7197265625,170.08999633789062,95.17359161376953,21231.65625,78.14240264892578,1.5980000495910645
2022-06-25,,,,,21502.337890625,,
2022-06-26,,,,,21027.294921875,,
2022-06-27,15832.0498046875,8233.419921875,169.89999389648438,94.36186981201172,20735.478515625,78.2522964477539,1.6330000162124634
2022-06-28,15850.2001953125,8067.56005859375,169.6199951171875,94.80157470703125,20280.634765625,78.44110107421875,1.7380000352859497
2022-06-29,15799.099609375,8062.72021484375,169.49000549316406,96.28123474121094,20104.0234375,79.07319641113281,1.7050000429153442
2022-06-30,15780.25,7993.43017578125,168.4600067138672,97.12678527832031,19784.7265625,78.89830017089844,1.600000023841858
2022-07-01,15752.0498046875,8077.89013671875,168.32000732421875,98.12393951416016,19269.3671875,78.96299743652344,1.6030000448226929
2022-07-02,,,,,19242.255859375,,
2022-07-03,,,,,19297.076171875,,
2022-07-04,15835.349609375,,,,20231.26171875,78.95069885253906,
2022-07-05,15810.849609375,8092.14990234375,164.75,98.89491271972656,20190.115234375,78.93949890136719,1.6299999952316284
2022-07-06,15989.7998046875,8121.2099609375,162.13999938964844,97.2343978881836,20548.24609375,79.36840057373047,1.840000033378601
2022-07-07,16132.900390625,8243.6904296875,162.22999572753906,96.37873077392578,21637.587890625,79.04389953613281,1.8530000448226929
2022-07-08,16220.599609375,8237.5,162.3000030517578,95.31120300292969,21731.1171875,79.22160339355469,1.843000054359436
2022-07-09,,,,,21592.20703125,,
2022-07-10,,,,,20860.44921875,,
2022-07-11,16216.0,8142.68017578125,161.42999267578125,96.95478820800781,19970.556640625,79.3313980102539,1.9529999494552612
2022-07-12,16058.2998046875,8067.56005859375,160.8300018310547,97.53089141845703,19323.9140625,79.47779846191406,2.11299991607666
2022-07-13,15966.650390625,8031.759765625,161.60000610351562,98.64921569824219,20212.07421875,79.47640228271484,2.322999954223633
2022-07-14,15938.650390625,8008.7099609375,159.3300018310547,97.84436798095703,20569.919921875,79.80750274658203,2.2730000019073486
2022-07-15,16049.2001953125,8162.5,159.00999450683594,98.39507293701172,20836.328125,79.87830352783203,2.240000009536743
2022-07-16,,,,,21190.31640625,,
2022-07-17,,,,,20779.34375,,
2022-07-18,16278.5,8094.22998046875,159.16000366210938,97.36994171142578,22485.689453125,79.72049713134766,2.259999990463257
2022-07-19,16340.5498046875,8318.2001953125,159.5399932861328,96.84468078613281,23389.43359375,80.0302963256836,2.450000047683716
2022-07-20,16520.849609375,8367.3701171875,158.0399932861328,97.09882354736328,23231.732421875,79.85590362548828,2.378000020980835
2022-07-21,16605.25,8450.6396484375,160.27000427246094,98.77630615234375,23164.62890625,80.00340270996094,2.359999895095825
2022-07-22,16719.44921875,8371.8701171875,160.6699981689453,100.43683624267578,22714.978515625,79.7759017944336,2.3550000190734863
2022-07-23,,,,,22465.478515625,,
2022-07-24,,,,,22609.1640625,,
2022-07-25,16631.0,8382.8798828125,160.22999572753906,99.45409393310547,21361.701171875,79.87680053710938,2.3929998874664307
2022-07-26,16483.849609375,8286.1904296875,160.0399932861328,99.53031921386719,21239.75390625,79.72250366210938,2.4749999046325684
2022-07-27,16641.80078125,8503.01953125,161.6699981689453,98.97114562988281,22930.548828125,79.84120178222656,2.382999897003174
2022-07-28,16929.599609375,8607.240234375,163.63999938964844,99.75907897949219,23843.88671875,79.84739685058594,2.308000087738037
2022-07-29,17158.25,8730.4599609375,164.10000610351562,99.48796081542969,23804.6328125,79.57150268554688,2.2980000972747803
2022-07-30,,,,,23656.20703125,,
2022-07-31,,,,,23336.896484375,,
2022-08-01,17340.05078125,8705.8701171875,165.02999877929688,101.88400268554688,23314.19921875,79.1948013305664,2.265000104904175
2022-08-02,17345.44921875,8647.91015625,164.0500030517578,99.72815704345703,22978.1171875,78.95570373535156,2.4630000591278076
2022-08-03,17388.150390625,8783.2802734375,164.4499969482422,101.29835510253906,22846.5078125,78.60449981689453,2.427999973297119
2022-08-04,17382.0,8777.23046875,167.1699981689453,101.264404296875,22630.95703125,79.11830139160156,2.378000020980835
2022-08-05,17397.5,8764.080078125,165.2899932861328,98.85393524169922,23289.314453125,79.15489959716797,2.4100000858306885
2022-08-06,,,,,22961.279296875,,
2022-08-07,,,,,23175.890625,,
2022-08-08,17525.099609375,8753.3896484375,166.69000244140625,100.44963836669922,23809.486328125,79.41059875488281,2.4600000381469727
2022-08-09,,8716.75,167.1999969482422,100.05915832519531,23164.318359375,79.60189819335938,2.569999933242798
2022-08-10,17534.75,8902.7197265625,166.77999877929688,99.4056396484375,23947.642578125,79.57839965820312,2.5350000858306885
2022-08-11,17659.0,8898.83984375,166.33999633789062,97.08855438232422,23957.529296875,79.0978012084961,2.490000009536743
2022-08-12,17698.150390625,9054.1396484375,167.8699951171875,98.0730972290039,24402.818359375,79.61399841308594,2.5
2022-08-13,,,,,24424.068359375,,
2022-08-14,,,,,24319.333984375,,
2022-08-15,,9090.3603515625,165.7100067138672,97.98823547363281,24136.97265625,79.62760162353516,2.513000011444092
2022-08-16,17825.25,9107.8701171875,165.4199981689453,98.3956069946289,23883.291015625,79.55290222167969,2.5980000495910645
2022-08-17,17944.25,9043.58984375,164.35000610351562,97.36864471435547,23335.998046875,79.14600372314453,2.568000078201294
2022-08-18,17956.5,9065.490234375,163.9199981689453,97.51290893554688,23212.73828125,79.35970306396484,2.565000057220459
2022-08-19,17758.44921875,8948.8203125,162.72000122070312,95.9427261352539,20877.552734375,79.7667007446289,2.5799999237060547
2022-08-20,,,,,21166.060546875,,
2022-08-21,,,,,21534.12109375,,
2022-08-22,17490.69921875,8758.240234375,161.63999938964844,95.62023162841797,21398.908203125,79.91790008544922,2.6480000019073486
2022-08-23,17577.5,8738.759765625,162.77000427246094,95.09397888183594,21528.087890625,79.88379669189453,2.703000068664551
2022-08-24,17604.94921875,8764.419921875,163.25,94.39798736572266,21395.01953125,79.85449981689453,2.7130000591278076
2022-08-25,17522.44921875,8888.1298828125,163.75,95.71356964111328,21600.904296875,79.79679870605469,2.7300000190734863
2022-08-26,17558.900390625,8588.9501953125,161.75999450683594,96.4350357055664,20260.01953125,79.88289642333984,2.755000114440918
2022-08-27,,,,,20041.73828125,,
2022-08-28,,,,,19616.814453125,,
2022-08-29,17312.900390625,8532.099609375,161.86000061035156,95.63719940185547,20297.994140625,79.95909881591797,2.7980000972747803
2022-08-30,17759.30078125,8438.6904296875,160.50999450683594,95.87483978271484,19796.80859375,79.96790313720703,2.872999906539917
2022-08-31,,8374.419921875,159.27000427246094,94.95819091796875,20049.763671875,79.68229675292969,2.859999895095825
2022-09-01,17542.80078125,8400.9599609375,157.8699951171875,93.21967315673828,20127.140625,79.54879760742188,2.86299991607666
2022-09-02,17539.44921875,8311.419921875,159.25999450683594,93.74699401855469,19969.771484375,79.716796875,2.819999933242798
2022-09-03,,,,,19832.087890625,,
2022-09-04,,,,,19986.712890625,,
2022-09-05,17665.80078125,,,,19812.37109375,79.72450256347656,
2022-09-06,17655.599609375,8277.8095703125,158.3300018310547,91.42500305175781,18837.66796875,79.78299713134766,2.8450000286102295
2022-09-07,17624.400390625,8429.8701171875,159.94000244140625,92.87095642089844,19290.32421875,79.89510345458984,2.933000087738037
2022-09-08,17798.75,8486.6298828125,158.97999572753906,91.91834259033203,19329.833984375,79.6498031616211,2.950000047683716
2022-09-09,17833.349609375,8616.98046875,159.82000732421875,92.1224594116211,21381.15234375,79.706298828125,2.9679999351501465
2022-09-10,,,,,21680.5390625,,
2022-09-11,,,,,21769.255859375,,
2022-09-12,17936.349609375,8708.169921875,160.6300048828125,91.36547088623047,22370.44921875,79.65579986572266,2.994999885559082
2022-09-13,18070.05078125,8331.900390625,158.5399932861328,91.57810974121094,20296.70703125,79.35530090332031,3.1530001163482666
2022-09-14,18003.75,8362.400390625,157.92999267578125,91.89280700683594,20241.08984375,79.60240173339844,3.128000020980835
2022-09-15,17877.400390625,8268.599609375,154.97999572753906,91.833251953125,19701.2109375,79.45369720458984,3.0950000286102295
2022-09-16,17530.849609375,8209.349609375,155.83999633789062,91.06780242919922,19772.583984375,79.8490982055664,3.069999933242798
2022-09-17,,,,,20127.576171875,,
2022-09-18,,,,,19419.505859375,,
2022-09-19,17622.25,8265.73046875,155.9600067138672,91.28044128417969,19544.12890625,79.68949890136719,3.0350000858306885
2022-09-20,17816.25,8172.64013671875,155.07000732421875,90.37033081054688,18890.7890625,79.7074966430664,3.243000030517578
2022-09-21,17718.349609375,8033.2900390625,155.7899932861328,91.88433837890625,18547.400390625,79.76270294189453,3.190000057220459
2022-09-22,17629.80078125,7965.9599609375,155.6999969482422,89.53679656982422,19413.55078125,80.05069732666016,3.130000114440918
2022-09-23,17327.349609375,7828.8701171875,153.00999450683594,89.90254211425781,19297.638671875,81.06220245361328,3.1080000400543213
2022-09-24,,,,,18937.01171875,,
2022-09-25,,,,,18802.09765625,,
2022-09-26,17016.30078125,7747.93017578125,151.22999572753906,88.18446350097656,19222.671875,81.25479888916016,3.1649999618530273
2022-09-27,17007.400390625,7731.990234375,151.5399932861328,85.86248779296875,19110.546875,81.61579895019531,3.25
2022-09-28,16858.599609375,7884.5498046875,154.69000244140625,88.73731231689453,19426.720703125,81.72460174560547,3.2300000190734863
2022-09-29,16818.099609375,7719.08984375,154.66000366210938,88.27799987792969,19573.05078125,81.42870330810547,3.2179999351501465
2022-09-30,17094.349609375,7603.14013671875,154.6699981689453,87.1382827758789,19431.7890625,81.48059844970703,3.180000066757202
2022-10-01,,,,,19312.095703125,,
2022-10-02,,,,,19044.107421875,,
2022-10-03,16887.349609375,7800.0,158.42999267578125,88.52287292480469,19623.580078125,81.52130126953125,3.1500000953674316
2022-10-04,17274.30078125,8039.25,160.6999969482422,88.27557373046875,20336.84375,81.49500274658203,3.315000057220459
2022-10-05,,8023.81005859375,159.80999755859375,87.43156433105469,20160.716796875,81.46549987792969,3.2929999828338623
2022-10-06,17331.80078125,7943.6298828125,159.6300048828125,86.94560241699219,19955.443359375,81.6488037109375,3.2880001068115234
2022-10-07,17314.650390625,7721.43994140625,157.8800048828125,86.10153198242188,19546.849609375,82.3489990234375,3.2929999828338623
2022-10-08,,,,,19416.568359375,,
2022-10-09,,,,,19446.42578125,,
2022-10-10,17241.0,7663.580078125,155.47999572753906,84.76300811767578,19141.484375,82.8322982788086,3.2850000858306885
2022-10-11,16983.55078125,7613.75,155.16000366210938,85.13813018798828,19051.41796875,82.42070007324219,3.3399999141693115
2022-10-12,17123.599609375,7588.89990234375,155.99000549316406,85.55590057373047,19157.4453125,82.2739028930664,3.5329999923706055
2022-10-13,17014.349609375,7786.9599609375,154.91000366210938,84.7374267578125,19382.904296875,82.19999694824219,3.5829999446868896
2022-10-14,17185.69921875,7602.990234375,152.97999572753906,84.03831481933594,19185.65625,82.19210052490234,3.628000020980835
2022-10-15,,,,,19067.634765625,,
2022-10-16,,,,,19268.09375,,
2022-10-17,17311.80078125,7804.330078125,153.4199981689453,83.62908935546875,19550.7578125,82.41280364990234,3.687999963760376
2022-10-18,17486.94921875,7893.68017578125,153.75,83.82518768310547,19334.416015625,82.1947021484375,3.8329999446868896
2022-10-19,17512.25,7840.990234375,151.69000244140625,82.29906463623047,19139.53515625,82.2863998413086,3.8929998874664307
2022-10-20,17563.94921875,7779.52978515625,151.4499969482422,80.89230346679688,19053.740234375,82.99700164794922,3.890000104904175
2022-10-21,17576.30078125,7964.25,154.14999389648438,79.43439483642578,19172.46875,82.82569885253906,3.884999990463257
2022-10-22,,,,,19208.189453125,,
2022-10-23,,,,,19567.0078125,,
2022-10-24,17730.75,8058.8798828125,153.64999389648438,78.77792358398438,19345.572265625,82.54129791259766,3.9130001068115234
2022-10-25,17656.349609375,8190.02001953125,154.0,81.07135009765625,20095.857421875,82.7614974975586,3.9649999141693115
2022-10-26,,8129.6201171875,154.97999572753906,82.23937225341797,20770.44140625,82.44529724121094,3.930000066757202
2022-10-27,17736.94921875,8080.31982421875,154.74000549316406,83.10047149658203,20285.8359375,82.04959869384766,3.930000066757202
2022-10-28,17786.80078125,8280.1103515625,153.16000366210938,82.52924346923828,20595.3515625,82.44249725341797,3.9700000286102295
2022-10-29,,,,,20818.4765625,,
2022-10-30,,,,,20635.603515625,,
2022-10-31,18012.19921875,8218.7001953125,151.91000366210938,81.94094848632812,20495.7734375,82.23919677734375,3.9749999046325684
2022-11-01,18145.400390625,8185.06982421875,153.4600067138672,82.70677947998047,20485.2734375,82.72899627685547,4.050000190734863
2022-11-02,18082.849609375,7980.47021484375,152.38999938964844,82.34781646728516,20159.50390625,82.68450164794922,4.025000095367432
2022-11-03,18052.69921875,7897.009765625,151.80999755859375,81.90335083007812,20209.98828125,82.88839721679688,4.025000095367432
2022-11-04,18117.150390625,8006.240234375,156.47000122070312,80.52734375,21147.23046875,82.68180084228516,4.013000011444092
2022-11-05,,,,,21282.69140625,,
2022-11-06,,,,,20926.486328125,,
2022-11-07,18202.80078125,8083.3798828125,155.85000610351562,79.72394561767578,20602.81640625,81.9749984741211,3.9830000400543213
2022-11-08,,8128.7001953125,159.4499969482422,80.59571075439453,18541.271484375,81.82599639892578,4.090000152587891
2022-11-09,18157.0,7961.52001953125,158.64999389648438,80.86065673828125,15880.7802734375,81.40519714355469,4.0929999351501465
2022-11-10,18028.19921875,8403.48046875,163.47999572753906,83.9717025756836,17586.771484375,81.34380340576172,4.054999828338623
2022-11-11,18349.69921875,8481.1298828125,164.55999755859375,83.66399383544922,17034.29296875,80.48290252685547,4.063000202178955
2022-11-12,,,,,16799.185546875,,
2022-11-13,,,,,16353.365234375,,
2022-11-14,18329.150390625,8407.25,164.9199981689453,83.4588851928711,16618.19921875,80.49700164794922,4.067999839782715
2022-11-15,18403.400390625,8481.1396484375,165.5,84.80926513671875,16884.61328125,80.99199676513672,4.130000114440918
2022-11-16,18409.650390625,8413.08984375,165.1199951171875,86.66392517089844,16669.439453125,81.07140350341797,4.125
2022-11-17,18343.900390625,8388.83984375,163.9199981689453,85.74942016601562,16687.517578125,81.49530029296875,4.11299991607666
2022-11-18,18307.650390625,8429.009765625,162.7899932861328,85.15966033935547,16697.77734375,81.52490234375,4.135000228881836
2022-11-19,,,,,16711.546875,,
2022-11-20,,,,,16291.83203125,,
2022-11-21,18159.94921875,8397.23046875,161.8800048828125,85.51861572265625,15787.2841796875,81.5198974609375,4.0980000495910645
2022-11-22,18244.19921875,8511.48046875,162.07000732421875,86.73226928710938,16189.76953125,81.72769927978516,4.197999954223633
2022-11-23,18267.25,8562.26953125,163.0800018310547,88.24503326416016,16610.70703125,81.71499633789062,4.199999809265137
2022-11-24,18484.099609375,,,,16604.46484375,81.63289642333984,
2022-11-25,18512.75,8560.08984375,163.22000122070312,87.94593048095703,16521.841796875,81.65540313720703,4.175000190734863
2022-11-26,,,,,16464.28125,,
2022-11-27,,,,,16444.626953125,,
2022-11-28,18562.75,8427.9501953125,161.92999267578125,88.19379425048828,16217.322265625,81.6697006225586,4.183000087738037
2022-11-29,18618.05078125,8415.26953125,162.72999572753906,87.15962219238281,16444.982421875,81.65029907226562,4.252999782562256
2022-11-30,18758.349609375,8678.0,164.80999755859375,87.80061340332031,17168.56640625,81.63089752197266,4.252999782562256
2022-12-01,18812.5,8671.900390625,167.83999633789062,90.60551452636719,16967.1328125,81.3052978515625,4.192999839782715
2022-12-02,18696.099609375,8662.23046875,167.25999450683594,91.74488067626953,17088.66015625,81.16220092773438,4.208000183105469
2022-12-03,,,,,16908.236328125,,
2022-12-04,,,,,17130.486328125,,
2022-12-05,18701.05078125,8507.33984375,164.38999938964844,90.4598388671875,16974.826171875,81.42250061035156,4.1579999923706055
2022-12-06,18642.75,8385.16015625,164.83999633789062,91.62496185302734,17089.50390625,81.89900207519531,4.21999979019165
2022-12-07,18560.5,8369.740234375,166.3300018310547,93.78388214111328,16848.126953125,82.37220001220703,4.183000087738037
2022-12-08,18609.349609375,8433.900390625,166.47000122070312,93.52687072753906,17233.474609375,82.25350189208984,4.150000095367432
2022-12-09,18496.599609375,8372.259765625,167.05999755859375,91.09380340576172,17133.15234375,82.2791976928711,4.172999858856201
2022-12-10,,,,,17128.724609375,,
2022-12-11,,,,,17104.193359375,,
2022-12-12,18497.150390625,8491.8603515625,165.67999267578125,91.38507843017578,17206.4375,82.41300201416016,4.168000221252441
2022-12-13,18608.0,8554.099609375,168.50999450683594,92.26752471923828,17781.318359375,82.64469909667969,4.248000144958496
2022-12-14,18660.30078125,8503.9697265625,168.10000610351562,92.66158294677734,17815.650390625,82.40249633789062,4.21999979019165
2022-12-15,18414.900390625,8292.6396484375,165.35000610351562,93.02314758300781,17364.865234375,82.50800323486328,4.2129998207092285
2022-12-16,18269.0,8200.900390625,166.7899932861328,91.98400115966797,16647.484375,82.85790252685547,4.163000106811523
2022-12-17,,,,,16795.091796875,,
2022-12-18,,,,,16757.9765625,,
2022-12-19,18420.44921875,8127.56982421875,166.32000732421875,90.43821716308594,16439.6796875,82.72599792480469,4.163000106811523
2022-12-20,18385.30078125,8136.2998046875,169.0800018310547,88.83226013183594,16906.3046875,82.58190155029297,4.230000019073486
2022-12-21,18199.099609375,8258.4296875,168.8000030517578,89.05557250976562,16817.53515625,82.63690185546875,4.204999923706055
2022-12-22,18127.349609375,8139.06982421875,166.75999450683594,89.03841400146484,16830.341796875,82.87860107421875,4.208000183105469
2022-12-23,17806.80078125,8187.06005859375,167.25999450683594,87.73303985595703,16796.953125,82.8749008178711,4.192999839782715
2022-12-24,,,,,16847.755859375,,
2022-12-25,,,,,16841.986328125,,
2022-12-26,18014.599609375,,,,16919.8046875,82.6041030883789,
2022-12-27,18132.30078125,8154.56982421875,168.6699981689453,85.99830627441406,16717.173828125,82.90290069580078,4.195000171661377
2022-12-28,18122.5,8056.6201171875,167.91000366210938,85.4916000366211,16552.572265625,82.7761001586914,4.3379998207092285
2022-12-29,18191.0,8198.3603515625,168.85000610351562,86.46202850341797,16642.341796875,82.85199737548828,4.295000076293945
2022-12-30,18105.30078125,8178.02001953125,169.63999938964844,85.5002212524414,16602.5859375,82.83509826660156,4.260000228881836
2022-12-31,,,,,16547.49609375,,
2023-01-01,,,,,16625.080078125,,
2023-01-02,18197.44921875,,,,16688.470703125,82.74980163574219,
2023-01-03,18232.55078125,8145.60009765625,171.05999755859375,87.13188934326172,16679.857421875,82.70600128173828,4.255000114440918
2023-01-04,18042.94921875,8207.419921875,172.6699981689453,88.32562255859375,16863.23828125,82.78569793701172,4.400000095367432
2023-01-05,17992.150390625,8113.14990234375,170.52000427246094,88.69488525390625,16836.736328125,82.66649627685547,4.498000144958496
2023-01-06,17859.44921875,8298.6103515625,173.7100067138672,90.3265609741211,16951.96875,82.64520263671875,4.493000030517578
2023-01-07,,,,,16955.078125,,
2023-01-08,,,,,17091.14453125,,
2023-01-09,18101.19921875,8293.7998046875,174.10000610351562,90.8074722290039,17196.5546875,82.27339935302734,4.482999801635742
2023-01-10,17914.150390625,8351.6796875,174.74000549316406,89.30460357666016,17446.29296875,82.18009948730469,4.565000057220459
2023-01-11,17895.69921875,8459.1796875,174.6199951171875,90.75596618652344,17934.896484375,81.63739776611328,4.554999828338623
2023-01-12,17858.19921875,8489.080078125,176.63999938964844,92.5422134399414,18869.587890625,81.63179779052734,4.474999904632568
2023-01-13,17956.599609375,8523.3203125,178.75999450683594,91.67485809326172,19909.57421875,81.1156005859375,4.48799991607666
2023-01-14,,,,,20976.298828125,,
2023-01-15,,,,,20880.798828125,,
2023-01-16,17894.849609375,,,,21169.6328125,81.27799987792969,
2023-01-17,18053.30078125,8506.0302734375,177.58999633789062,91.08226776123047,21161.51953125,81.65260314941406,4.493000030517578
2023-01-18,18165.349609375,8373.66015625,177.0800018310547,93.2893295288086,20688.78125,81.52549743652344,4.53000020980835
2023-01-19,18107.849609375,8310.75,179.88999938964844,92.70537567138672,21086.79296875,81.43599700927734,4.525000095367432
2023-01-20,18027.650390625,8468.150390625,179.2899932861328,91.20252990722656,22676.552734375,81.23979949951172,4.538000106811523
2023-01-21,,,,,22777.625,,
2023-01-22,,,,,22720.416015625,,
2023-01-23,18118.55078125,8568.76953125,179.6300048828125,90.77313232421875,22934.431640625,80.97599792480469,4.534999847412109
2023-01-24,18118.30078125,8562.8701171875,180.27999877929688,92.07847595214844,22636.46875,81.48799896240234,4.572999954223633
2023-01-25,17891.94921875,8561.400390625,181.11000061035156,92.3017349243164,23117.859375,81.60189819335938,4.545000076293945
2023-01-26,,8656.259765625,179.47000122070312,91.87238311767578,23032.77734375,81.50270080566406,4.543000221252441
2023-01-27,17604.349609375,8678.009765625,179.22000122070312,91.64051055908203,23078.728515625,81.44509887695312,4.547999858856201
2023-01-28,,,,,23031.08984375,,
2023-01-29,,,,,23774.56640625,,
2023-01-30,17648.94921875,8566.2802734375,178.75999450683594,91.30558013916016,22840.138671875,81.50800323486328,4.534999847412109
2023-01-31,17662.150390625,8691.8798828125,179.41000366210938,92.03556060791016,23139.283203125,81.57990264892578,4.570000171661377
2023-02-01,17616.30078125,8782.76953125,181.6699981689453,93.14188385009766,23723.76953125,81.76840209960938,4.519999980926514
2023-02-02,17610.400390625,8912.349609375,177.89999389648438,93.26245880126953,23471.87109375,81.71029663085938,4.510000228881836
2023-02-03,17854.05078125,8820.4697265625,173.4600067138672,91.86764526367188,23449.322265625,82.0458984375,4.5229997634887695
2023-02-04,,,,,23331.84765625,,
2023-02-05,,,,,22955.666015625,,
2023-02-06,17764.599609375,8766.900390625,173.82000732421875,91.18748474121094,22760.109375,82.22599792480469,4.5329999923706055
2023-02-07,17721.5,8879.91015625,173.97999572753906,90.45560455322266,23264.291015625,82.75499725341797,4.570000171661377
2023-02-08,17871.69921875,8781.7900390625,174.41000366210938,90.88612365722656,22939.3984375,82.74189758300781,4.585000038146973
2023-02-09,17893.44921875,8705.580078125,173.02999877929688,90.02513122558594,21819.0390625,82.65950012207031,4.61299991607666
2023-02-10,17856.5,8726.4697265625,173.36000061035156,89.01777648925781,21651.18359375,82.533203125,4.635000228881836
2023-02-11,,,,,21870.875,,
2023-02-12,,,,,21788.203125,,
2023-02-13,17770.900390625,8827.7197265625,172.47999572753906,89.76681518554688,21808.1015625,82.51300048828125,4.644999980926514
2023-02-14,17929.849609375,8826.3203125,172.61000061035156,89.5601577758789,22220.8046875,82.59739685058594,4.659999847412109
2023-02-15,18015.849609375,8853.01953125,170.88999938964844,88.72502899169922,24307.841796875,82.86759948730469,4.64300012588501
2023-02-16,18035.849609375,8731.75,170.75,87.46796417236328,23623.474609375,82.73770141601562,4.664999961853027
2023-02-17,17944.19921875,8709.2099609375,171.25999450683594,88.14816284179688,24565.6015625,82.69529724121094,4.679999828338623
2023-02-18,,,,,24641.27734375,,
2023-02-19,,,,,24327.642578125,,
2023-02-20,17844.599609375,,,,24829.1484375,82.75800323486328,
2023-02-21,17826.69921875,8534.73046875,170.6199951171875,86.43482971191406,24436.353515625,82.69750213623047,4.688000202178955
2023-02-22,17554.30078125,8521.4501953125,169.66000366210938,87.2269058227539,24188.84375,82.86119842529297,4.695000171661377
2023-02-23,17511.25,8567.5703125,169.57000732421875,88.07928466796875,23947.4921875,82.83529663085938,4.690000057220459
2023-02-24,17465.80078125,8477.66015625,168.35000610351562,86.93415832519531,23198.126953125,82.6178970336914,4.703000068664551
2023-02-25,,,,,23175.375,,
2023-02-26,,,,,23561.212890625,,
2023-02-27,17392.69921875,8504.759765625,169.00999450683594,87.17525482177734,23522.87109375,82.91799926757812,4.664999961853027
2023-02-28,17303.94921875,8479.7998046875,169.77999877929688,87.57129669189453,23147.353515625,82.6520004272461,4.710000038146973
2023-03-01,17450.900390625,8440.25,170.75999450683594,86.63053131103516,23646.55078125,82.6353988647461,4.724999904632568
2023-03-02,17321.900390625,8505.5498046875,170.66000366210938,85.86235046386719,23475.466796875,82.4198989868164,4.7230000495910645
2023-03-03,17594.349609375,8643.6103515625,172.49000549316406,87.94243621826172,22362.6796875,82.35569763183594,4.7179999351501465
2023-03-04,,,,,22353.349609375,,
2023-03-05,,,,,22435.513671875,,
2023-03-06,17711.44921875,8649.8798828125,171.6199951171875,87.26056671142578,22429.7578125,81.7125015258789,4.728000164031982
2023-03-07,,8517.5400390625,168.6199951171875,87.79570770263672,22219.76953125,81.85440063476562,4.84499979019165
2023-03-08,17754.400390625,8530.330078125,168.5399932861328,87.88201904296875,21718.080078125,82.07460021972656,4.882999897003174
2023-03-09,17589.599609375,8374.25,170.1999969482422,88.09780883789062,20363.021484375,81.9645004272461,4.8480000495910645
2023-03-10,17412.900390625,8253.650390625,173.8699951171875,91.13595581054688,20187.244140625,82.01840209960938,4.802999973297119
2023-03-11,,,,,20632.41015625,,
2023-03-12,,,,,22163.94921875,,
2023-03-13,17154.30078125,8241.3896484375,177.86000061035156,91.34312438964844,24197.533203125,81.95800018310547,4.6579999923706055
2023-03-14,17043.30078125,8379.16015625,176.8300018310547,89.84127807617188,24746.07421875,82.41739654541016,4.679999828338623
2023-03-15,16972.150390625,8320.9599609375,178.2100067138672,91.5761489868164,24375.9609375,82.30490112304688,4.558000087738037
2023-03-16,16985.599609375,8468.330078125,178.57000732421875,90.85975646972656,25052.7890625,82.7156982421875,4.53000020980835
2023-03-17,17100.05078125,8375.2099609375,183.77000427246094,92.22349548339844,27423.9296875,82.622802734375,4.293000221252441
2023-03-18,,,,,26965.87890625,,
2023-03-19,,,,,28038.67578125,,
2023-03-20,16988.400390625,8449.98046875,183.83999633789062,91.41217041015625,27767.236328125,82.53299713134766,4.465000152587891
2023-03-21,17107.5,8560.3095703125,180.3699951171875,90.62672424316406,28175.81640625,82.52909851074219,4.605000019073486
2023-03-22,17151.900390625,8420.01953125,183.44000244140625,91.83506774902344,27307.4375,82.677001953125,4.563000202178955
2023-03-23,17076.900390625,8445.8701171875,185.74000549316406,91.83506774902344,28333.97265625,82.52580261230469,4.502999782562256
2023-03-24,16945.05078125,8493.5498046875,183.64999389648438,92.22349548339844,27493.28515625,82.26529693603516,4.502999782562256
2023-03-25,,,,,27494.70703125,,
2023-03-26,,,,,27994.330078125,,
2023-03-27,16985.69921875,8507.5400390625,181.9499969482422,90.05708312988281,27139.888671875,82.33879852294922,4.583000183105469
2023-03-28,16951.69921875,8494.349609375,183.44000244140625,90.2210464477539,27268.130859375,82.21489715576172,4.627999782562256
2023-03-29,17080.69921875,8615.2900390625,182.52999877929688,90.03984069824219,28348.44140625,82.16429901123047,4.630000114440918
2023-03-30,,8665.7001953125,184.17999267578125,90.45410919189453,28033.5625,82.25540161132812,4.664999961853027
2023-03-31,17359.75,8791.1298828125,183.22000122070312,91.8092041015625,28478.484375,82.10050201416016,4.585000038146973
2023-04-01,,,,,28411.03515625,,
2023-04-02,,,,,28199.30859375,,
2023-04-03,17398.05078125,8823.66015625,184.5399932861328,92.240966796875,27790.220703125,82.18479919433594,4.570000171661377
2023-04-04,,8773.3095703125,187.97999572753906,92.6995620727539,28168.08984375,82.14089965820312,4.728000164031982
2023-04-05,17557.05078125,8752.5400390625,187.8300018310547,93.66871643066406,28177.984375,82.11479949951172,4.704999923706055
2023-04-06,17599.150390625,8785.7001953125,186.49000549316406,93.9109878540039,28044.140625,81.94999694824219,4.710000038146973
2023-04-07,,,,,27925.859375,81.831298828125,
2023-04-08,,,,,27947.794921875,,
2023-04-09,,,,,28333.05078125,,
2023-04-10,17624.05078125,8794.650390625,185.11000061035156,92.39671325683594,29652.98046875,81.88480377197266,4.8379998207092285
2023-04-11,17722.30078125,8794.2900390625,186.27999877929688,92.58708190917969,30235.05859375,81.98390197753906,4.880000114440918
2023-04-12,17812.400390625,8758.1103515625,187.19000244140625,92.49189758300781,30139.052734375,82.07009887695312,4.860000133514404
2023-04-13,17828.0,8875.650390625,189.72000122070312,91.76504516601562,30399.06640625,81.96060180664062,4.855000019073486
2023-04-14,,8857.3095703125,186.36000061035156,90.92570495605469,30485.69921875,81.68070220947266,4.9029998779296875
2023-04-15,,,,,30318.49609375,,
2023-04-16,,,,,30315.35546875,,
2023-04-17,17706.849609375,8886.759765625,185.52999877929688,89.8440933227539,29445.044921875,81.84480285644531,4.922999858856201
2023-04-18,17660.150390625,8894.349609375,186.25,90.16424560546875,30397.552734375,82.00370025634766,5.03000020980835
2023-04-19,17618.75,8893.599609375,185.36000061035156,90.07770538330078,28822.6796875,82.10790252685547,4.994999885559082
2023-04-20,17624.44921875,8841.6201171875,186.08999633789062,90.84784698486328,28245.98828125,82.34010314941406,4.945000171661377
2023-04-21,17624.05078125,8849.759765625,184.25,90.3372802734375,27276.91015625,82.14089965820312,4.949999809265137
2023-04-22,,,,,27817.5,,
2023-04-23,,,,,27591.384765625,,
2023-04-24,17743.400390625,8857.2998046875,184.80999755859375,91.21125793457031,27525.33984375,82.05480194091797,4.873000144958496
2023-04-25,17769.25,8717.6298828125,185.75,92.5524673461914,28307.59765625,81.85230255126953,4.953000068664551
2023-04-26,17813.599609375,8684.1904296875,184.74000549316406,91.56603240966797,28422.701171875,81.9916000366211,4.985000133514404
2023-04-27,17915.05078125,8854.3203125,184.75,90.6574935913086,29473.787109375,81.76689910888672,5.0
2023-04-28,18065.0,8928.349609375,184.8000030517578,92.11981201171875,29340.26171875,81.76509857177734,4.922999858856201
2023-04-29,,,,,29248.48828125,,
2023-04-30,,,,,29268.806640625,,
2023-05-01,,8924.919921875,183.97000122070312,89.46356964111328,28091.568359375,81.74479675292969,4.864999771118164
2023-05-02,18147.650390625,8821.58984375,187.52000427246094,91.69302368164062,28680.537109375,81.77469635009766,5.039999961853027
2023-05-03,18089.849609375,8759.9501953125,189.11000061035156,92.20484924316406,29006.30859375,81.77870178222656,5.09499979019165
2023-05-04,18255.80078125,8697.6796875,190.44000244140625,91.29398345947266,28847.7109375,81.77999877929688,5.054999828338623
2023-05-05,18069.0,8858.8603515625,187.4600067138672,90.9903793334961,29534.384765625,81.71610260009766,5.079999923706055
2023-05-06,,,,,28904.623046875,,
2023-05-07,,,,,28454.978515625,,
2023-05-08,18264.400390625,8863.009765625,187.69000244140625,89.71513366699219,27694.2734375,81.72979736328125,5.083000183105469
2023-05-09,18265.94921875,8823.0498046875,189.02000427246094,89.39419555664062,27658.775390625,81.78710174560547,5.123000144958496
2023-05-10,18315.099609375,8862.849609375,188.75,90.26166534423828,27621.755859375,82.1050033569336,5.065000057220459
2023-05-11,18297.0,8849.6904296875,187.1300048828125,91.21591186523438,27000.7890625,81.9198989868164,5.014999866485596
2023-05-12,18314.80078125,8837.6796875,186.80999755859375,90.45255279541016,26804.990234375,82.10030364990234,5.0279998779296875
2023-05-13,,,,,26784.078125,,
2023-05-14,,,,,26930.638671875,,
2023-05-15,18398.849609375,8865.0302734375,187.2100067138672,89.51563262939453,27192.693359375,82.20030212402344,5.0
2023-05-16,18286.5,8808.9501953125,184.8699951171875,89.2467041015625,27036.650390625,82.2667007446289,5.058000087738037
2023-05-17,18181.75,8915.4296875,184.22999572753906,88.9864730834961,27398.802734375,82.2959976196289,5.0879998207092285
2023-05-18,18129.94921875,9001.25,181.83999633789062,88.32717895507812,26832.208984375,82.45030212402344,5.125
2023-05-19,18203.400390625,8988.4599609375,183.63999938964844,87.70259857177734,26890.12890625,82.72509765625,5.085000038146973
2023-05-20,,,,,27129.5859375,,
2023-05-21,,,,,26753.826171875,,
2023-05-22,18314.400390625,8990.8896484375,183.2100067138672,87.39028930664062,26851.27734375,82.90480041503906,5.09499979019165
2023-05-23,18348.0,8890.16015625,183.42999267578125,87.641845703125,27225.7265625,82.82499694824219,5.1529998779296875
2023-05-24,18285.400390625,8825.259765625,181.9499969482422,87.20811462402344,26334.818359375,82.8906021118164,5.184999942779541
2023-05-25,18321.150390625,8902.83984375,180.1999969482422,86.99125671386719,26476.20703125,82.71369934082031,5.163000106811523
2023-05-26,18499.349609375,9019.6396484375,180.9199981689453,87.69390106201172,26719.291015625,82.74210357666016,5.114999771118164
2023-05-27,,,,,26868.353515625,,
2023-05-28,,,,,28085.646484375,,
2023-05-29,18598.650390625,,,,27745.884765625,82.57479858398438,
2023-05-30,18633.849609375,9020.3896484375,182.0399932861328,88.57007598876953,27702.349609375,82.57969665527344,5.14300012588501
2023-05-31,18534.400390625,8967.16015625,182.32000732421875,89.3421401977539,27219.658203125,82.68389892578125,5.248000144958496
2023-06-01,18487.75,9057.169921875,183.75999450683594,89.69267272949219,26819.97265625,82.66680145263672,5.203000068664551
2023-06-02,18534.099609375,9189.33984375,181.0500030517578,88.70979309082031,27249.58984375,82.27670288085938,5.215000152587891
2023-06-03,,,,,27075.12890625,,
2023-06-04,,,,,27119.06640625,,
2023-06-05,18593.849609375,9171.08984375,182.13999938964844,88.5445327758789,25760.09765625,82.40979766845703,5.14300012588501
2023-06-06,18599.0,9192.91015625,182.33999633789062,89.06642150878906,27238.783203125,82.51119995117188,5.1579999923706055
2023-06-07,18726.400390625,9158.1396484375,180.14999389648438,87.74433135986328,26345.998046875,82.51719665527344,5.1529998779296875
2023-06-08,18634.55078125,9215.8603515625,182.52999877929688,88.77067565917969,26508.216796875,82.61810302734375,5.099999904632568
2023-06-09,18563.400390625,9226.7001953125,182.0399932861328,88.64892578125,26480.375,82.48829650878906,5.09499979019165
2023-06-10,,,,,25851.240234375,,
2023-06-11,,,,,25940.16796875,,
2023-06-12,18601.5,9312.7197265625,181.8800048828125,88.90987396240234,25902.5,82.4448013305664,5.09499979019165
2023-06-13,18716.150390625,9377.650390625,180.5399932861328,88.03138732910156,25918.728515625,82.33719635009766,5.099999904632568
2023-06-14,18755.900390625,9387.5400390625,180.63999938964844,88.73592376708984,25124.67578125,82.29039764404297,5.079999923706055
2023-06-15,18688.099609375,9503.5302734375,181.91000366210938,89.58831787109375,25576.39453125,82.04499816894531,5.054999828338623
2023-06-16,18826.0,9468.8095703125,181.6300048828125,89.24039459228516,26327.462890625,81.9126968383789,5.065000057220459
2023-06-17,,,,,26510.67578125,,
2023-06-18,,,,,26336.212890625,,
2023-06-19,18755.44921875,,,,26851.029296875,81.91480255126953,
2023-06-20,18816.69921875,9424.01953125,179.75,89.8579330444336,28327.48828125,81.98139953613281,5.074999809265137
2023-06-21,18856.849609375,9375.2099609375,179.49000549316406,90.07538604736328,30027.296875,81.9917984008789,5.135000228881836
2023-06-22,18771.25,9410.830078125,177.7100067138672,88.9881362915039,29912.28125,81.94149780273438,5.135000228881836
2023-06-23,18665.5,9338.83984375,178.1999969482422,89.8753433227539,30695.46875,81.91929626464844,5.138000011444092
2023-06-24,,,,,30548.6953125,,
2023-06-25,,,,,30480.26171875,,
2023-06-26,18691.19921875,9297.1201171875,178.50999450683594,89.97100067138672,30271.130859375,81.98480224609375,5.15500020980835
2023-06-27,18817.400390625,9403.6201171875,177.69000244140625,89.73615264892578,30688.1640625,82.00650024414062,5.179999828338623
2023-06-28,18972.099609375,9400.2998046875,177.27999877929688,90.11885833740234,30086.24609375,81.99839782714844,5.170000076293945
2023-06-29,,9443.4599609375,177.08999633789062,88.49237060546875,30445.3515625,82.02649688720703,5.175000190734863
2023-06-30,19189.05078125,9559.669921875,178.27000427246094,89.53612518310547,30477.251953125,82.07540130615234,5.1529998779296875
2023-07-01,,,,,30590.078125,,
2023-07-02,,,,,30620.76953125,,
2023-07-03,19322.55078125,9571.349609375,178.47000122070312,89.02849578857422,31156.439453125,82.09629821777344,5.144999980926514
2023-07-04,19389.0,,,,30777.58203125,81.95010375976562,
2023-07-05,19398.5,9553.6904296875,177.83999633789062,88.18254089355469,30514.166015625,82.0071029663086,5.192999839782715
2023-07-06,19497.30078125,9478.73046875,177.30999755859375,86.93536376953125,29909.337890625,82.39409637451172,5.2129998207092285
2023-07-07,19331.80078125,9453.099609375,178.63999938964844,86.41209411621094,30342.265625,82.76840209960938,5.2129998207092285
2023-07-08,,,,,30292.541015625,,
2023-07-09,,,,,30171.234375,,
2023-07-10,19355.900390625,9475.900390625,178.77999877929688,86.52548217773438,30414.470703125,82.61530303955078,5.224999904632568
2023-07-11,19439.400390625,9539.9501953125,179.4499969482422,86.97026824951172,30620.951171875,82.52529907226562,5.243000030517578
2023-07-12,19384.30078125,9610.8701171875,181.8800048828125,87.93832397460938,30391.646484375,82.39990234375,5.230000019073486
2023-07-13,19413.75,9693.2998046875,182.00999450683594,88.8628158569336,31476.048828125,82.00180053710938,5.2230000495910645
2023-07-14,19564.5,9683.6904296875,181.42999267578125,88.33953857421875,30334.068359375,82.03079986572266,5.215000152587891
2023-07-15,,,,,30295.806640625,,
2023-07-16,,,,,30249.1328125,,
2023-07-17,19711.44921875,9721.0302734375,181.55999755859375,88.38314819335938,30145.888671875,82.07679748535156,5.232999801635742
2023-07-18,19749.25,9790.2001953125,183.63999938964844,88.7843246459961,29856.5625,82.06159973144531,5.248000144958496
2023-07-19,19833.150390625,9813.4599609375,183.6699981689453,89.78728485107422,29913.923828125,82.07540130615234,5.244999885559082
2023-07-20,19979.150390625,9748.099609375,182.74000549316406,88.69710540771484,29792.015625,82.06169891357422,5.243000030517578
2023-07-21,19745.0,9751.259765625,182.17999267578125,88.72328186035156,29908.744140625,82.0823974609375,5.248000144958496
2023-07-22,,,,,29771.802734375,,
2023-07-23,,,,,30084.5390625,,
2023-07-24,19672.349609375,9790.759765625,181.39999389648438,88.40058898925781,29176.916015625,81.99030303955078,5.25
2023-07-25,19680.599609375,9818.490234375,182.41000366210938,88.23486328125,29227.390625,81.81420135498047,5.264999866485596
2023-07-26,19778.30078125,9817.1103515625,183.3000030517578,88.32207489013672,29354.97265625,81.95010375976562,5.26800012588501
2023-07-27,19659.900390625,9754.7197265625,180.4199981689453,86.60396575927734,29210.689453125,81.97550201416016,5.26800012588501
2023-07-28,19646.05078125,9852.009765625,181.86000061035156,87.04875183105469,29319.24609375,82.3749008178711,5.255000114440918
2023-07-29,,,,,29356.91796875,,
2023-07-30,,,,,29275.30859375,,
2023-07-31,19753.80078125,9866.76953125,182.35000610351562,87.25809478759766,29230.111328125,82.25279998779297,5.248000144958496
2023-08-01,19733.55078125,9840.7099609375,180.4600067138672,85.82817077636719,29675.732421875,82.2332992553711,5.260000228881836
2023-08-02,19526.55078125,9704.6298828125,179.60000610351562,84.90990447998047,29151.958984375,82.30729675292969,5.260000228881836
2023-08-03,19381.650390625,9680.3603515625,179.5399932861328,82.95091247558594,29178.6796875,82.7332992553711,5.257999897003174
2023-08-04,19517.0,9629.76953125,180.19000244140625,84.42015075683594,29074.091796875,82.7843017578125,5.252999782562256
2023-08-05,,,,,29042.126953125,,
2023-08-06,,,,,29041.85546875,,
2023-08-07,19597.30078125,9716.91015625,179.77999877929688,83.58934783935547,29180.578125,82.69529724121094,5.260000228881836
2023-08-08,19570.849609375,9676.0,178.63999938964844,84.56007385253906,29765.4921875,82.74829864501953,5.275000095367432
2023-08-09,19632.55078125,9608.73046875,177.7899932861328,84.99735260009766,29561.494140625,82.84500122070312,5.28000020980835
2023-08-10,19543.099609375,9612.3603515625,177.60000610351562,83.59806060791016,29429.591796875,82.86630249023438,5.26800012588501
2023-08-11,19428.30078125,9603.4501953125,177.60000610351562,83.4056625366211,29397.71484375,82.79989624023438,5.264999866485596
2023-08-12,,,,,29415.96484375,,
2023-08-13,,,,,29282.9140625,,
2023-08-14,19434.55078125,9659.259765625,177.05999755859375,83.2220230102539,29408.443359375,82.89730072021484,5.269999980926514
2023-08-15,,9549.169921875,176.58999633789062,82.71480560302734,29170.34765625,83.2333984375,5.28000020980835
2023-08-16,19465.0,9478.5400390625,175.57000732421875,82.06761932373047,28701.779296875,83.19419860839844,5.284999847412109
2023-08-17,19365.25,9407.26953125,175.3000030517578,81.71781921386719,26664.55078125,83.23699951171875,5.2779998779296875
2023-08-18,19310.150390625,9406.5,175.3300018310547,82.00640869140625,26049.556640625,83.09829711914062,5.2779998779296875
2023-08-19,,,,,26096.205078125,,
2023-08-20,,,,,26189.583984375,,
2023-08-21,19393.599609375,9471.3896484375,175.80999755859375,80.91321563720703,26124.140625,83.16729736328125,5.28000020980835
2023-08-22,19396.44921875,9445.2197265625,176.10000610351562,81.5341567993164,26031.65625,83.1135025024414,5.295000076293945
2023-08-23,19444.0,9549.73046875,177.88999938964844,83.55435180664062,26431.640625,83.07330322265625,5.295000076293945
2023-08-24,19386.69921875,9421.4697265625,177.85000610351562,83.00338745117188,26162.373046875,82.5447006225586,5.302999973297119
2023-08-25,19265.80078125,9485.8896484375,177.6199951171875,83.27449798583984,26047.66796875,82.64140319824219,5.315000057220459
2023-08-26,,,,,26008.462890625,,
2023-08-27,,,,,26089.693359375,,
2023-08-28,19306.05078125,9545.4404296875,178.1300048828125,83.36194610595703,26106.150390625,82.66429901123047,5.322999954223633
2023-08-29,19342.650390625,9684.2197265625,179.8699951171875,84.22776794433594,27727.392578125,82.69149780273438,5.320000171661377
2023-08-30,19347.44921875,9722.9599609375,180.32000732421875,84.14031219482422,27297.265625,82.49469757080078,5.315000057220459
2023-08-31,19253.80078125,9709.6796875,180.02000427246094,84.516357421875,25931.47265625,82.70040130615234,5.297999858856201
2023-09-01,19435.30078125,9727.6396484375,180.11000061035156,83.19972229003906,25800.724609375,82.68240356445312,5.26800012588501
2023-09-02,,,,,25868.798828125,,
2023-09-03,,,,,25969.56640625,,
2023-09-04,19528.80078125,,,,25812.416015625,82.6969985961914,
2023-09-05,19574.900390625,9687.259765625,178.63999938964844,82.03306579589844,25779.982421875,82.7345962524414,5.2779998779296875
2023-09-06,19611.05078125,9619.98046875,177.8300018310547,82.23482513427734,25753.236328125,83.08609771728516,5.300000190734863
2023-09-07,19727.05078125,9590.400390625,178.02000427246094,82.46292114257812,26240.1953125,83.25740051269531,5.2829999923706055
2023-09-08,19819.94921875,9604.76953125,178.0800018310547,82.77869415283203,25905.654296875,83.24150085449219,5.293000221252441
2023-09-09,,,,,25895.677734375,,
2023-09-10,,,,,25832.2265625,,
2023-09-11,19996.349609375,9669.3603515625,178.41000366210938,82.18220520019531,25162.654296875,83.03130340576172,5.293000221252441
2023-09-12,19993.19921875,9614.66015625,177.49000549316406,82.65587615966797,25833.34375,82.94329833984375,5.304999828338623
2023-09-13,20070.0,9626.6796875,177.0800018310547,82.6383285522461,26228.32421875,82.84300231933594,5.304999828338623
2023-09-14,20103.099609375,9710.5400390625,177.1699981689453,82.04186248779297,26539.673828125,82.93679809570312,5.295000076293945
2023-09-15,20192.349609375,9592.8603515625,178.33999633789062,81.54186248779297,26608.693359375,83.0282974243164,5.297999858856201
2023-09-16,,,,,26568.28125,,
2023-09-17,,,,,26534.1875,,
2023-09-18,20133.30078125,9599.9296875,179.38999938964844,82.00678253173828,26754.28125,83.08580017089844,5.300000190734863
2023-09-19,,9579.26953125,179.22000122070312,81.40151977539062,27211.1171875,83.25489807128906,5.309999942779541
2023-09-20,19901.400390625,9489.919921875,179.35000610351562,81.65589141845703,27132.0078125,83.19499969482422,5.315000057220459
2023-09-21,19742.349609375,9334.58984375,178.0500030517578,79.55947875976562,26567.6328125,83.08699798583984,5.304999828338623
2023-09-22,19674.25,9313.2998046875,178.6199951171875,80.19979858398438,26579.568359375,82.89129638671875,5.304999828338623
2023-09-23,,,,,26579.390625,,
2023-09-24,,,,,26256.826171875,,
2023-09-25,19674.55078125,9350.900390625,177.6999969482422,78.2261734008789,26298.48046875,82.97480010986328,5.313000202178955
2023-09-26,19664.69921875,9213.7197265625,176.27999877929688,77.9542465209961,26217.25,83.0282974243164,5.324999809265137
2023-09-27,19716.44921875,9216.01953125,174.10000610351562,77.55072021484375,26352.716796875,83.29869842529297,5.329999923706055
2023-09-28,19523.55078125,9271.5498046875,173.22999572753906,77.78756713867188,27021.546875,83.22270202636719,5.308000087738037
2023-09-29,19638.30078125,9246.740234375,171.4499969482422,77.79634857177734,26911.720703125,83.19300079345703,5.300000190734863
2023-09-30,,,,,26967.916015625,,
2023-10-01,,,,,27983.75,,
2023-10-02,,9247.509765625,169.64999389648438,76.49402618408203,27530.78515625,83.03479766845703,5.315000057220459
2023-10-03,19528.75,9121.1396484375,169.16000366210938,74.84852600097656,27429.978515625,83.3593978881836,5.340000152587891
2023-10-04,19436.099609375,9195.1396484375,169.13999938964844,75.90446472167969,27799.39453125,83.22979736328125,5.335000038146973
2023-10-05,19545.75,9184.8095703125,168.8300018310547,75.52608489990234,27415.912109375,83.44979858398438,5.324999809265137
2023-10-06,19653.5,9294.8203125,169.6999969482422,74.61094665527344,27946.59765625,83.22489929199219,5.3480000495910645
2023-10-07,,,,,27968.83984375,,
2023-10-08,,,,,27935.08984375,,
2023-10-09,19512.349609375,9353.41015625,172.82000732421875,76.3620376586914,27583.677734375,83.12460327148438,5.3480000495910645
2023-10-10,19689.849609375,9402.3095703125,172.52999877929688,76.25643157958984,27391.01953125,83.27030181884766,5.322999954223633
2023-10-11,19811.349609375,9443.1298828125,173.7899932861328,77.84915161132812,26873.3203125,83.25029754638672,5.335000038146973
2023-10-12,19794.0,9385.16015625,173.25999450683594,75.73727416992188,26756.798828125,83.21800231933594,5.335000038146973
2023-10-13,19751.05078125,9338.08984375,178.8300018310547,77.09239959716797,26862.375,83.26239776611328,5.328000068664551
2023-10-14,,,,,26861.70703125,,
2023-10-15,,,,,27159.65234375,,
2023-10-16,19731.75,9437.3095703125,177.9600067138672,75.85165405273438,28519.466796875,83.28230285644531,5.328000068664551
2023-10-17,19811.5,9436.3603515625,178.2899932861328,75.01570892333984,28415.748046875,83.19950103759766,5.340000152587891
2023-10-18,19671.099609375,9309.919921875,180.8699951171875,74.3557357788086,28328.341796875,83.26429748535156,5.329999923706055
2023-10-19,19624.69921875,9231.73046875,183.08999633789062,72.83341217041016,28719.806640625,83.26860046386719,5.309999942779541
2023-10-20,19542.650390625,9115.83984375,183.58999633789062,73.24703216552734,29682.94921875,83.12229919433594,5.300000190734863
2023-10-21,,,,,29918.412109375,,
2023-10-22,,,,,29993.896484375,,
2023-10-23,19281.75,9100.490234375,182.97000122070312,74.12696838378906,33086.234375,83.15979766845703,5.293000221252441
2023-10-24,,9166.7998046875,182.9499969482422,75.10369873046875,33901.52734375,83.02940368652344,5.308000087738037
2023-10-25,19122.150390625,9035.400390625,183.72000122070312,73.4317855834961,34502.8203125,82.98780059814453,5.315000057220459
2023-10-26,18857.25,8928.6298828125,184.00999450683594,74.55810546875,34156.6484375,83.1709976196289,5.300000190734863
2023-10-27,19047.25,8885.9404296875,186.14999389648438,74.24132537841797,33909.80078125,83.28250122070312,5.304999828338623
2023-10-28,,,,,34089.57421875,,
2023-10-29,,,,,34538.48046875,,
2023-10-30,19140.900390625,8993.4599609375,185.10000610351562,73.90697479248047,34502.36328125,83.41339874267578,5.313000202178955
2023-10-31,19079.599609375,9052.3095703125,184.08999633789062,73.54621124267578,34667.78125,83.29650115966797,5.320000171661377
2023-11-01,18989.150390625,9147.4501953125,183.50999450683594,75.14083862304688,35437.25390625,83.2771987915039,5.300000190734863
2023-11-02,19133.25,9320.5595703125,184.1199951171875,76.85379791259766,34938.2421875,85.19400024414062,5.269999980926514
2023-11-03,19230.599609375,9408.5595703125,184.7899932861328,77.3747329711914,34732.32421875,83.24729919433594,5.252999782562256
2023-11-04,,,,,35082.1953125,,
2023-11-05,,,,,35049.35546875,,
2023-11-06,19411.75,9425.33984375,183.35000610351562,76.62422180175781,35037.37109375,83.15850067138672,5.260000228881836
2023-11-07,19406.69921875,9452.2802734375,182.58999633789062,77.75440979003906,35443.5625,83.2228012084961,5.2729997634887695
2023-11-08,19443.5,9462.25,180.77000427246094,79.07888793945312,35655.27734375,83.23269653320312,5.26800012588501
2023-11-09,19395.30078125,9387.58984375,181.49000549316406,77.25994873046875,36693.125,83.21769714355469,5.263000011444092
2023-11-10,19425.349609375,9535.6298828125,179.50999450683594,77.69263458251953,37313.96875,83.31939697265625,5.25
2023-11-11,,,,,37138.05078125,,
2023-11-12,,,,,37054.51953125,,
2023-11-13,19443.55078125,9528.25,180.50999450683594,77.51603698730469,36502.35546875,83.29889678955078,5.260000228881836
2023-11-14,,9712.009765625,182.1199951171875,79.27312469482422,35537.640625,83.19760131835938,5.252999782562256
2023-11-15,19675.44921875,9729.3095703125,181.63999938964844,78.16060638427734,37880.58203125,82.98159790039062,5.255000114440918
2023-11-16,19765.19921875,9743.2197265625,183.69000244140625,79.13186645507812,36154.76953125,83.18620300292969,5.243000030517578
2023-11-17,19731.80078125,9755.919921875,183.6699981689453,79.50273132324219,36596.68359375,83.12030029296875,5.232999801635742
2023-11-18,,,,,36585.703125,,
2023-11-19,,,,,37386.546875,,
2023-11-20,19694.0,9829.01953125,183.3699951171875,79.98831939697266,37476.95703125,83.29149627685547,5.23799991607666
2023-11-21,19783.400390625,9809.3896484375,185.35000610351562,79.95301818847656,35813.8125,83.32219696044922,5.255000114440918
2023-11-22,19811.849609375,9849.740234375,184.55999755859375,80.235595703125,37432.33984375,83.345703125,5.264999866485596
2023-11-23,19802.0,,,,37289.62109375,83.54830169677734,
2023-11-24,19794.69921875,9855.83984375,185.52000427246094,79.2907943725586,37720.28125,83.34400177001953,5.252999782562256
2023-11-25,,,,,37796.79296875,,
2023-11-26,,,,,37479.12109375,,
2023-11-27,,9836.75,186.77000427246094,80.61527252197266,37254.16796875,83.31449890136719,5.257999897003174
2023-11-28,19889.69921875,9846.4296875,189.25999450683594,80.77420043945312,37831.0859375,83.364501953125,5.260000228881836
2023-11-29,20096.599609375,9838.8203125,189.5399932861328,81.78959655761719,37858.4921875,83.41809844970703,5.239999771118164
2023-11-30,20133.150390625,9879.01953125,188.75,80.8448257446289,37712.74609375,83.3302993774414,5.23799991607666
2023-12-01,20267.900390625,9937.8896484375,192.00999450683594,82.36744689941406,38688.75,83.35269927978516,5.215000152587891
2023-12-02,,,,,39476.33203125,,
2023-12-03,,,,,39978.390625,,
2023-12-04,20686.80078125,9884.169921875,187.86000061035156,82.03971862792969,41980.09765625,83.21859741210938,5.2230000495910645
2023-12-05,20855.099609375,9878.9697265625,187.14999389648438,83.80242156982422,44080.6484375,83.41709899902344,5.243000030517578
2023-12-06,20937.69921875,9840.650390625,187.83999633789062,84.9184799194336,43746.4453125,83.31590270996094,5.243000030517578
2023-12-07,20901.150390625,9920.6396484375,188.14999389648438,84.43132019042969,43292.6640625,83.28959655761719,5.232999801635742
2023-12-08,20969.400390625,9961.5,185.63999938964844,83.74040222167969,44166.6015625,83.35489654541016,5.232999801635742
2023-12-09,,,,,43725.984375,,
2023-12-10,,,,,43779.69921875,,
2023-12-11,20997.099609375,10000.6396484375,183.58999633789062,83.563232421875,41243.83203125,83.43009948730469,5.232999801635742
2023-12-12,20906.400390625,10047.0400390625,183.49000549316406,83.81126403808594,41450.22265625,83.34349822998047,5.248000144958496
2023-12-13,20926.349609375,10184.3798828125,187.6300048828125,85.77767181396484,42890.7421875,83.39600372314453,5.2230000495910645
2023-12-14,21182.69921875,10213.6904296875,188.72999572753906,88.00899505615234,43023.97265625,83.2853012084961,5.215000152587891
2023-12-15,21456.650390625,10213.48046875,187.0,88.10674285888672,41929.7578125,83.29660034179688,5.224999904632568
2023-12-16,,,,,42240.1171875,,
2023-12-17,,,,,41364.6640625,,
2023-12-18,21418.650390625,10259.849609375,187.85000610351562,87.40473937988281,42623.5390625,83.04170227050781,5.224999904632568
2023-12-19,21453.099609375,10320.8603515625,189.1300048828125,87.8757095336914,42270.52734375,83.11119842529297,5.23799991607666
2023-12-20,21150.150390625,10170.509765625,188.10000610351562,88.4710922241211,43652.25,83.09159851074219,5.230000019073486
2023-12-21,21255.05078125,10275.2998046875,189.42999267578125,87.91124725341797,43869.15234375,83.26719665527344,5.210000038146973
2023-12-22,21349.400390625,10292.3701171875,190.27000427246094,87.5113754272461,43997.90234375,83.13159942626953,5.208000183105469
2023-12-23,,,,,43739.54296875,,
2023-12-24,,,,,43016.1171875,,
2023-12-25,,,,,43613.140625,83.16500091552734,
2023-12-26,21441.349609375,10335.98046875,191.72000122070312,87.76020050048828,42520.40234375,83.17230224609375,5.203000068664551
2023-12-27,21654.75,10351.599609375,192.58999633789062,89.31526947021484,43442.85546875,83.18280029296875,5.235000133514404
2023-12-28,21778.69921875,10356.58984375,191.47000122070312,88.66658782958984,42627.85546875,83.26719665527344,5.2179999351501465
2023-12-29,21731.400390625,10327.830078125,191.1699981689453,87.86680603027344,42099.40234375,82.302001953125,5.179999828338623
2023-12-30,,,,,42156.90234375,,
2023-12-31,,,,,42265.1875,,
2024-01-01,21741.900390625,,,,44167.33203125,83.24859619140625,
2024-01-02,21665.80078125,10269.6904296875,190.72000122070312,87.36031341552734,44957.96875,83.20259857177734,5.2129998207092285
2024-01-03,21517.349609375,10187.7900390625,189.1300048828125,87.7246322631836,42848.17578125,83.25700378417969,5.235000133514404
2024-01-04,21658.599609375,10154.2001953125,189.32000732421875,86.39169311523438,44179.921875,83.31809997558594,5.228000164031982
2024-01-05,21710.80078125,10172.75,189.35000610351562,85.5652847290039,44162.69140625,83.2406005859375,5.21999979019165
2024-01-06,,,,,43989.1953125,,
2024-01-07,,,,,43943.09765625,,
2024-01-08,21513.0,10316.51953125,187.8699951171875,86.40950012207031,46970.50390625,83.19110107421875,5.21999979019165
2024-01-09,21544.849609375,10302.73046875,187.92999267578125,85.85855102539062,46139.73046875,83.05069732666016,5.230000019073486
2024-01-10,21618.69921875,10361.26953125,187.5,85.45863342285156,46627.77734375,83.131103515625,5.224999904632568
2024-01-11,21647.19921875,10354.6904296875,187.8699951171875,85.93850708007812,46368.5859375,83.02559661865234,5.2179999351501465
2024-01-12,21894.55078125,10363.349609375,189.7100067138672,85.76966094970703,42853.16796875,83.07610321044922,5.197999954223633
2024-01-13,,,,,42842.3828125,,
2024-01-14,,,,,41796.26953125,,
2024-01-15,22097.44921875,,,,42511.96875,82.87210083007812,
2024-01-16,22032.30078125,10324.830078125,187.91000366210938,84.25901794433594,43154.9453125,82.8593978881836,5.203000068664551
2024-01-17,21571.94921875,10267.0498046875,185.83999633789062,84.1257095336914,42742.65234375,83.08899688720703,5.215000152587891
2024-01-18,21462.25,10358.2900390625,187.3699951171875,83.3437271118164,41262.05859375,83.17759704589844,5.199999809265137
2024-01-19,21622.400390625,10486.4404296875,187.92999267578125,83.61033630371094,41618.40625,83.16059875488281,5.197999954223633
2024-01-20,,,,,41665.5859375,,
2024-01-21,,,,,41545.78515625,,
2024-01-22,,10509.4404296875,187.22000122070312,84.10794067382812,39507.3671875,83.12470245361328,5.199999809265137
2024-01-23,21238.80078125,10540.3798828125,187.9499969482422,83.44149017333984,39845.55078125,83.09510040283203,5.210000038146973
2024-01-24,21453.94921875,10549.0400390625,186.39999389648438,82.95276641845703,40077.07421875,83.22139739990234,5.210000038146973
2024-01-25,21352.599609375,10605.1298828125,187.13999938964844,83.49478912353516,39933.80859375,83.09760284423828,5.195000171661377
2024-01-26,,10598.23046875,187.00999450683594,83.33484649658203,41816.87109375,83.14610290527344,5.199999809265137
2024-01-27,,,,,42120.0546875,,
2024-01-28,,,,,42035.59375,,
2024-01-29,21737.599609375,10678.5,188.3300018310547,84.29457092285156,43288.24609375,83.12129974365234,5.199999809265137
2024-01-30,21522.099609375,10672.9501953125,188.58999633789062,85.05876922607422,42952.609375,83.1530990600586,5.203000068664551
2024-01-31,21725.69921875,10501.3798828125,188.4499969482422,85.89407348632812,42582.60546875,83.10970306396484,5.188000202178955
2024-02-01,21697.44921875,10633.1396484375,190.41000366210938,87.57897186279297,43075.7734375,83.05359649658203,5.199999809265137
2024-02-02,21853.80078125,10747.25,188.61000061035156,85.64447784423828,43185.859375,82.92759704589844,5.210000038146973
2024-02-03,,,,,42992.25,,
2024-02-04,,,,,42583.58203125,,
2024-02-05,21771.69921875,10713.1103515625,187.57000732421875,83.91497802734375,42658.66796875,82.99929809570312,5.228000164031982
2024-02-06,21929.400390625,10738.169921875,188.5500030517578,84.73516845703125,43084.671875,83.10369873046875,5.2230000495910645
2024-02-07,21930.5,10826.8095703125,188.5,84.3250732421875,44318.22265625,83.07060241699219,5.2230000495910645
2024-02-08,21717.94921875,10834.3603515625,188.3300018310547,83.83476257324219,45301.56640625,83.01260375976562,5.2179999351501465
2024-02-09,21782.5,10897.6103515625,187.60000610351562,83.66537475585938,47147.19921875,82.98529815673828,5.21999979019165
2024-02-10,,,,,47771.27734375,,
2024-02-11,,,,,48293.91796875,,
2024-02-12,21616.05078125,10887.41015625,187.11000061035156,83.76343536376953,49958.22265625,83.0145034790039,5.228000164031982
2024-02-13,21743.25,10739.8095703125,184.52999877929688,82.32816314697266,49742.44140625,82.99019622802734,5.232999801635742
2024-02-14,21840.05078125,10844.7197265625,184.4199981689453,82.74716186523438,51826.6953125,83.07460021972656,5.2179999351501465
2024-02-15,21910.75,10910.3095703125,185.66000366210938,83.1750717163086,51938.5546875,83.04309844970703,5.2179999351501465
2024-02-16,22040.69921875,10859.6298828125,186.33999633789062,82.69365692138672,52160.203125,83.00959777832031,5.2230000495910645
2024-02-17,,,,,51662.99609375,,
2024-02-18,,,,,52122.546875,,
2024-02-19,22122.25,,,,51779.14453125,83.01599884033203,
2024-02-20,22196.94921875,10794.7998046875,187.47000122070312,82.76498413085938,52284.875,83.02100372314453,5.2129998207092285
2024-02-21,22055.05078125,10808.9296875,187.47999572753906,82.17658996582031,51839.1796875,82.8291015625,5.235000133514404
2024-02-22,22217.44921875,11037.8203125,187.55999755859375,82.5777816772461,51304.97265625,82.93840026855469,5.232999801635742
2024-02-23,22212.69921875,11041.900390625,188.6199951171875,83.68321990966797,50731.94921875,82.87229919433594,5.239999771118164
2024-02-24,,,,,51571.1015625,,
2024-02-25,,,,,51733.23828125,,
2024-02-26,22122.05078125,11000.5,188.1999969482422,83.43360137939453,54522.40234375,82.88179779052734,5.25
2024-02-27,22198.349609375,11019.4404296875,188.0,82.84521484375,57085.37109375,82.85199737548828,5.244999885559082
2024-02-28,21951.150390625,11002.2001953125,188.33999633789062,83.37120819091797,62504.7890625,82.94819641113281,5.239999771118164
2024-02-29,21982.80078125,11062.1103515625,189.30999755859375,83.95955657958984,61198.3828125,82.91190338134766,5.2230000495910645
2024-03-01,22338.75,11151.33984375,192.88999938964844,84.48271942138672,62440.6328125,82.910400390625,5.215000152587891
2024-03-02,,,,,62029.84765625,,
2024-03-03,,,,,63167.37109375,,
2024-03-04,22405.599609375,11138.4296875,196.00999450683594,84.14289093017578,68330.4140625,82.84609985351562,5.2230000495910645
2024-03-05,22356.30078125,11025.16015625,197.19000244140625,85.34123229980469,63801.19921875,82.9104995727539,5.224999904632568
2024-03-06,22474.05078125,11082.650390625,198.80999755859375,85.84201049804688,66106.8046875,82.88480377197266,5.230000019073486
2024-03-07,22493.55078125,11198.3896484375,199.94000244140625,85.76154327392578,66925.484375,82.81909942626953,5.228000164031982
2024-03-08,,11126.0703125,201.6300048828125,85.6095199584961,68300.09375,82.7522964477539,5.228000164031982
2024-03-09,,,,,68498.8828125,,
2024-03-10,,,,,69019.7890625,,
2024-03-11,22332.650390625,11113.6103515625,202.0,85.5647964477539,72123.90625,82.7520980834961,5.239999771118164
2024-03-12,22335.69921875,11238.4599609375,199.7899932861328,84.84937286376953,71481.2890625,82.7782974243164,5.239999771118164
2024-03-13,21997.69921875,11217.2998046875,201.19000244140625,84.43800354003906,73083.5,82.83509826660156,5.23799991607666
2024-03-14,22146.650390625,11187.849609375,200.35000610351562,83.14130401611328,71396.59375,82.83110046386719,5.23799991607666
2024-03-15,22023.349609375,11115.6904296875,199.7100067138672,83.11446380615234,69403.7734375,82.9655990600586,5.23799991607666
2024-03-16,,,,,65315.1171875,,
2024-03-17,,,,,68390.625,,
2024-03-18,22055.69921875,11186.0400390625,200.02999877929688,82.86407470703125,67548.59375,82.88890075683594,5.23799991607666
2024-03-19,21817.44921875,11249.23046875,199.8000030517578,83.09658813476562,61912.7734375,82.86360168457031,5.23799991607666
2024-03-20,21839.099609375,11350.8896484375,202.17999267578125,83.06975555419922,67913.671875,83.04239654541016,5.228000164031982
2024-03-21,22011.94921875,11387.8896484375,201.97000122070312,83.24861145019531,65491.390625,83.05460357666016,5.228000164031982
2024-03-22,22096.75,11372.490234375,200.35000610351562,84.04452514648438,63778.76171875,83.22660064697266,5.21999979019165
2024-03-23,,,,,64062.203125,,
2024-03-24,,,,,67234.171875,,
2024-03-25,,11337.740234375,200.99000549316406,83.62419891357422,69958.8125,83.59359741210938,5.2179999351501465
2024-03-26,22004.69921875,11306.009765625,201.63999938964844,83.85671997070312,69987.8359375,83.41739654541016,5.2179999351501465
2024-03-27,22123.650390625,11404.9501953125,203.10000610351562,84.68840789794922,69455.34375,83.34549713134766,5.215000152587891
2024-03-28,22326.900390625,11418.0302734375,205.72000122070312,84.61686706542969,70744.953125,83.36499786376953,5.203000068664551
2024-03-29,,,,,69892.828125,83.39299774169922,
2024-03-30,,,,,69645.3046875,,
2024-03-31,,,,,71333.6484375,,
2024-04-01,22462.0,11395.080078125,207.82000732421875,83.03952026367188,69702.1484375,83.36479949951172,5.2179999351501465
2024-04-02,22453.30078125,11312.900390625,210.88999938964844,82.58192443847656,65446.97265625,83.40969848632812,5.2129998207092285
2024-04-03,22434.650390625,11325.7802734375,212.74000549316406,82.56398010253906,65980.8125,83.35030364990234,5.210000038146973
2024-04-04,22514.650390625,11187.490234375,211.52000427246094,83.15615844726562,68508.84375,83.37329864501953,5.203000068664551
2024-04-05,22513.69921875,11311.7001953125,215.13999938964844,81.99873352050781,67837.640625,83.47779846191406,5.215000152587891
2024-04-06,,,,,68896.109375,,
2024-04-07,,,,,69362.5546875,,
2024-04-08,22666.30078125,11307.66015625,216.47999572753906,81.98973083496094,71631.359375,83.29679870605469,5.2230000495910645
2024-04-09,22642.75,11325.6298828125,217.6699981689453,82.75240325927734,69139.015625,83.26959991455078,5.21999979019165
2024-04-10,22753.80078125,11218.73046875,215.61000061035156,80.94896697998047,70587.8828125,83.22429656982422,5.243000030517578
2024-04-11,,11302.5302734375,219.8000030517578,80.58104705810547,70060.609375,83.4126968383789,5.23799991607666
2024-04-12,22519.400390625,11139.3798828125,216.88999938964844,81.01176452636719,67195.8671875,83.34929656982422,5.230000019073486
2024-04-13,,,,,63821.47265625,,
2024-04-14,,,,,65738.7265625,,
2024-04-15,22272.5,11005.6103515625,220.9499969482422,79.75562286376953,63426.2109375,83.61109924316406,5.23799991607666
2024-04-16,22147.900390625,10982.990234375,221.22000122070312,79.22624969482422,63811.86328125,83.50599670410156,5.232999801635742
2024-04-17,,10919.490234375,219.58999633789062,80.10553741455078,61276.69140625,83.6675033569336,5.239999771118164
2024-04-18,21995.849609375,10896.0703125,220.33999633789062,79.70179748535156,63512.75390625,83.5958023071289,5.243000030517578
2024-04-19,22147.0,10801.16015625,221.02999877929688,79.98890686035156,63843.5703125,83.54499816894531,5.244999885559082
2024-04-20,,,,,64994.44140625,,
2024-04-21,,,,,64926.64453125,,
2024-04-22,22336.400390625,10895.4697265625,215.57000732421875,79.85430145263672,66837.6796875,83.38529968261719,5.244999885559082
2024-04-23,22368.0,11026.0595703125,215.0399932861328,79.8812484741211,66407.2734375,83.38619995117188,5.244999885559082
2024-04-24,22402.400390625,11028.4599609375,214.63999938964844,79.31595611572266,64276.8984375,83.2833023071289,5.255000114440918
2024-04-25,22570.349609375,10978.2001953125,215.9199981689453,78.75968170166016,64481.70703125,83.3405990600586,5.244999885559082
2024-04-26,22419.94921875,11090.4599609375,216.6199951171875,79.17242431640625,63755.3203125,83.30180358886719,5.23799991607666
2024-04-27,,,,,63419.140625,,
2024-04-28,,,,,63113.23046875,,
2024-04-29,22643.400390625,11126.2802734375,216.17999267578125,79.83638000488281,63841.12109375,83.40229797363281,5.243000030517578
2024-04-30,22604.849609375,10951.66015625,211.8699951171875,79.15446472167969,60636.85546875,83.45110321044922,5.244999885559082
2024-05-01,,10914.1103515625,213.7899932861328,79.73793029785156,58254.01171875,83.49839782714844,5.25
2024-05-02,22648.19921875,11013.91015625,213.1300048828125,80.08007049560547,59123.43359375,83.40640258789062,5.23799991607666
2024-05-03,22475.849609375,11152.759765625,212.9600067138672,80.89041137695312,62889.8359375,83.40630340576172,5.235000133514404
2024-05-04,,,,,63891.47265625,,
2024-05-05,,,,,64031.1328125,,
2024-05-06,22442.69921875,11268.23046875,215.1999969482422,81.20553588867188,63161.94921875,83.37999725341797,5.239999771118164
2024-05-07,22302.5,11283.9599609375,214.2100067138672,81.70075225830078,62334.81640625,83.4728012084961,5.243000030517578
2024-05-08,22302.5,11283.91015625,213.5800018310547,81.20553588867188,61187.94140625,83.46990203857422,5.244999885559082
2024-05-09,21957.5,11343.5498046875,216.9499969482422,81.60172271728516,63049.9609375,83.46430206298828,5.239999771118164
2024-05-10,22055.19921875,11364.0400390625,218.7100067138672,81.14251708984375,60792.77734375,83.45939636230469,5.243000030517578
2024-05-11,,,,,60793.7109375,,
2024-05-12,,,,,61448.39453125,,
2024-05-13,22104.05078125,11361.4599609375,216.25999450683594,81.34961700439453,62901.44921875,83.5248031616211,5.239999771118164
2024-05-14,22217.849609375,11418.1201171875,218.08999633789062,81.80878448486328,61552.7890625,83.50550079345703,5.235000133514404
2024-05-15,22200.55078125,11554.0400390625,220.88999938964844,82.92526245117188,66267.4921875,83.52420043945312,5.239999771118164
2024-05-16,22403.849609375,11532.3603515625,220.02999877929688,82.84423065185547,65231.58203125,83.40509796142578,5.243000030517578
2024-05-17,22466.099609375,11546.2802734375,223.66000366210938,82.2860107421875,67051.875,83.47010040283203,5.239999771118164
2024-05-18,,,,,66940.8046875,,
2024-05-19,,,,,66278.3671875,,
2024-05-20,,11557.83984375,224.55999755859375,82.04290008544922,71448.1953125,83.30039978027344,5.239999771118164
2024-05-21,22529.05078125,11587.0498046875,224.22999572753906,82.4660873413086,70136.53125,83.31500244140625,5.239999771118164
2024-05-22,22597.80078125,11555.83984375,220.11000061035156,82.56510925292969,69122.3359375,83.31680297851562,5.244999885559082
2024-05-23,22967.650390625,11470.98046875,215.72000122070312,82.03392028808594,67929.5625,83.26709747314453,5.244999885559082
2024-05-24,22957.099609375,11551.5595703125,215.9199981689453,82.27698516845703,68526.1015625,83.2863998413086,5.244999885559082
2024-05-25,,,,,69265.9453125,,
2024-05-26,,,,,68518.09375,,
2024-05-27,22932.44921875,,,,69394.5546875,83.05220031738281,
2024-05-28,22888.150390625,11554.4501953125,218.19000244140625,81.09750366210938,68296.21875,83.14569854736328,5.248000144958496
2024-05-29,22704.69921875,11469.4599609375,216.16000366210938,80.11608123779297,67578.09375,83.20649719238281,5.25
2024-05-30,22488.650390625,11402.099609375,216.57000732421875,80.89041137695312,68364.9921875,83.3656005859375,5.248000144958496
2024-05-31,22530.69921875,11494.7001953125,215.3000030517578,81.43961334228516,67491.4140625,83.3208999633789,5.244999885559082
2024-06-01,,,,,67706.9375,,
2024-06-02,,,,,67751.6015625,,
2024-06-03,23263.900390625,11508.8896484375,217.22000122070312,82.75688934326172,68804.78125,83.45079803466797,5.243000030517578
2024-06-04,21884.5,11526.8095703125,215.27000427246094,83.72359466552734,70567.765625,83.09339904785156,5.239999771118164
2024-06-05,22620.349609375,11663.5498046875,217.82000732421875,84.33792877197266,71082.8203125,83.62940216064453,5.239999771118164
2024-06-06,22821.400390625,11661.3701171875,219.42999267578125,84.21144104003906,70757.1640625,83.38079833984375,5.232999801635742
2024-06-07,23290.150390625,11650.490234375,211.60000610351562,82.6665267944336,69342.5859375,83.47309875488281,5.23799991607666
2024-06-08,,,,,69305.7734375,,
2024-06-09,,,,,69647.9921875,,
2024-06-10,23259.19921875,11681.5400390625,213.5399932861328,82.11543273925781,69512.28125,83.52760314941406,5.232999801635742
2024-06-11,23264.849609375,11713.2998046875,214.14999389648438,82.96468353271484,67332.03125,83.52980041503906,5.244999885559082
2024-06-12,23322.94921875,11813.169921875,214.72000122070312,83.58806610107422,68241.1875,83.5968017578125,5.243000030517578
2024-06-13,23398.900390625,11841.01953125,212.97000122070312,84.81675720214844,66756.3984375,83.5343017578125,5.239999771118164
2024-06-14,23465.599609375,11839.26953125,215.72999572753906,85.53050231933594,66011.09375,83.52210235595703,5.239999771118164
2024-06-15,,,,,66191.0,,
2024-06-16,,,,,66639.046875,,
2024-06-17,,11931.48046875,214.61000061035156,84.6812515258789,66490.296875,83.55180358886719,5.243000030517578
2024-06-18,23557.900390625,11961.9296875,215.47000122070312,85.4582290649414,65140.74609375,83.51010131835938,5.235000133514404
2024-06-19,23516.0,,,,64960.296875,83.37409973144531,
2024-06-20,23567.0,11931.7998046875,218.16000366210938,84.8890380859375,64828.65625,83.41950225830078,5.224999904632568
2024-06-21,23501.099609375,11913.7802734375,214.77999877929688,84.8890380859375,64096.19921875,83.60160064697266,5.215000152587891
2024-06-22,,,,,64252.578125,,
2024-06-23,,,,,63180.796875,,
2024-06-24,23537.849609375,11878.0400390625,215.6300048828125,85.23236846923828,60277.4140625,83.5625,5.210000038146973
2024-06-25,23721.30078125,11924.75,214.55999755859375,85.37692260742188,61804.640625,83.46040344238281,5.2230000495910645
2024-06-26,23868.80078125,11943.5302734375,212.5800018310547,84.15724182128906,60811.27734375,83.41459655761719,5.230000019073486
2024-06-27,24044.5,11954.5,214.99000549316406,84.49153900146484,61604.80078125,83.58039855957031,5.2230000495910645
2024-06-28,24010.599609375,11907.150390625,215.00999450683594,82.91951751708984,60320.13671875,83.45089721679688,5.2129998207092285
2024-06-29,,,,,60887.37890625,,
2024-06-30,,,,,62678.29296875,,
2024-07-01,24141.94921875,11939.3798828125,215.57000732421875,81.4884033203125,62851.98046875,83.36750030517578,5.2179999351501465
2024-07-02,24123.849609375,12013.400390625,215.55999755859375,82.12284851074219,62029.015625,83.44129943847656,5.228000164031982
2024-07-03,24286.5,12074.830078125,217.99000549316406,83.20136260986328,60173.921875,83.4791030883789,5.230000019073486
2024-07-04,24302.150390625,,,,56977.703125,83.49120330810547,
2024-07-05,24323.849609375,12142.5400390625,220.92999267578125,83.89019012451172,56662.375,83.49340057373047,5.224999904632568
2024-07-06,,,,,58303.5390625,,
2024-07-07,,,,,55849.109375,,
2024-07-08,24320.55078125,12155.26953125,218.19000244140625,84.07144927978516,56705.09765625,83.47209930419922,5.2179999351501465
2024-07-09,24433.19921875,12164.5703125,218.55999755859375,83.6998519897461,58009.2265625,83.45760345458984,5.224999904632568
2024-07-10,24324.44921875,12290.2099609375,219.36000061035156,83.96270751953125,57742.49609375,83.49299621582031,5.224999904632568
2024-07-11,24315.94921875,12182.9697265625,223.25,84.77838134765625,57344.9140625,83.49590301513672,5.197999954223633
2024-07-12,24502.150390625,12250.1904296875,223.11000061035156,85.14093017578125,57899.46484375,83.51850128173828,5.197999954223633
2024-07-13,,,,,59231.953125,,
2024-07-14,,,,,60787.79296875,,
2024-07-15,24586.69921875,12286.0498046875,223.8300018310547,84.1620864868164,64870.15234375,83.52030181884766,5.192999839782715
2024-07-16,24613.0,12364.5595703125,228.2899932861328,85.34935760498047,65097.1484375,83.58760070800781,5.192999839782715
2024-07-17,,12192.490234375,227.22999572753906,85.36751556396484,64118.79296875,83.52960205078125,5.195000171661377
2024-07-18,24800.849609375,12097.25,225.77999877929688,84.71495056152344,63974.06640625,83.57209777832031,5.192999839782715
2024-07-19,24530.900390625,12011.6103515625,221.72999572753906,84.21646118164062,66710.15625,83.67430114746094,5.192999839782715
2024-07-20,,,,,67163.6484375,,
2024-07-21,,,,,68154.5234375,,
2024-07-22,24509.25,12141.75,221.8000030517578,83.9717788696289,67585.25,83.73030090332031,5.190000057220459
2024-07-23,24479.05078125,12122.830078125,222.5800018310547,83.85393524169922,65927.671875,83.67130279541016,5.172999858856201
2024-07-24,24413.5,11842.3603515625,221.8000030517578,82.94759368896484,65372.1328125,83.70680236816406,5.170000076293945
2024-07-25,24406.099609375,11781.5703125,218.3300018310547,83.62733459472656,65777.2265625,83.74299621582031,5.159999847412109
2024-07-26,24834.849609375,11913.0400390625,220.6300048828125,84.2799072265625,67912.0625,83.73760223388672,5.15500020980835
2024-07-27,,,,,67813.3359375,,
2024-07-28,,,,,68255.8671875,,
2024-07-29,24836.099609375,11922.8896484375,220.32000732421875,84.73306274414062,66819.9140625,83.72779846191406,5.146999835968018
2024-07-30,24857.30078125,11863.7998046875,222.52000427246094,85.05935668945312,66201.015625,83.75050354003906,5.135000228881836
2024-07-31,24951.150390625,12052.08984375,226.5500030517578,85.92943572998047,64619.25,83.73899841308594,5.135000228881836
2024-08-01,25010.900390625,11887.5400390625,225.77000427246094,86.6705551147461,65357.5,83.7177963256836,5.114999771118164
2024-08-02,24717.69921875,11669.1796875,225.33999633789062,89.37134552001953,61415.06640625,83.743896484375,5.03000020980835
2024-08-03,,,,,60680.09375,,
2024-08-04,,,,,58116.9765625,,
2024-08-05,24055.599609375,11319.9599609375,222.47999572753906,89.84423065185547,53991.45703125,83.73529815673828,5.059999942779541
2024-08-06,23992.55078125,11437.3203125,220.6999969482422,87.83452606201172,56034.31640625,84.00260162353516,5.079999923706055
2024-08-07,24297.5,11349.240234375,220.5500030517578,87.21617889404297,55027.4609375,83.93489837646484,5.079999923706055
2024-08-08,24117.0,11610.83984375,224.00999450683594,86.67964935302734,61710.13671875,83.94239807128906,5.083000183105469
2024-08-09,24367.5,11666.490234375,224.55999755859375,87.53445434570312,60880.11328125,83.98899841308594,5.074999809265137
2024-08-10,,,,,60945.8125,,
2024-08-11,,,,,58719.484375,,
2024-08-12,24347.0,11668.58984375,228.41000366210938,87.85270690917969,59354.515625,83.94979858398438,5.072999954223633
2024-08-13,24139.0,11865.2900390625,228.05999755859375,88.46197509765625,60609.56640625,83.88999938964844,5.052999973297119
2024-08-14,24143.75,11911.01953125,226.1999969482422,89.01669311523438,58737.26953125,83.88200378417969,5.063000202178955
2024-08-15,,12106.6796875,226.91000366210938,88.29832458496094,57560.09765625,83.97149658203125,5.079999923706055
2024-08-16,24541.150390625,12132.48046875,231.99000549316406,88.60749816894531,58894.10546875,83.94830322265625,5.074999809265137
2024-08-17,,,,,59478.97265625,,
2024-08-18,,,,,58483.96484375,,
2024-08-19,24572.650390625,12251.740234375,231.61000061035156,89.01669311523438,59493.453125,83.88980102539062,5.063000202178955
2024-08-20,24698.849609375,12227.7998046875,232.4600067138672,89.72599792480469,59012.79296875,83.87860107421875,5.0329999923706055
2024-08-21,24770.19921875,12280.1796875,232.14999389648438,89.78057861328125,61175.19140625,83.77940368652344,5.005000114440918
2024-08-22,24811.5,12170.7099609375,229.3699951171875,88.88938903808594,60381.9140625,83.88860321044922,5.025000095367432
2024-08-23,24823.150390625,12310.6298828125,232.02000427246094,89.47135925292969,64094.35546875,83.94059753417969,5.0
2024-08-24,,,,,64178.9921875,,
2024-08-25,,,,,64333.54296875,,
2024-08-26,25010.599609375,12272.080078125,232.75999450683594,89.2440185546875,62880.66015625,83.81379699707031,4.998000144958496
2024-08-27,25017.75,12292.6396484375,233.38999938964844,89.0894546508789,59504.1328125,83.88369750976562,4.9679999351501465
2024-08-28,25052.349609375,12219.23046875,231.75,88.9803237915039,59027.625,83.92160034179688,4.954999923706055
2024-08-29,25151.94921875,12219.3798828125,232.9499969482422,88.6893310546875,59388.1796875,83.94149780273438,4.965000152587891
2024-08-30,25235.900390625,12344.4296875,231.2899932861328,87.74359130859375,59119.4765625,83.89510345458984,4.9679999351501465
2024-08-31,,,,,58969.8984375,,
2024-09-01,,,,,57325.48828125,,
2024-09-02,25278.69921875,,,,59112.48046875,83.86380004882812,
2024-09-03,25279.849609375,12084.5703125,230.2899932861328,89.17868041992188,57431.0234375,83.92729949951172,4.96999979019165
2024-09-04,25198.69921875,12065.6904296875,230.42999267578125,90.32820129394531,57971.5390625,83.95030212402344,4.947999954223633
2024-09-05,25145.099609375,12029.7197265625,232.35000610351562,90.83908081054688,56160.48828125,83.98249816894531,4.932000160217285
2024-09-06,24852.150390625,11823.5703125,230.6300048828125,90.8299560546875,53948.75390625,83.98359680175781,4.9079999923706055
2024-09-07,,,,,54139.6875,,
2024-09-08,,,,,54841.56640625,,
2024-09-09,24936.400390625,11961.740234375,231.60000610351562,91.22225189208984,57019.53515625,83.98259735107422,4.894999980926514
2024-09-10,25041.099609375,12015.5703125,232.6199951171875,91.86087799072266,57648.7109375,83.98090362548828,4.835000038146973
2024-09-11,24918.44921875,12143.849609375,232.25,91.78788757324219,57343.171875,83.98200225830078,4.875
2024-09-12,25388.900390625,12235.0595703125,236.3300018310547,91.35910034179688,58127.01171875,83.99259948730469,4.840000152587891
2024-09-13,25356.5,12303.259765625,238.67999267578125,91.60543060302734,60571.30078125,83.93479919433594,4.763000011444092
2024-09-14,,,,,60005.12109375,,
2024-09-15,,,,,59182.8359375,,
2024-09-16,25383.75,12321.2099609375,238.66000366210938,92.44474792480469,58192.5078125,83.88480377197266,4.744999885559082
2024-09-17,25418.55078125,12324.75,237.33999633789062,91.99771881103516,60308.5390625,83.88400268554688,4.735000133514404
2024-09-18,25377.55078125,12289.259765625,235.50999450683594,90.85733795166016,61649.6796875,83.77059936523438,4.614999771118164
2024-09-19,25415.80078125,12498.58984375,239.1699981689453,90.55628967285156,62940.45703125,83.69170379638672,4.5929999351501465
2024-09-20,25790.94921875,12474.4404296875,242.2100067138672,90.20955657958984,63192.9765625,83.61470031738281,4.545000076293945
2024-09-21,,,,,63394.83984375,,
2024-09-22,,,,,63648.7109375,,
2024-09-23,25939.05078125,12509.6103515625,242.67999267578125,90.01799774169922,63329.80078125,83.48709869384766,4.502999782562256
2024-09-24,25940.400390625,12541.08984375,246.07000732421875,89.9997787475586,64301.96875,83.55960083007812,4.494999885559082
2024-09-25,26004.150390625,12517.8203125,245.72999572753906,89.25166320800781,63143.14453125,83.56759643554688,4.486999988555908
2024-09-26,26216.05078125,12569.1298828125,246.97999572753906,89.46147918701172,65181.01953125,83.62409973144531,4.4679999351501465
2024-09-27,26178.94921875,12553.7802734375,245.02000427246094,89.92676544189453,65790.6640625,83.61710357666016,4.48199987411499
2024-09-28,,,,,65887.6484375,,
2024-09-29,,,,,65635.3046875,,
2024-09-30,25810.849609375,12608.0703125,243.05999755859375,89.49797058105469,63329.5,83.71640014648438,4.498000144958496
2024-10-01,25796.900390625,12490.8701171875,245.61000061035156,90.14413452148438,60837.0078125,83.82730102539062,4.48199987411499
2024-10-02,,12493.349609375,245.66000366210938,89.38447570800781,60632.78515625,83.87210083007812,4.4730000495910645
2024-10-03,25250.099609375,12472.3896484375,245.49000549316406,88.54244995117188,60759.40234375,83.91960144042969,4.465000152587891
2024-10-04,25014.599609375,12586.91015625,245.0,87.45328521728516,62067.4765625,84.0093994140625,4.505000114440918
2024-10-05,,,,,62089.94921875,,
2024-10-06,,,,,62818.953125,,
2024-10-07,24795.75,12466.41015625,244.1699981689453,86.79430389404297,62236.66015625,84.02780151367188,4.525000095367432
2024-10-08,25013.150390625,12587.25,242.3699951171875,86.94075012207031,62131.96875,83.96410369873047,4.5279998779296875
2024-10-09,24981.94921875,12677.16015625,241.0500030517578,86.44649505615234,60582.1015625,83.91459655761719,4.534999847412109
2024-10-10,24998.44921875,12652.83984375,242.82000732421875,86.10787200927734,60274.5,83.94219970703125,4.53000020980835
2024-10-11,24964.25,12729.51953125,245.47000122070312,85.76004028320312,62445.08984375,83.94599914550781,4.514999866485596
2024-10-12,,,,,63193.0234375,,
2024-10-13,,,,,62851.375,,
2024-10-14,25127.94921875,12827.6298828125,245.07000732421875,85.82411193847656,66046.125,84.16829681396484,4.51800012588501
2024-10-15,25057.349609375,12731.099609375,245.9199981689453,86.86752319335938,67041.109375,84.04850006103516,4.514999866485596
2024-10-16,24971.30078125,12790.83984375,247.14999389648438,87.23361206054688,67612.71875,84.05619812011719,4.502999782562256
2024-10-17,24749.849609375,12788.7802734375,248.6300048828125,85.85159301757812,67399.8359375,84.03929901123047,4.514999866485596
2024-10-18,24854.05078125,12840.2998046875,251.27000427246094,85.9156494140625,68418.7890625,84.05380249023438,4.513000011444092
2024-10-19,,,,,68362.734375,,
2024-10-20,,,,,69001.703125,,
2024-10-21,24781.099609375,12817.3896484375,251.22000122070312,84.41461181640625,67367.8515625,84.0687026977539,4.51800012588501
2024-10-22,24472.099609375,12811.3603515625,253.92999267578125,84.49698638916016,67361.40625,84.07350158691406,4.5
2024-10-23,24435.5,12693.8203125,250.8699951171875,84.26818084716797,66432.1953125,84.08399963378906,4.505000114440918
2024-10-24,24399.400390625,12721.0498046875,252.8000030517578,84.80817413330078,68161.0546875,84.06759643554688,4.486999988555908
2024-10-25,24180.80078125,12717.33984375,253.32000732421875,84.33222961425781,66642.4140625,84.08180236816406,4.510000228881836
2024-10-26,,,,,67014.6953125,,
2024-10-27,,,,,67929.296875,,
2024-10-28,24339.150390625,12751.2197265625,253.3300018310547,84.10340118408203,69907.7578125,84.10199737548828,4.48199987411499
2024-10-29,24466.849609375,12771.7998046875,256.0899963378906,84.2315673828125,72720.4921875,84.10279846191406,4.480000019073486
2024-10-30,24340.849609375,12729.73046875,257.5,84.47868347167969,72339.5390625,84.08930206298828,4.4629998207092285
2024-10-31,24205.349609375,12493.740234375,253.50999450683594,84.6159896850586,70215.1875,84.08910369873047,4.432000160217285
2024-11-01,24304.349609375,12545.400390625,252.47000122070312,83.42302703857422,69482.46875,84.09149932861328,4.400000095367432
2024-11-02,,,,,69289.2734375,,
2024-11-03,,,,,68741.1171875,,
2024-11-04,23995.349609375,12510.73046875,252.8300018310547,84.71791076660156,67811.5078125,84.13359832763672,4.418000221252441
2024-11-05,24213.30078125,12664.3203125,253.39999389648438,85.16789245605469,69359.5625,84.15249633789062,4.422999858856201
2024-11-06,24484.05078125,12984.73046875,245.6999969482422,82.8353042602539,75639.078125,84.11630249023438,4.429999828338623
2024-11-07,24199.349609375,13081.5302734375,249.64999389648438,83.87303161621094,75904.859375,84.2511978149414,4.420000076293945
2024-11-08,24148.19921875,13133.4697265625,247.9600067138672,84.93829345703125,76545.4765625,84.306396484375,4.422999858856201
2024-11-09,,,,,76778.8671875,,
2024-11-10,,,,,80474.1875,,
2024-11-11,24141.30078125,13146.2001953125,242.13999938964844,84.52506256103516,88701.484375,84.38289642333984,4.414999961853027
2024-11-12,23883.44921875,13108.9501953125,240.0500030517578,83.25774383544922,87955.8125,84.39649963378906,4.422999858856201
2024-11-13,23559.05078125,13112.5703125,237.6300048828125,82.46794891357422,90584.1640625,84.39530181884766,4.389999866485596
2024-11-14,23532.69921875,13034.7900390625,237.00999450683594,82.94548034667969,87250.4296875,84.4229965209961,4.382999897003174
2024-11-15,,12864.419921875,236.58999633789062,82.7250747680664,91066.0078125,84.47380065917969,4.39300012588501
2024-11-16,,,,,90558.4765625,,
2024-11-17,,,,,89845.8515625,,
2024-11-18,23453.80078125,12916.7998046875,241.08999633789062,82.87202453613281,90542.640625,84.47750091552734,4.4029998779296875
2024-11-19,23518.5,12968.16015625,243.25,83.29447174072266,92343.7890625,84.39849853515625,4.4079999923706055
2024-11-20,,12968.849609375,244.6199951171875,83.02815246582031,94339.4921875,84.39759826660156,4.409999847412109
2024-11-21,23349.900390625,13040.080078125,246.66000366210938,82.96388244628906,98504.7265625,84.38310241699219,4.413000106811523
2024-11-22,23907.25,13085.8603515625,249.83999633789062,83.00975799560547,98997.6640625,84.48829650878906,4.414999961853027
2024-11-23,,,,,97777.28125,,
2024-11-24,,,,,98013.8203125,,
2024-11-25,24221.900390625,13125.4599609375,242.47999572753906,85.15874481201172,93102.296875,84.43599700927734,4.40500020980835
2024-11-26,24194.5,13201.4697265625,242.9499969482422,84.82811737060547,91985.3203125,84.37750244140625,4.394999980926514
2024-11-27,24274.900390625,13152.080078125,243.49000549316406,85.41586303710938,95962.53125,84.33910369873047,4.385000228881836
2024-11-28,23914.150390625,,,,95652.46875,84.42030334472656,
2024-11-29,24131.099609375,13227.1298828125,245.58999633789062,86.2974853515625,97461.5234375,84.47160339355469,4.373000144958496
2024-11-30,,,,,96449.0546875,,
2024-12-01,,,,,97279.7890625,,
2024-12-02,24276.05078125,13261.080078125,243.44000244140625,86.50482177734375,95865.3046875,84.55699920654297,4.380000114440918
2024-12-03,24457.150390625,13267.330078125,243.92999267578125,85.75836944580078,96002.1640625,84.73709869384766,4.35699987411499
2024-12-04,24467.44921875,13347.8798828125,244.6699981689453,86.6799087524414,98768.53125,84.68309783935547,4.34499979019165
2024-12-05,24708.400390625,13323.740234375,242.86000061035156,86.85499572753906,96593.5703125,84.70700073242188,4.329999923706055
2024-12-06,24677.80078125,13358.5,242.9499969482422,86.98402404785156,99920.7109375,84.68379974365234,4.295000076293945
2024-12-07,,,,,99923.3359375,,
2024-12-08,,,,,101236.015625,,
2024-12-09,24619.0,13278.2900390625,245.36000061035156,86.18226623535156,97432.71875,84.66600036621094,4.293000221252441
2024-12-10,24610.05078125,13239.2099609375,248.58999633789062,85.77681732177734,96675.4296875,84.84729766845703,4.284999847412109
2024-12-11,24641.80078125,13347.509765625,250.9600067138672,84.96585083007812,101173.03125,84.8740005493164,4.255000114440918
2024-12-12,24548.69921875,13275.240234375,247.27999877929688,83.93373107910156,100043.0,84.85710144042969,4.2230000495910645
2024-12-13,24768.30078125,13276.5595703125,244.2899932861328,83.07669830322266,101459.2578125,84.83920288085938,4.2179999351501465
2024-12-14,,,,,101372.96875,,
2024-12-15,,,,,104298.6953125,,
2024-12-16,24668.25,13328.7802734375,244.8800048828125,83.32551574707031,106029.71875,84.802001953125,4.228000164031982
2024-12-17,24336.0,13277.5498046875,243.94000244140625,83.52825927734375,106140.6015625,84.91729736328125,4.239999771118164
2024-12-18,24198.849609375,12886.2099609375,239.25999450683594,82.48380279541016,100041.5390625,84.91539764404297,4.23199987411499
2024-12-19,23951.69921875,12875.08984375,239.60000610351562,81.23487854003906,97490.953125,85.16549682617188,4.21999979019165
2024-12-20,23587.5,13015.66015625,242.10000610351562,81.69742584228516,97755.9296875,85.27940368652344,4.215000152587891
2024-12-21,,,,,97224.7265625,,
2024-12-22,,,,,95104.9375,,
2024-12-23,23753.44921875,13111.2998046875,240.9600067138672,80.94808197021484,94686.2421875,84.94499969482422,4.215000152587891
2024-12-24,23727.650390625,13256.0703125,241.44000244140625,81.2903823852539,98676.09375,85.0988998413086,4.199999809265137
2024-12-25,,,,,99299.1953125,85.18150329589844,
2024-12-26,23750.19921875,13251.759765625,243.07000732421875,81.24412536621094,95795.515625,85.41339874267578,4.215000152587891
2024-12-27,23813.400390625,13106.3896484375,241.39999389648438,80.57804107666016,94164.859375,85.26090240478516,4.177999973297119
2024-12-28,,,,,95163.9296875,,
2024-12-29,,,,,93530.2265625,,
2024-12-30,23644.900390625,12966.2197265625,240.6300048828125,81.22563171386719,92643.2109375,85.38600158691406,4.182000160217285
2024-12-31,23644.80078125,12911.8203125,242.1300048828125,80.79080963134766,93429.203125,85.7865982055664,4.208000183105469
2025-01-01,23742.900390625,,,,94419.7578125,,
2025-01-02,24188.650390625,12883.580078125,245.4199981689453,81.01284790039062,96886.875,85.78569793701172,4.208000183105469
2025-01-03,24004.75,13046.8798828125,243.49000549316406,80.75381469726562,98107.4296875,85.80400085449219,4.192999839782715
2025-01-04,,,,,98236.2265625,,
2025-01-05,,,,,98314.9609375,,
2025-01-06,23616.05078125,13120.1396484375,243.19000244140625,80.39300537109375,102078.0859375,85.75900268554688,4.190000057220459
2025-01-07,23707.900390625,12974.58984375,244.55999755859375,79.48640441894531,96922.703125,85.68070220947266,4.203000068664551
2025-01-08,23688.94921875,12995.1298828125,245.86000061035156,79.5881576538086,95043.5234375,85.80650329589844,4.204999923706055
2025-01-09,23526.5,,,,92484.0390625,85.90750122070312,
2025-01-10,23431.5,12797.3896484375,248.2100067138672,79.06083679199219,94701.453125,85.91999816894531,4.2129998207092285
2025-01-11,,,,,94566.59375,,
2025-01-12,,,,,94488.4375,,
2025-01-13,23085.94921875,12817.5595703125,245.74000549316406,79.0331039428711,94516.5234375,86.18800354003906,4.2179999351501465
2025-01-14,23176.05078125,12832.2900390625,247.02999877929688,78.9035873413086,96534.046875,86.65059661865234,4.2129998207092285
2025-01-15,23213.19921875,13068.5595703125,248.8800048828125,80.26351165771484,100504.4921875,86.535400390625,4.204999923706055
2025-01-16,23311.80078125,13041.1904296875,250.60000610351562,80.52252197265625,99756.90625,86.43099975585938,4.195000171661377
2025-01-17,23203.19921875,13171.75,249.27000427246094,80.66131591796875,104462.0390625,86.6061019897461,4.192999839782715
2025-01-18,,,,,104408.0703125,,
2025-01-19,,,,,101089.609375,,
2025-01-20,23344.75,,,,102016.6640625,86.56900024414062,
2025-01-21,23024.650390625,13287.580078125,253.1300048828125,81.38288879394531,106146.265625,86.21109771728516,4.197000026702881
2025-01-22,23155.349609375,13369.3603515625,254.42999267578125,80.95734405517578,103653.0703125,86.45189666748047,4.215000152587891
2025-01-23,23205.349609375,13440.6103515625,254.07000732421875,80.3282699584961,103960.171875,86.47270202636719,4.2129998207092285
2025-01-24,23092.19921875,13403.509765625,255.64999389648438,80.68904876708984,104819.484375,86.44020080566406,4.204999923706055
2025-01-25,,,,,104714.6484375,,
2025-01-26,,,,,102682.5,,
2025-01-27,22829.150390625,13208.1904296875,252.99000549316406,81.64192962646484,102087.6875,86.2030029296875,4.188000202178955
2025-01-28,22957.25,13329.9501953125,255.17999267578125,81.58642578125,101332.4765625,86.46839904785156,4.190000057220459
2025-01-29,23163.099609375,13267.650390625,254.1999969482422,81.41990661621094,103703.2109375,86.58460235595703,4.188000202178955
2025-01-30,23249.5,13337.849609375,258.04998779296875,81.7251968383789,104735.3046875,86.6406021118164,4.182000160217285
2025-01-31,23508.400390625,13271.3798828125,258.55999755859375,81.18860626220703,102405.0234375,86.64700317382812,4.188000202178955
2025-02-01,23482.150390625,,,,100655.90625,,
2025-02-02,,,,,97688.9765625,,
2025-02-03,23361.05078125,13171.2099609375,259.94000244140625,81.84965515136719,101405.421875,86.55400085449219,4.190000057220459
2025-02-04,23739.25,13266.4501953125,262.5,82.10033416748047,97871.8203125,86.94339752197266,4.2129998207092285
2025-02-05,23696.30078125,13318.4296875,264.1300048828125,83.4558334350586,96615.4453125,87.13009643554688,4.210000038146973
2025-02-06,23603.349609375,13366.9599609375,263.42999267578125,83.41869354248047,96593.296875,87.33409881591797,4.2129998207092285
2025-02-07,23559.94921875,13241.33984375,263.8999938964844,82.88019561767578,96529.0859375,87.58830261230469,4.228000164031982
2025-02-08,,,,,96482.453125,,
2025-02-09,,,,,96500.09375,,
2025-02-10,23381.599609375,13332.150390625,268.3699951171875,82.6295394897461,97437.5546875,87.51309967041016,4.228000164031982
2025-02-11,23071.80078125,13337.0,267.3900146484375,82.10033416748047,95747.4296875,87.49009704589844,4.224999904632568
2025-02-12,23045.25,13302.099609375,267.6700134277344,80.98622131347656,97885.859375,86.81120300292969,4.228000164031982
2025-02-13,23031.400390625,13440.9296875,270.30999755859375,82.33245086669922,96623.8671875,86.8740005493164,4.2129998207092285
2025-02-14,22929.25,13443.099609375,266.2900085449219,82.76880645751953,97508.96875,86.75409698486328,4.2129998207092285
2025-02-15,,,,,97580.3515625,,
2025-02-16,,,,,96175.03125,,
2025-02-17,22959.5,,,,95773.3828125,86.43460083007812,
2025-02-18,22945.30078125,13478.01953125,270.70001220703125,81.79393768310547,95539.546875,86.85479736328125,4.2129998207092285
2025-02-19,22932.900390625,13510.2900390625,270.8500061035156,81.89607238769531,96635.609375,86.88719940185547,4.2179999351501465
2025-02-20,22913.150390625,13453.5400390625,270.989990234375,82.20244598388672,98333.9375,86.872802734375,4.204999923706055
2025-02-21,22795.900390625,13224.4501953125,270.739990234375,83.19587707519531,96125.546875,86.45120239257812,4.197000026702881
2025-02-22,,,,,96577.7578125,,
2025-02-23,,,,,96273.921875,,
2025-02-24,22553.349609375,13159.2099609375,272.2099914550781,83.437255859375,91418.171875,86.52940368652344,4.190000057220459
2025-02-25,22547.55078125,13097.849609375,268.6199951171875,84.8763198852539,88736.171875,86.69010162353516,4.182000160217285
2025-02-26,,13099.91015625,269.0299987792969,85.37765502929688,84347.0234375,87.0811996459961,4.192999839782715
2025-02-27,22545.05078125,12892.2001953125,264.92999267578125,84.7741928100586,84704.2265625,87.16220092773438,4.195000171661377
2025-02-28,22124.69921875,13098.2197265625,263.2699890136719,85.81401062011719,84373.0078125,87.3270034790039,4.192999839782715
2025-03-01,,,,,86031.9140625,,
2025-03-02,,,,,94248.3515625,,
2025-03-03,22119.30078125,12868.9501953125,266.739990234375,86.21451568603516,86065.671875,87.46399688720703,4.192999839782715
2025-03-04,22082.650390625,12711.8603515625,269.05999755859375,85.15275573730469,87222.1953125,87.32959747314453,4.195000171661377
2025-03-05,22337.30078125,12853.990234375,269.6199951171875,84.47286987304688,90623.5625,87.21700286865234,4.204999923706055
2025-03-06,22544.69921875,12625.3095703125,268.25,84.1934814453125,89961.7265625,86.88929748535156,4.197000026702881
2025-03-07,22552.5,12696.900390625,268.3900146484375,83.92339324951172,86742.671875,87.12879943847656,4.197000026702881
2025-03-08,,,,,86154.59375,,
2025-03-09,,,,,80601.0390625,,
2025-03-10,22460.30078125,12356.6904296875,266.0400085449219,84.79885864257812,78532.0,87.07379913330078,4.184999942779541
2025-03-11,22497.900390625,12263.3095703125,269.1600036621094,84.1934814453125,82862.2109375,87.3551025390625,4.195000171661377
2025-03-12,22470.5,12323.5,270.3299865722656,83.6905517578125,83722.359375,87.20010375976562,4.197000026702881
2025-03-13,22397.19921875,12153.330078125,275.1300048828125,84.42633056640625,81066.703125,87.3405990600586,4.188000202178955
2025-03-14,,12414.2802734375,275.239990234375,83.9792709350586,83969.1015625,86.9220962524414,4.188000202178955
2025-03-15,,,,,84343.109375,,
2025-03-16,,,,,82579.6875,,
2025-03-17,22508.75,12494.8203125,276.7300109863281,84.39837646484375,84075.6875,86.93900299072266,4.188000202178955
2025-03-18,22834.30078125,12362.16015625,279.9599914550781,84.48218536376953,82718.5,86.91639709472656,4.195000171661377
2025-03-19,22907.599609375,12495.740234375,281.1099853515625,84.919921875,86854.2265625,86.57610321044922,4.190000057220459
2025-03-20,23190.650390625,12469.9697265625,280.75,84.9758071899414,84167.1953125,86.33709716796875,4.182000160217285
2025-03-21,23350.400390625,12480.58984375,278.489990234375,84.47286987304688,84043.2421875,86.33609771728516,4.184999942779541
2025-03-22,,,,,83832.484375,,
2025-03-23,,,,,86054.375,,
2025-03-24,23658.349609375,12700.91015625,277.25,83.60673522949219,87498.9140625,85.98699951171875,4.182000160217285
2025-03-25,23668.650390625,12721.41015625,278.4700012207031,83.59744262695312,87471.703125,85.53209686279297,4.182000160217285
2025-03-26,23486.849609375,12579.48046875,278.239990234375,83.04791259765625,86900.8828125,85.59040069580078,4.190000057220459
2025-03-27,23591.94921875,12537.9296875,281.9700012207031,82.8057861328125,87177.1015625,86.09539794921875,4.188000202178955
2025-03-28,23519.349609375,12290.8603515625,284.05999755859375,83.95133209228516,84353.1484375,85.69490051269531,4.188000202178955
2025-03-29,,,,,82597.5859375,,
2025-03-30,,,,,82334.5234375,,
2025-03-31,,12360.2099609375,288.1400146484375,84.78021240234375,82548.9140625,85.53880310058594,4.192999839782715
2025-04-01,23165.69921875,12407.259765625,287.57000732421875,85.51488494873047,85169.171875,85.46810150146484,4.199999809265137
2025-04-02,23332.349609375,12491.099609375,288.1600036621094,85.45880126953125,82485.7109375,85.61009979248047,4.203000068664551
2025-04-03,23250.099609375,11887.150390625,286.4200134277344,85.85139465332031,83102.828125,85.65119934082031,4.184999942779541
2025-04-04,22904.44921875,11178.48046875,279.7200012207031,86.78608703613281,83843.8046875,85.28289794921875,4.15500020980835
2025-04-05,,,,,83504.796875,,
2025-04-06,,,,,78214.484375,,
2025-04-07,22161.599609375,11152.5595703125,273.7099914550781,84.16893005371094,79235.3359375,85.529296875,4.150000095367432
2025-04-08,22535.849609375,10977.5,275.20001220703125,82.57996368408203,76271.953125,86.0270004272461,4.177999973297119
2025-04-09,22399.150390625,12022.2099609375,285.3800048828125,83.06600952148438,82573.953125,86.435302734375,4.228000164031982
2025-04-10,,11608.2197265625,292.3500061035156,80.7760238647461,79626.140625,86.20929718017578,4.197000026702881
2025-04-11,22828.55078125,11818.5302734375,297.92999267578125,81.2153091430664,83404.8359375,86.2603988647461,4.2129998207092285
2025-04-12,,,,,85287.109375,,
2025-04-13,,,,,83684.9765625,,
2025-04-14,,11912.4501953125,296.2300109863281,81.7948226928711,84542.390625,86.19300079345703,4.195000171661377
2025-04-15,23328.55078125,11892.990234375,297.7799987792969,82.08458709716797,83668.9921875,86.0447998046875,4.199999809265137
2025-04-16,23437.19921875,11626.7900390625,307.4700012207031,82.54256439208984,84033.8671875,85.72669982910156,4.208000183105469
2025-04-17,23851.650390625,11642.400390625,306.1199951171875,81.81352233886719,84895.75,85.62049865722656,4.204999923706055
2025-04-18,,,,,84450.8046875,,
2025-04-19,,,,,85063.4140625,,
2025-04-20,,,,,85174.3046875,,
2025-04-21,24125.55078125,11368.98046875,315.5899963378906,80.3834228515625,87518.90625,,4.210000038146973
2025-04-22,24167.25,11654.830078125,311.1099853515625,80.83209228515625,93441.890625,85.15889739990234,4.2129998207092285
2025-04-23,24328.94921875,11849.25,303.6499938964844,81.61721801757812,93699.109375,85.2323989868164,4.208000183105469
2025-04-24,24246.69921875,12089.3095703125,308.07000732421875,82.47713470458984,93943.796875,85.4999008178711,4.197000026702881
2025-04-25,24039.349609375,12178.490234375,304.7300109863281,83.08470916748047,94720.5,85.2573013305664,4.192999839782715
2025-04-26,,,,,94646.9296875,,
2025-04-27,,,,,93754.84375,,
2025-04-28,24328.5,12186.51953125,309.07000732421875,83.60812377929688,94978.75,85.38490295410156,4.192999839782715
2025-04-29,24335.94921875,12257.26953125,306.05999755859375,84.30915832519531,94284.7890625,85.1603012084961,4.190000057220459
2025-04-30,24334.19921875,12276.3896484375,303.7699890136719,83.62681579589844,94207.3125,85.1707992553711,4.190000057220459
2025-05-01,,12353.8701171875,297.4599914550781,83.2027816772461,96492.3359375,84.53119659423828,4.184999942779541
2025-05-02,24346.69921875,12536.2001953125,297.9800109863281,82.30217742919922,96910.0703125,84.69670104980469,4.208000183105469
2025-05-03,,,,,95891.796875,,
2025-05-04,,,,,94315.9765625,,
2025-05-05,24461.150390625,12456.83984375,306.8800048828125,81.84249114990234,94748.0546875,84.52629852294922,4.208000183105469
2025-05-06,24379.599609375,12361.16015625,315.4800109863281,82.11455535888672,96802.4765625,84.2208023071289,4.210000038146973
2025-05-07,24414.400390625,12414.98046875,310.75,82.461669921875,97032.3203125,84.79319763183594,4.215000152587891
2025-05-08,24273.80078125,12487.0,304.6300048828125,81.54229736328125,103241.4609375,84.81719970703125,4.215000152587891
2025-05-09,24008.0,12480.3095703125,306.8399963378906,81.66426086425781,102970.8515625,86.08219909667969,4.215000152587891
2025-05-10,,,,,104696.328125,,
2025-05-11,,,,,104106.359375,,
2025-05-12,24924.69921875,12888.1298828125,298.19000244140625,80.90436553955078,102812.953125,85.4083023071289,4.28000020980835
2025-05-13,24578.349609375,12981.8896484375,299.4599914550781,80.57603454589844,104169.8125,84.9656982421875,4.284999847412109
2025-05-14,24666.900390625,12995.7802734375,293.1600036621094,80.0412826538086,103539.4140625,85.060302734375,4.284999847412109
2025-05-15,25062.099609375,13052.7197265625,297.8399963378906,80.74488830566406,103744.640625,85.48760223388672,4.257999897003174
2025-05-16,25019.80078125,13145.8798828125,294.239990234375,80.96065521240234,103489.2890625,85.44490051269531,4.236999988555908
2025-05-17,,,,,103191.0859375,,
2025-05-18,,,,,106446.0078125,,
2025-05-19,24945.44921875,13159.3095703125,298.0299987792969,80.72611236572266,105606.1796875,85.50029754638672,4.239999771118164
2025-05-20,24683.900390625,13108.51953125,303.5799865722656,80.14449310302734,106791.0859375,85.37210083007812,4.248000144958496
2025-05-21,24813.44921875,12897.419921875,305.82000732421875,78.77482604980469,109678.078125,85.53610229492188,4.235000133514404
2025-05-22,24609.69921875,12891.9501953125,303.1099853515625,79.18758392333984,111673.28125,85.60030364990234,4.23199987411499
2025-05-23,24853.150390625,12806.240234375,309.75,79.31893157958984,107287.796875,85.97489929199219,4.230000019073486
2025-05-24,,,,,107791.15625,,
2025-05-25,,,,,109035.390625,,
2025-05-26,25001.150390625,,,,109440.3671875,85.19930267333984,
2025-05-27,24826.19921875,13069.3203125,304.5,80.42591857910156,108994.640625,85.158203125,4.203000068664551
2025-05-28,24752.44921875,12996.669921875,303.80999755859375,80.07881927490234,107802.328125,85.3604965209961,4.224999904632568
2025-05-29,24833.599609375,13049.009765625,305.6099853515625,80.81993103027344,105641.7578125,85.38590240478516,4.230000019073486
2025-05-30,24750.69921875,13049.1298828125,303.6000061035156,80.94189453125,103998.5703125,85.36129760742188,4.23199987411499
2025-05-31,,,,,104638.09375,,
2025-06-01,,,,,105652.1015625,,
2025-06-02,24716.599609375,13104.240234375,311.6700134277344,80.1885986328125,105881.53125,85.52429962158203,4.23199987411499
2025-06-03,24542.5,13180.4501953125,308.9100036621094,80.0473403930664,105432.46875,85.36370086669922,4.235000133514404
2025-06-04,24620.19921875,13181.9697265625,310.8999938964844,81.34677124023438,104731.984375,85.70880126953125,4.239999771118164
2025-06-05,24750.900390625,13113.4697265625,309.3299865722656,81.40328979492188,101575.953125,85.9041976928711,4.23199987411499
2025-06-06,25003.05078125,13249.8095703125,305.17999267578125,80.36750793457031,104390.34375,85.87750244140625,4.23199987411499
2025-06-07,,,,,105615.625,,
2025-06-08,,,,,105793.6484375,,
2025-06-09,25103.19921875,13263.1298828125,306.6199951171875,80.45226287841797,110294.1015625,85.7853012084961,4.239999771118164
2025-06-10,25104.25,13336.2900390625,306.7099914550781,80.86656188964844,110257.234375,85.75599670410156,4.25
2025-06-11,25141.400390625,13299.8701171875,308.3699951171875,81.11139678955078,108686.625,85.65280151367188,4.25
2025-06-12,24888.19921875,13350.849609375,312.20001220703125,82.08124542236328,105929.0546875,85.46980285644531,4.257999897003174
2025-06-13,24718.599609375,13202.259765625,316.2900085449219,81.290283203125,106090.96875,85.68840026855469,4.239999771118164
2025-06-14,,,,,105472.40625,,
2025-06-15,,,,,105552.0234375,,
2025-06-16,24946.5,13328.4296875,311.7799987792969,80.47107696533203,106796.7578125,86.24919891357422,4.248000144958496
2025-06-17,24853.400390625,13217.51953125,311.94000244140625,81.45037078857422,104601.1171875,86.10420227050781,4.2179999351501465
2025-06-18,24812.05078125,13213.8798828125,310.260009765625,81.59161376953125,104883.328125,86.36270141601562,4.2230000495910645
2025-06-19,24793.25,,,,104684.2890625,86.61360168457031,
2025-06-20,25112.400390625,13185.83984375,310.1300048828125,81.44095611572266,103309.6015625,86.58380126953125,4.195000171661377
2025-06-21,,,,,102257.40625,,
2025-06-22,,,,,100987.140625,,
2025-06-23,24971.900390625,13312.75,311.0799865722656,81.70460510253906,105577.7734375,86.5802993774414,4.1579999923706055
2025-06-24,25044.349609375,13461.099609375,306.19000244140625,82.29782104492188,106045.6328125,86.23300170898438,4.182000160217285
2025-06-25,25244.75,13461.169921875,307.1199951171875,82.40140533447266,107361.2578125,85.90480041503906,4.188000202178955
2025-06-26,25549.0,13569.2900390625,306.7799987792969,82.8156967163086,106960.0,86.006103515625,4.192999839782715
2025-06-27,25637.80078125,13641.099609375,301.2200012207031,82.28841400146484,107088.4296875,85.66639709472656,4.197000026702881
2025-06-28,,,,,107327.703125,,
2025-06-29,,,,,108385.5703125,,
2025-06-30,25517.05078125,13712.7099609375,304.8299865722656,83.09822082519531,107135.3359375,85.4552993774414,4.190000057220459
2025-07-01,25541.80078125,13697.6796875,307.54998779296875,83.30423736572266,105698.28125,85.71399688720703,4.224999904632568
2025-07-02,25453.400390625,13763.0400390625,309.25,82.77497863769531,108859.3203125,85.6427993774414,4.2230000495910645
2025-07-03,25405.30078125,13879.98046875,307.1400146484375,82.19844055175781,109647.9765625,85.69409942626953,4.239999771118164
2025-07-04,25461.0,,,,108034.3359375,85.31909942626953,
2025-07-05,,,,,108231.1796875,,
2025-07-06,,,,,109232.0703125,,
2025-07-07,25461.30078125,13771.1103515625,307.3699951171875,81.41397094726562,108299.8515625,85.49629974365234,4.244999885559082
2025-07-08,25522.5,13761.330078125,304.1600036621094,81.31000518798828,108950.2734375,85.89199829101562,4.25
2025-07-09,25476.099609375,13844.919921875,305.5199890136719,82.16062927246094,111326.5546875,85.7073974609375,4.244999885559082
2025-07-10,25355.25,13884.8896484375,306.20001220703125,82.21733856201172,115987.203125,85.70850372314453,4.239999771118164
2025-07-11,25149.849609375,13839.1103515625,309.1400146484375,81.08317565917969,117516.9921875,85.73480224609375,4.236999988555908
2025-07-12,,,,,117435.2265625,,
2025-07-13,,,,,119116.1171875,,
2025-07-14,25082.30078125,13858.6201171875,308.010009765625,80.91304779052734,119849.703125,85.82129669189453,4.228000164031982
2025-07-15,25195.80078125,13805.080078125,306.7300109863281,80.34595489501953,117777.1875,85.96839904785156,4.23199987411499
2025-07-16,25212.05078125,13849.169921875,308.260009765625,80.45938110351562,118738.5078125,85.99310302734375,4.224999904632568
2025-07-17,25111.44921875,13923.75,307.5899963378906,80.44047546386719,119289.84375,85.88520050048828,4.235000133514404
2025-07-18,24968.400390625,13923.349609375,308.3900146484375,80.56334686279297,118003.2265625,86.04650115966797,4.230000019073486
2025-07-19,,,,,117939.9765625,,
2025-07-20,,,,,117300.7890625,,
2025-07-21,25090.69921875,13943.16015625,313.1300048828125,81.28164672851562,117439.5390625,86.14859771728516,4.2230000495910645
2025-07-22,25060.900390625,13952.349609375,316.1000061035156,81.77311706542969,119995.4140625,86.19529724121094,4.230000019073486
2025-07-23,25219.900390625,14061.51953125,312.17999267578125,81.31946563720703,118754.9609375,86.3427963256836,4.239999771118164
2025-07-24,25062.099609375,14071.4501953125,310.2699890136719,81.17768859863281,118368.0,86.39869689941406,4.244999885559082
2025-07-25,24837.0,14128.1201171875,307.3999938964844,81.68807220458984,117635.8828125,86.4302978515625,4.244999885559082
2025-07-26,,,,,117947.3671875,,
2025-07-27,,,,,119448.4921875,,
2025-07-28,24680.900390625,14130.6103515625,305.4100036621094,81.1587905883789,117924.4765625,86.506103515625,4.235000133514404
2025-07-29,24821.099609375,14088.8603515625,306.25,82.52922821044922,117922.1484375,86.77760314941406,4.230000019073486
2025-07-30,24855.05078125,14071.33984375,300.9599914550781,82.10392761230469,117831.1875,87.06320190429688,4.23199987411499
2025-07-31,24768.349609375,14020.4599609375,302.9599914550781,82.15116882324219,115758.203125,87.714599609375,4.235000133514404
2025-08-01,24565.349609375,13796.830078125,309.1099853515625,83.319091796875,113320.0859375,87.4894027709961,4.182000160217285
2025-08-02,,,,,112526.9140625,,
2025-08-03,,,,,114217.671875,,
2025-08-04,24722.75,14000.6904296875,310.9100036621094,83.54678344726562,115071.8828125,87.24530029296875,4.1529998779296875
2025-08-05,24649.55078125,13932.8798828125,311.1600036621094,83.80296325683594,114141.4453125,87.89330291748047,4.150000095367432
2025-08-06,24574.19921875,14034.349609375,310.5,83.319091796875,115028.0,87.72309875488281,4.132999897003174
2025-08-07,24596.150390625,14023.349609375,313.1199951171875,83.1767807006836,117496.8984375,87.76249694824219,4.138000011444092
2025-08-08,24363.30078125,14134.01953125,313.04998779296875,82.81625366210938,116688.7265625,87.43319702148438,4.132999897003174
2025-08-09,,,,,116500.359375,,
2025-08-10,,,,,119306.7578125,,
2025-08-11,24585.05078125,14100.0302734375,308.54998779296875,82.91114044189453,118731.4453125,87.48829650878906,4.14300012588501
2025-08-12,24487.400390625,14260.4296875,308.2699890136719,82.49368286132812,120172.90625,87.66449737548828,4.130000114440918
2025-08-13,24619.349609375,14306.9599609375,309.2099914550781,83.1767807006836,123344.0625,87.59559631347656,4.110000133514404
2025-08-14,24631.30078125,14311.8095703125,307.25,82.56008911132812,118359.578125,87.44999694824219,4.111999988555908
2025-08-15,,14273.5703125,307.42999267578125,81.97186279296875,117398.3515625,87.69180297851562,4.111999988555908
2025-08-16,,,,,117491.3515625,,
2025-08-17,,,,,117453.0625,,
2025-08-18,24876.94921875,14273.2197265625,306.95001220703125,81.73468017578125,116252.3125,87.51280212402344,4.123000144958496
2025-08-19,24980.650390625,14190.7998046875,305.2699890136719,82.20904541015625,112831.1796875,87.29509735107422,4.110000133514404
2025-08-20,25050.55078125,14156.650390625,308.3599853515625,82.3893051147461,114274.7421875,87.0791015625,4.114999771118164
2025-08-21,25083.75,14101.7900390625,307.2900085449219,81.98136138916016,112419.03125,87.01820373535156,4.127999782562256
2025-08-22,24870.099609375,14316.5498046875,310.5799865722656,82.58854675292969,116874.0859375,87.29340362548828,4.0879998207092285
2025-08-23,,,,,115374.328125,,
2025-08-24,,,,,113458.4296875,,
2025-08-25,24967.75,14255.759765625,309.8299865722656,82.35136413574219,110124.3515625,87.3301010131836,4.0929999351501465
2025-08-26,24712.05078125,14315.599609375,312.0799865722656,82.3039321899414,111802.65625,87.60859680175781,4.0879998207092285
2025-08-27,,14349.8603515625,312.7099914550781,82.20904541015625,111222.0625,87.60070037841797,4.059999942779541
2025-08-28,24500.900390625,14395.509765625,315.0299987792969,82.74983978271484,112544.8046875,87.65910339355469,4.072000026702881
2025-08-29,24426.849609375,14304.6796875,318.07000732421875,82.16162109375,108410.8359375,87.5916976928711,4.043000221252441
2025-08-30,,,,,108808.0703125,,
2025-08-31,,,,,108236.7109375,,
2025-09-01,24625.05078125,,,,109250.59375,88.17430114746094,
2025-09-02,24579.599609375,14208.5,325.5899963378906,81.55020904541016,111200.5859375,88.00140380859375,4.0320000648498535
2025-09-03,24715.05078125,14281.23046875,328.1400146484375,82.44541931152344,111723.2109375,87.99829864501953,4.01800012588501
2025-09-04,24734.30078125,14401.7099609375,326.69000244140625,83.07396697998047,110723.6015625,88.072998046875,3.997999906539917
2025-09-05,24741.0,14358.1103515625,331.04998779296875,84.34060668945312,110650.984375,88.19290161132812,3.9100000858306885
2025-09-06,,,,,110224.6953125,,
2025-09-07,,,,,111167.6171875,,
2025-09-08,24773.150390625,14389.1298828125,334.82000732421875,85.46438598632812,112071.4296875,88.1863021850586,3.927999973297119
2025-09-09,24868.599609375,14428.25,334.05999755859375,84.97867584228516,111530.546875,87.98049926757812,3.943000078201294
2025-09-10,24973.099609375,14471.7099609375,335.260009765625,85.46438598632812,113955.359375,88.21829986572266,3.930000066757202
2025-09-11,25005.5,14594.6396484375,334.760009765625,86.03578186035156,115507.5390625,88.05339813232422,3.927999973297119
2025-09-12,25114.0,14588.1796875,335.4200134277344,85.66436767578125,116101.578125,88.2676010131836,3.927999973297119
2025-09-13,,,,,115950.5078125,,
2025-09-14,,,,,115407.65625,,
2025-09-15,25069.19921875,14660.1298828125,338.9100036621094,85.86436462402344,115444.875,88.27729797363281,3.9000000953674316
2025-09-16,25239.099609375,14641.76953125,339.5899963378906,86.0453109741211,116843.1875,88.12349700927734,3.890000104904175
2025-09-17,25330.25,14627.7998046875,336.9700012207031,85.8262710571289,116468.5078125,87.88459777832031,3.868000030517578
2025-09-18,25423.599609375,14698.080078125,335.6199951171875,84.94058990478516,117137.203125,87.91069793701172,3.880000114440918
2025-09-19,25327.05078125,14769.9296875,339.17999267578125,84.77867889404297,115688.859375,88.20690155029297,3.878000020980835
2025-09-20,,,,,115721.9609375,,
2025-09-21,,,,,115306.09375,,
2025-09-22,25202.349609375,14836.26953125,345.04998779296875,84.47392272949219,112748.5078125,88.09919738769531,3.8480000495910645
2025-09-23,25169.5,14754.6298828125,346.4599914550781,85.06438446044922,112014.5,88.30439758300781,3.8450000286102295
2025-09-24,25056.900390625,14712.7197265625,343.32000732421875,84.74059295654297,113328.6328125,88.80799865722656,3.8580000400543213
2025-09-25,24890.849609375,14639.1796875,344.75,84.74059295654297,109049.2890625,88.77860260009766,3.882999897003174
2025-09-26,24654.69921875,14725.98046875,346.739990234375,84.66441345214844,109712.828125,88.77310180664062,3.859999895095825
2025-09-27,,,,,109681.9453125,,
2025-09-28,,,,,112122.640625,,
2025-09-29,24634.900390625,14764.919921875,352.4599914550781,85.35963439941406,114400.3828125,88.67680358886719,3.86299991607666
2025-09-30,24611.099609375,14826.7998046875,355.4700012207031,85.11201477050781,114056.0859375,88.70449829101562,3.8450000286102295
2025-10-01,24836.30078125,14877.9599609375,356.0299987792969,85.33181762695312,118648.9296875,88.8406982421875,3.8450000286102295
2025-10-02,,14887.3203125,354.7900085449219,85.5802993774414,120681.2578125,88.68299865722656,3.8480000495910645
2025-10-03,24894.25,14889.83984375,357.6400146484375,85.41783142089844,122266.53125,88.72019958496094,3.8580000400543213
2025-10-04,,,,,122425.4296875,,
2025-10-05,,,,,123513.4765625,,
2025-10-06,25077.650390625,14945.23046875,364.3800048828125,84.73931121826172,124752.53125,88.73509979248047,3.859999895095825
2025-10-07,25108.30078125,14888.3701171875,366.260009765625,85.22669219970703,121451.3828125,88.72109985351562,3.8429999351501465
2025-10-08,25046.150390625,14975.1298828125,372.29998779296875,85.2936019897461,123354.8671875,88.74259948730469,3.8429999351501465
2025-10-09,25181.80078125,14934.3798828125,365.42999267578125,85.22669219970703,121705.5859375,88.7771987915039,3.8529999256134033
2025-10-10,25285.349609375,14531.41015625,369.1199951171875,86.60287475585938,113214.3671875,88.86540222167969,3.8529999256134033
2025-10-11,,,,,110807.8828125,,
2025-10-12,,,,,115169.765625,,
2025-10-13,25227.349609375,14758.0703125,378.0899963378906,86.55506896972656,115271.078125,88.7573013305664,3.8529999256134033
2025-10-14,25145.5,14735.2099609375,380.7900085449219,86.83222198486328,113118.6640625,88.66510009765625,3.8529999256134033
2025-10-15,25323.55078125,14795.66015625,387.3900146484375,86.64108276367188,110783.1640625,88.78250122070312,3.8580000400543213
2025-10-16,25585.30078125,14702.5703125,396.45001220703125,87.29093170166016,108186.0390625,87.80950164794922,3.8529999256134033
2025-10-17,25709.849609375,14780.3603515625,388.989990234375,87.15714263916016,106467.7890625,87.9906997680664,3.8320000171661377
2025-10-18,,,,,107198.265625,,
2025-10-19,,,,,108666.7109375,,
2025-10-20,25843.150390625,14938.2900390625,403.1499938964844,87.49163055419922,110588.9296875,88.0022964477539,3.7980000972747803
2025-10-21,25868.599609375,14938.830078125,377.239990234375,87.92167663574219,108476.890625,87.87999725341797,3.7850000858306885
2025-10-22,,14859.330078125,377.2799987792969,87.97904205322266,107688.5859375,88.00160217285156,3.7880001068115234
2025-10-23,25891.400390625,14946.1298828125,378.7900085449219,87.37694549560547,110069.7265625,87.74030303955078,3.7880001068115234
2025-10-24,25795.150390625,15064.91015625,377.5199890136719,87.4151840209961,111033.921875,87.77899932861328,3.763000011444092
2025-10-25,,,,,111641.7265625,,
2025-10-26,,,,,114472.4453125,,
2025-10-27,25966.05078125,15250.1396484375,367.010009765625,87.71143341064453,114119.328125,87.8290023803711,3.7179999351501465
2025-10-28,25936.19921875,15285.099609375,364.3800048828125,87.94080352783203,112956.1640625,88.22209930419922,3.7200000286102295
2025-10-29,26053.900390625,15284.5302734375,363.0,87.05201721191406,110055.3046875,88.22550201416016,3.7300000190734863
2025-10-30,25877.849609375,15133.23046875,370.1300048828125,86.5455093383789,108305.546875,88.34559631347656,3.756999969482422
2025-10-31,25722.099609375,15173.9501953125,368.1199951171875,86.28748321533203,109556.1640625,88.6344985961914,3.7179999351501465
2025-11-01,,,,,110064.015625,,
2025-11-02,,,,,110639.625,,
2025-11-03,25763.349609375,15201.0,368.7799987792969,86.07168579101562,106547.5234375,88.77539825439453,3.7829999923706055
2025-11-04,25597.650390625,15022.75,362.32000732421875,86.26350402832031,101590.5234375,88.72339630126953,3.7929999828338623
2025-11-05,,15077.7099609375,366.510009765625,85.32357025146484,103891.8359375,88.73200225830078,3.7880001068115234
2025-11-06,25509.69921875,14909.2802734375,366.07000732421875,86.09086608886719,101301.2890625,88.55690002441406,3.763000011444092
2025-11-07,25492.30078125,14929.6298828125,368.30999755859375,85.90863037109375,103372.40625,88.6729965209961,3.756999969482422
2025-11-08,,,,,102282.1171875,,
2025-11-09,,,,,104719.640625,,
2025-11-10,25574.349609375,15161.4697265625,378.3800048828125,85.88945770263672,105996.59375,88.65799713134766,3.7829999923706055
2025-11-11,25694.94921875,15192.9404296875,379.8699951171875,86.2826919555664,102997.46875,88.70709991455078,3.7829999923706055
2025-11-12,25875.80078125,15203.1298828125,385.989990234375,86.4361572265625,101663.1875,88.46649932861328,3.7780001163482666
2025-11-13,25879.150390625,14951.8701171875,382.8699951171875,85.72640991210938,99697.4921875,88.59400177001953,3.7929999828338623
2025-11-14,25910.05078125,14947.51953125,375.9599914550781,85.23724365234375,94397.7890625,88.81610107421875,3.7880001068115234
2025-11-15,,,,,95549.1484375,,
2025-11-16,,,,,94177.078125,,
2025-11-17,26013.44921875,14812.01953125,371.6499938964844,85.4482421875,92093.875,88.68199920654297,3.7720000743865967
2025-11-18,25910.05078125,14690.8095703125,374.3500061035156,85.41947174072266,92948.875,88.63590240478516,3.7720000743865967
2025-11-19,26052.650390625,14746.4404296875,374.9599914550781,85.2468490600586,91465.9921875,88.55680084228516,3.7720000743865967
2025-11-20,26192.150390625,14518.9501953125,374.8500061035156,85.5825424194336,86631.8984375,88.48719787597656,3.7750000953674316
2025-11-21,26068.150390625,14662.6796875,374.2699890136719,85.84149169921875,85090.6875,88.69219970703125,3.740000009536743
2025-11-22,,,,,84648.359375,,
2025-11-23,,,,,86805.0078125,,
2025-11-24,25959.5,14889.669921875,380.20001220703125,86.33065032958984,88270.5625,89.63400268554688,3.7300000190734863
2025-11-25,25884.80078125,15025.5400390625,380.0799865722656,86.55123901367188,87341.890625,89.14779663085938,3.7320001125335693
2025-11-26,26205.30078125,15129.5703125,383.1199951171875,86.93490600585938,90518.3671875,89.15059661865234,3.753000020980835
2025-11-27,26215.55078125,,,,91285.375,89.16300201416016,
2025-11-28,26202.94921875,15211.1396484375,387.8800048828125,86.5224838256836,90919.265625,89.36479949951172,3.697000026702881
2025-11-29,,,,,90851.7578125,,
2025-11-30,,,,,90394.3125,,
2025-12-01,26175.75,15132.0,389.75,85.44538116455078,86321.5703125,89.3499984741211,3.693000078201294
2025-12-02,26032.19921875,15169.6298828125,387.239990234375,85.48387145996094,91350.203125,89.61270141601562,3.671999931335449
2025-12-03,25986.0,15215.33984375,386.8800048828125,85.7245101928711,93527.8046875,89.91719818115234,3.634999990463257
2025-12-04,26033.75,15232.8095703125,387.1300048828125,85.26249694824219,92141.625,90.17050170898438,3.611999988555908
2025-12-05,26186.44921875,15264.6396484375,386.44000244140625,84.86784362792969,89387.7578125,89.8364028930664,3.6029999256134033
2025-12-06,,,,,89272.375,,
2025-12-07,,,,,90405.640625,,
2025-12-08,25960.55078125,15212.83984375,385.4200134277344,84.58870697021484,90640.203125,89.93800354003906,3.618000030517578
2025-12-09,25839.650390625,15199.66015625,387.3999938964844,84.67534637451172,92691.7109375,90.12999725341797,3.631999969482422
2025-12-10,25758.0,15302.75,389.04998779296875,85.00260162353516,92020.9453125,89.91690063476562,3.5929999351501465
2025-12-11,25898.55078125,15334.740234375,393.239990234375,84.88710021972656,92511.3359375,89.79299926757812,3.568000078201294
2025-12-12,26046.94921875,15172.1298828125,395.44000244140625,84.06893157958984,90270.4140625,90.25299835205078,3.5250000953674316
2025-12-13,,,,,90298.7109375,,
2025-12-14,,,,,88175.1796875,,
2025-12-15,26027.30078125,15150.4599609375,395.79998779296875,84.12669372558594,86419.78125,90.5770034790039,3.5380001068115234
2025-12-16,25860.099609375,15114.919921875,395.8900146484375,84.58870697021484,87843.984375,90.77690124511719,3.5450000762939453
2025-12-17,25818.55078125,14940.009765625,399.2900085449219,84.51171112060547,86143.7578125,90.94889831542969,3.5429999828338623
2025-12-18,25815.55078125,15058.7099609375,398.57000732421875,84.91598510742188,85462.5078125,90.4136962890625,3.5220000743865967
2025-12-19,25966.400390625,15191.849609375,399.0199890136719,84.59903717041016,88103.3828125,90.25579833984375,3.5220000743865967
2025-12-20,,,,,88344.0,,
2025-12-21,,,,,88621.75,,
2025-12-22,26172.400390625,15290.5498046875,408.2300109863281,84.41544342041016,88490.015625,89.56999969482422,3.5280001163482666
2025-12-23,26177.150390625,15360.1796875,413.6400146484375,84.55072021484375,87414.0,89.60389709472656,3.546999931335449
2025-12-24,26142.099609375,15409.7001953125,411.92999267578125,85.0628662109375,87611.9609375,89.50789642333984,3.555000066757202
2025-12-25,,,,,87234.7421875,,
2025-12-26,26042.30078125,15406.48046875,416.739990234375,84.78263092041016,87301.4296875,90.10590362548828,3.5429999828338623
2025-12-27,,,,,87802.15625,,
2025-12-28,,,,,87835.8359375,,
2025-12-29,25942.099609375,15353.16015625,398.6000061035156,85.10152435302734,87138.140625,89.82929992675781,3.5380001068115234
2025-12-30,25938.849609375,15332.0703125,398.8900146484375,84.8985824584961,88430.1328125,89.9000015258789,3.5399999618530273
2025-12-31,26129.599609375,15220.4501953125,396.30999755859375,84.2221908569336,87508.828125,89.76940155029297,3.546999931335449
2026-01-01,26146.55078125,,,,88731.984375,,
2026-01-02,26328.55078125,15252.8203125,398.2799987792969,84.09654998779297,89944.6953125,89.96189880371094,3.5329999923706055
2026-01-03,,,,,90603.1875,,
2026-01-04,,,,,91413.4921875,,
2026-01-05,26250.30078125,15349.7802734375,408.760009765625,84.51206970214844,93882.5546875,90.00700378417969,3.515000104904175
2026-01-06,26178.69921875,15446.0302734375,413.17999267578125,84.33814239501953,93729.03125,90.23300170898438,3.5199999809265137
2026-01-07,26140.75,15392.990234375,409.2300109863281,84.83094024658203,91308.0546875,90.16609954833984,3.515000104904175
2026-01-08,25876.849609375,15394.1796875,411.489990234375,84.40577697753906,91027.125,89.8644027709961,3.506999969482422
2026-01-09,25683.30078125,15494.509765625,414.4700012207031,84.96621704101562,90513.1015625,89.90540313720703,3.513000011444092
2026-01-10,,,,,90386.6484375,,
2026-01-11,,,,,90827.4609375,,
2026-01-12,25790.25,15520.259765625,422.2300109863281,84.71498107910156,91192.9921875,90.23600006103516,3.5329999923706055
2026-01-13,25732.30078125,15490.4501953125,421.6300048828125,84.85993194580078,95321.78125,90.13269805908203,3.559999942779541
2026-01-14,25665.599609375,15408.150390625,425.94000244140625,85.35274505615234,96929.328125,90.27300262451172,3.559999942779541
2026-01-15,,15448.2998046875,423.3299865722656,85.33341217041016,95551.1875,90.18319702148438,3.565000057220459
2026-01-16,25694.349609375,15439.4697265625,421.2900085449219,84.84060668945312,95525.1171875,90.36160278320312,3.556999921798706
2026-01-17,,,,,95099.921875,,
2026-01-18,,,,,93634.4296875,,
2026-01-19,25585.5,,,,92553.59375,90.7020034790039,
2026-01-20,25232.5,15121.51953125,437.2300109863281,83.72938537597656,88310.90625,90.90450286865234,3.572000026702881
2026-01-21,25157.5,15297.01953125,443.6000061035156,84.36711883544922,89376.9609375,91.11840057373047,3.5880000591278076
2026-01-22,25289.900390625,15381.2197265625,451.7900085449219,84.73432159423828,89462.453125,91.53690338134766,3.5880000591278076
2026-01-23,25048.650390625,15387.6298828125,458.0,84.96621704101562,89503.875,91.55829620361328,3.5820000171661377
2026-01-24,,,,,89110.734375,,
2026-01-25,,,,,86572.21875,,
2026-01-26,,15464.66015625,464.70001220703125,85.3720703125,88267.140625,91.5009994506836,3.575000047683716
2026-01-27,25175.400390625,15527.8203125,476.1000061035156,84.84060668945312,89102.5703125,91.71309661865234,3.569999933242798
2026-01-28,25342.75,15526.6904296875,494.55999755859375,84.64735412597656,89184.5703125,91.5343017578125,3.5820000171661377
2026-01-29,25418.900390625,15506.83984375,495.8999938964844,84.66667938232422,84561.5859375,92.04080200195312,3.5799999237060547
2026-01-30,25320.650390625,15441.150390625,444.95001220703125,84.19318389892578,84128.65625,91.78189849853516,3.572000026702881
2026-01-31,,,,,78621.1171875,,
2026-02-01,,,,,76974.4453125,,
2026-02-02,25088.400390625,15525.1103515625,427.1300048828125,83.95263671875,78688.765625,91.68699645996094,3.578000068664551
2026-02-03,25727.55078125,15394.75,454.2900085449219,84.15632629394531,75633.546875,90.24559783935547,3.5899999141693115
2026-02-04,25776.0,15316.75,453.9700012207031,83.94293212890625,73019.703125,90.42289733886719,3.5950000286102295
2026-02-05,25642.80078125,15129.23046875,441.8800048828125,84.854736328125,62702.09765625,90.125,3.578000068664551
2026-02-06,25693.69921875,15427.830078125,455.4599914550781,84.91291809082031,70555.390625,90.3147964477539,3.5899999141693115
2026-02-07,,,,,69281.96875,,
2026-02-08,,,,,70264.7265625,,
2026-02-09,25867.30078125,15501.650390625,467.0299987792969,84.89352416992188,70120.78125,90.58799743652344,3.5929999351501465
2026-02-10,25935.150390625,15451.3203125,462.3999938964844,85.87321472167969,68793.9609375,90.82279968261719,3.5899999141693115
2026-02-11,25953.849609375,15451.0,467.6300048828125,85.41732025146484,66991.96875,90.58789825439453,3.5999999046325684
2026-02-12,25807.19921875,15210.2998046875,451.3900146484375,86.55220794677734,66221.84375,90.73570251464844,3.5980000495910645
2026-02-13,25471.099609375,15220.1298828125,462.6199951171875,87.02750396728516,68857.84375,90.56410217285156,3.5929999351501465
2026-02-14,,,,,69767.625,,
2026-02-15,,,,,68788.1875,,
2026-02-16,25682.75,,,,68843.15625,90.57119750976562,
2026-02-17,25725.400390625,15237.83984375,448.20001220703125,87.17301177978516,67494.21875,90.78299713134766,3.5929999351501465
2026-02-18,25819.349609375,15323.23046875,458.2799987792969,86.84319305419922,66425.3203125,90.6261978149414,3.6029999256134033
2026-02-19,25454.349609375,15282.08984375,459.55999755859375,86.9305191040039,66957.5234375,90.79350280761719,3.5950000286102295
2026-02-20,25571.25,15388.6396484375,468.6199951171875,86.72681427001953,68005.421875,91.04109954833984,3.5950000286102295
2026-02-21,,,,,68003.765625,,
2026-02-22,,,,,67659.390625,,
2026-02-23,25713.0,15229.2802734375,481.2799987792969,87.04690551757812,64616.73828125,90.72660064697266,3.5880000591278076
2026-02-24,25424.650390625,15346.740234375,474.6099853515625,87.20211029052734,64080.04296875,91.02010345458984,3.5880000591278076
2026-02-25,25482.5,15472.0595703125,473.4200134277344,87.21182250976562,67960.125,90.91799926757812,3.5880000591278076
2026-02-26,25496.55078125,15389.1298828125,477.4800109863281,87.56099700927734,67453.7734375,90.95099639892578,3.5880000591278076
2026-02-27,25178.650390625,15323.7998046875,483.75,88.09449005126953,65881.796875,91.00740051269531,3.578000068664551
2026-02-28,,,,,66995.859375,,
2026-03-01,,,,,65738.1015625,,
2026-03-02,24865.69921875,15331.1796875,490.0,87.2098388671875,68775.8515625,91.07959747314453,3.5899999141693115
2026-03-03,,15186.990234375,468.1400146484375,87.03466033935547,68293.6484375,91.56340026855469,3.5950000286102295
2026-03-04,24480.5,15305.009765625,471.79998779296875,86.76216888427734,72710.578125,92.00859832763672,3.5950000286102295
2026-03-05,24765.900390625,15219.1396484375,466.1300048828125,86.41180419921875,70841.125,92.12300109863281,3.5880000591278076
2026-03-06,24450.44921875,15019.2001953125,473.510009765625,86.09062957763672,68136.4921875,91.78690338134766,3.569999933242798
2026-03-07,,,,,67272.59375,,
2026-03-08,,,,,65969.78125,,
2026-03-09,24028.05078125,15145.3798828125,472.5299987792969,86.84001922607422,68402.3828125,91.93620300292969,3.5929999351501465
2026-03-10,24261.599609375,15114.7001953125,477.8599853515625,85.91546630859375,69926.921875,91.220703125,3.5950000286102295
2026-03-11,23866.849609375,15102.5703125,476.239990234375,84.80599975585938,70204.8828125,92.16510009765625,3.5999999046325684
2026-03-12,23639.150390625,14873.2197265625,466.8800048828125,84.64055633544922,70493.4609375,92.22879791259766,3.6050000190734863
2026-03-13,23151.099609375,14785.0703125,460.8399963378906,84.2220687866211,70968.265625,92.38990020751953,3.6029999256134033
2026-03-14,,,,,71214.625,,
2026-03-15,,,,,72789.9140625,,
2026-03-16,23408.80078125,14936.3701171875,460.42999267578125,84.87413787841797,74861.0859375,92.5635986328125,3.6050000190734863
2026-03-17,23581.150390625,14974.1796875,459.2699890136719,85.10769653320312,73922.4765625,92.28269958496094,3.6050000190734863
2026-03-18,23777.80078125,14770.48046875,444.739990234375,84.63082122802734,71245.578125,92.39129638671875,3.609999895095825
2026-03-19,23002.150390625,14730.740234375,426.4100036621094,85.1466293334961,69912.7890625,93.24659729003906,3.611999988555908
2026-03-20,23114.5,14508.1201171875,413.3800048828125,83.53108978271484,70522.5859375,93.0822982788086,3.618000030517578
2026-03-21,,,,,68711.5234375,,
2026-03-22,,,,,67845.2109375,,
2026-03-23,22512.650390625,14675.169921875,404.0400085449219,84.07608795166016,70914.859375,93.89530181884766,3.611999988555908
2026-03-24,22912.400390625,14620.3798828125,404.1300048828125,83.70626831054688,70517.859375,93.24369812011719,3.619999885559082
2026-03-25,23306.44921875,14700.1796875,416.2900085449219,84.51403045654297,71309.8828125,94.29969787597656,3.619999885559082
2026-03-26,,14444.3603515625,400.6400146484375,83.8035888671875,68791.625,94.6937026977539,3.619999885559082
2026-03-27,22819.599609375,14203.240234375,414.70001220703125,83.34616088867188,66338.375,94.30950164794922,3.6070001125335693
2026-03-28,,,,,66319.6953125,,
2026-03-29,,,,,65954.921875,,
2026-03-30,22331.400390625,14147.3095703125,414.5799865722656,84.45564270019531,66691.4453125,94.78179931640625,3.5980000495910645
2026-03-31,,14560.75,430.2900085449219,84.36805725097656,68233.3125,94.35590362548828,3.5999999046325684
2026-04-01,22679.400390625,14665.6796875,437.82000732421875,84.28499603271484,68078.5546875,93.48429870605469,3.6050000190734863
2026-04-02,22713.099609375,14683.2001953125,429.4100036621094,84.80286407470703,66888.5703125,92.6426010131836,3.6070001125335693
2026-04-03,,,,,66931.1015625,92.97360229492188,
2026-04-04,,,,,67290.515625,,
2026-04-05,,,,,68981.8984375,,
2026-04-06,22968.25,14749.3095703125,427.6499938964844,84.66606903076172,68859.828125,92.97100067138672,3.622999906539917
2026-04-07,23123.650390625,14760.6396484375,431.80999755859375,84.65629577636719,71940.703125,92.81659698486328,3.615000009536743
2026-04-08,23997.349609375,15130.8603515625,434.5299987792969,84.92987823486328,71123.359375,92.86019897460938,3.5999999046325684
2026-04-09,23775.099609375,15225.1796875,437.9100036621094,84.71492004394531,71767.828125,92.2748031616211,3.5880000591278076
2026-04-10,24050.599609375,15209.3798828125,437.1300048828125,84.50973510742188,72979.046875,92.46980285644531,3.5929999351501465
2026-04-11,,,,,73054.2734375,,
2026-04-12,,,,,70753.40625,,
2026-04-13,23842.650390625,15364.1103515625,435.3599853515625,84.76377868652344,74484.640625,94.50879669189453,3.6029999256134033
2026-04-14,,15545.5498046875,445.0899963378906,85.21324920654297,74181.609375,94.9468002319336,3.611999988555908
2026-04-15,24231.30078125,15670.76953125,440.4599914550781,84.84195709228516,74805.078125,93.16539764404297,3.611999988555908
2026-04-16,24196.75,15711.7998046875,440.0799865722656,84.30453491210938,75152.1328125,93.38680267333984,3.609999895095825
2026-04-17,24353.55078125,15901.0302734375,445.92999267578125,85.07644653320312,77126.875,93.04789733886719,3.5999999046325684
2026-04-18,,,,,75726.2109375,,
2026-04-19,,,,,73856.3515625,,
2026-04-20,24364.849609375,15863.6796875,442.0899963378906,85.05691528320312,75872.5234375,92.60330200195312,3.5980000495910645
2026-04-21,24576.599609375,15763.01953125,429.57000732421875,84.58789825439453,76352.7734375,93.12359619140625,3.5980000495910645
2026-04-22,24378.099609375,15928.16015625,435.260009765625,84.75399780273438,78203.1015625,93.622802734375,3.5950000286102295
2026-04-23,24173.05078125,15862.5498046875,431.0400085449219,84.568359375,78268.953125,93.80049896240234,3.5950000286102295
2026-04-24,23897.94921875,15989.6904296875,433.25,84.72470092773438,77455.3125,94.11289978027344,3.5929999351501465
2026-04-25,,,,,77612.015625,,
2026-04-26,,,,,78657.5390625,,
2026-04-27,24092.69921875,16009.490234375,429.8900146484375,84.30453491210938,77366.625,94.25029754638672,3.5899999141693115
2026-04-28,23995.69921875,15931.2197265625,421.9100036621094,84.39248657226562,76350.671875,94.25849914550781,3.5899999141693115
2026-04-29,24177.650390625,15924.900390625,417.4100036621094,83.7378158569336,75776.1328125,94.64550018310547,3.5899999141693115
2026-04-30,23997.55078125,16088.5595703125,423.6600036621094,83.65965270996094,76304.3203125,94.9166030883789,3.5850000381469727
2026-05-01,,16136.0302734375,423.17999267578125,83.9587631225586,78179.0,94.75910186767578,3.575000047683716
2026-05-02,,,,,78657.25,,
2026-05-03,,,,,78538.2265625,,
2026-05-04,24119.30078125,16071.4404296875,414.7099914550781,83.32129669189453,79827.90625,94.90299987792969,3.5899999141693115
2026-05-05,24032.80078125,16202.3798828125,418.2699890136719,83.78224182128906,80927.0546875,95.2593994140625,3.5999999046325684
2026-05-06,24330.94921875,16438.759765625,430.9599914550781,84.41970825195312,81427.53125,95.18299865722656,3.5999999046325684
2026-05-07,24326.650390625,16376.349609375,431.67999267578125,83.99799346923828,80009.9921875,94.60800170898438,3.5980000495910645
2026-05-08,24176.150390625,16516.80078125,433.7699890136719,84.41970825195312,80186.765625,94.25299835205078,3.5950000286102295
2026-05-09,,,,,80664.3671875,,
2026-05-10,,,,,82138.9296875,,
2026-05-11,23815.849609375,16549.25,434.6499938964844,83.90972900390625,81728.296875,94.42530059814453,3.5999999046325684
2026-05-12,23379.55078125,16523.2890625,432.92999267578125,83.35072326660156,80477.4921875,95.39140319824219,3.6029999256134033
2026-05-13,23412.599609375,16620.58984375,430.5,83.16439056396484,79277.1171875,95.63300323486328,3.5999999046325684
2026-05-14,23689.599609375,16748.2109375,427.2099914550781,83.28207397460938,81051.25,95.69580078125,3.5880000591278076
2026-05-15,23643.5,16544.279296875,417.2900085449219,82.04638671875,79065.6796875,95.70989990234375,3.5880000591278076
2026-05-16,,,,,78131.4375,,
2026-05-17,,,,,77429.3515625,,
2026-05-18,23649.94921875,16533.109375,418.42999267578125,81.94830322265625,76954.171875,95.97029876708984,3.568000078201294
2026-05-19,23618.0,16423.779296875,411.5,81.4187240600586,76750.90625,96.27020263671875,3.575000047683716
2026-05-20,23659.0,16601.419921875,417.3999938964844,82.29154968261719,77457.7734375,96.56580352783203,3.556999921798706
2026-05-21,23654.69921875,16631.9296875,416.989990234375,82.5955810546875,77539.171875,96.5282974243164,3.5820000171661377
2026-05-22,23719.30078125,16694.890625,413.82000732421875,83.04669952392578,75488.2421875,96.17389678955078,3.5850000381469727
2026-05-23,,,,,76673.3671875,,
2026-05-24,,,,,76981.125,,
2026-05-25,24031.69921875,,,,77279.9296875,95.71949768066406,
2026-05-26,23913.69921875,16797.919921875,414.0,83.4585952758789,75825.734375,95.25279998779297,3.5820000171661377
2026-05-27,23907.150390625,16800.859375,408.489990234375,83.65474700927734,74344.703125,95.90499877929688,3.5850000381469727
2026-05-28,,16897.640625,412.7699890136719,84.08625793457031,73536.5546875,96.04889678955078,3.5899999141693115
2026-05-29,23547.75,16935.349609375,417.1199951171875,84.10587310791016,73372.5234375,96.04820251464844,3.5880000591278076
2026-05-30,,,,,73754.8359375,,
2026-05-31,,,,,73579.6875,,
2026-06-01,23382.599609375,16981.099609375,411.260009765625,84.15116882324219,71319.7734375,95.00299835205078,3.619999885559082
2026-06-02,23483.55078125,17003.5703125,411.95001220703125,84.32838439941406,66703.65625,95.55139923095703,3.618000030517578
2026-06-03,23405.599609375,16878.490234375,407.8699951171875,83.99363708496094,64014.3671875,95.26300048828125,3.622999906539917
2026-06-04,23416.55078125,16949.849609375,411.2699890136719,84.18070220947266,63801.57421875,96.16449737548828,3.619999885559082
2026-06-05,23366.69921875,16503.9609375,396.239990234375,83.74748229980469,60922.66796875,95.79029846191406,3.625
2026-06-06,,,,,60867.4140625,,
2026-06-07,,,,,63239.51953125,,
2026-06-08,23123.0,16553.779296875,397.2699890136719,83.31427764892578,63090.58984375,94.95030212402344,3.628000020980835
2026-06-09,23242.099609375,16511.7109375,390.7799987792969,83.80656433105469,61643.78125,95.68830108642578,3.634999990463257
2026-06-10,23214.94921875,16244.650390625,374.5799865722656,83.57026672363281,61449.2890625,95.36029815673828,3.634999990463257
2026-06-11,23161.599609375,16529.439453125,386.32000732421875,84.6532974243164,63561.0546875,95.64450073242188,3.622999906539917
2026-06-12,23622.900390625,16613.30078125,386.5400085449219,84.44652557373047,63543.19921875,95.76010131835938,3.618000030517578
2026-06-13,,,,,64421.32421875,,
2026-06-14,,,,,65710.3984375,,
2026-06-15,23853.900390625,16891.779296875,396.54998779296875,84.39730072021484,66289.5,95.11029815673828,3.618000030517578
2026-06-16,23989.150390625,16796.279296875,397.6300048828125,84.86005401611328,65600.640625,94.74169921875,3.630000114440918
2026-06-17,24085.69921875,16592.44921875,388.6000061035156,84.99789428710938,64418.4453125,94.88860321044922,3.6470000743865967
2026-06-18,24168.0,16772.640625,387.1199951171875,85.41141510009766,62896.47265625,94.85890197753906,3.6579999923706055
2026-06-19,24013.099609375,,,,63540.8359375,94.33989715576172,
2026-06-20,,,,,64239.67578125,,
2026-06-21,,,,,63237.5390625,,
2026-06-22,24102.900390625,16711.439453125,384.5899963378906,84.7615966796875,63952.10546875,94.3302993774414,3.680000066757202
2026-06-23,23824.099609375,16471.599609375,377.32000732421875,84.8698959350586,62668.01953125,94.70059967041016,3.690000057220459
2026-06-24,24021.650390625,16455.509765625,365.9200134277344,86.03169250488281,60995.1328125,95.18370056152344,3.690000057220459
2026-06-25,24056.0,16454.630859375,369.4599914550781,86.00215148925781,59721.67578125,94.4406967163086,3.680000066757202
2026-06-26,,16447.2890625,373.6300048828125,86.01200103759766,60016.4296875,94.40039825439453,3.6630001068115234
2026-06-27,,,,,59940.09765625,,
2026-06-28,,,,,59532.33984375,,
2026-06-29,23946.25,16640.640625,368.5799865722656,86.1006088256836,60138.37890625,94.36029815673828,3.680000066757202
2026-06-30,23865.75,16774.0703125,368.3800048828125,85.08650207519531,58558.859375,94.79049682617188,3.7320001125335693
2026-07-01,24005.849609375,16738.560546875,370.6000061035156,84.51136779785156,60003.7578125,94.91799926757812,3.700000047683716
2026-07-02,24175.69921875,16739.259765625,378.1300048828125,84.5014877319336,61485.30078125,95.4175033569336,3.6679999828338623
2026-07-03,24270.849609375,,,,62544.19921875,95.527099609375,
2026-07-04,,,,,63088.3046875,,
2026-07-05,,,,,63547.8828125,,
2026-07-06,24430.349609375,16862.1796875,382.1300048828125,84.44219207763672,63995.015625,95.21479797363281,3.690000057220459
2026-07-07,24398.69921875,16787.1796875,377.489990234375,83.55281066894531,63297.39453125,95.60350036621094,3.7249999046325684
2026-07-08,23882.05078125,16739.939453125,374.45001220703125,83.36505126953125,62257.57421875,95.59339904785156,3.7230000495910645
2026-07-09,23962.80078125,16876.830078125,378.17999267578125,83.49351501464844,63193.1484375,95.86180114746094,3.681999921798706
2026-07-10,24206.900390625,16949.55078125,377.010009765625,83.4737548828125,64127.140625,95.39019775390625,3.694999933242798
2026-07-11,,,,,63802.02734375,,
2026-07-12,,,,,63758.21875,,
2026-07-13,24211.0,16815.2109375,367.1300048828125,82.97965240478516,62239.12109375,95.32499694824219,3.7279999256134033
2026-07-14,24052.05078125,16878.41015625,372.1499938964844,83.0883560180664,64956.11328125,96.29889678955078,3.700000047683716
2026-07-15,24078.5,16944.0703125,372.3500061035156,83.24646759033203,64712.375,96.42530059814453,3.687999963760376
2026-07-16,24072.75,16857.630859375,364.9599914550781,83.2168197631836,63789.28125,96.49859619140625,3.697000026702881
2026-07-17,24334.30078125,16687.560546875,368.4100036621094,83.52315521240234,63899.4609375,96.6521987915039,3.7070000171661377
2026-07-18,,,,,64796.6015625,,
2026-07-19,,,,,64690.8046875,,
2026-07-20,24238.5,16655.91015625,367.6000061035156,82.90059661865234,65230.02734375,96.28479766845703,3.7049999237060547
2026-07-21,24187.69921875,16803.509765625,374.80999755859375,82.6733169555664,66505.125,96.4896011352539,3.7300000190734863
2026-07-22,23996.25,16780.810546875,379.1199951171875,82.45589447021484,66100.796875,96.34089660644531,3.744999885559082
2026-07-23,23869.599609375,16578.279296875,371.5199890136719,82.18907928466797,65044.8125,96.55709838867188,3.799999952316284
2026-07-24,23767.44921875,16588.009765625,371.8999938964844,82.26813507080078,64098.49609375,96.87689971923828,3.805000066757202
2026-07-25,,,,,64311.8125,,
2026-07-26,,,,,65340.30078125,,
2026-07-27,23995.94921875,16590.80078125,374.6300048828125,82.76224517822266,63724.8984375,96.56729888916016,3.796999931335449
2026-07-28,23985.349609375,16625.900390625,369.3699951171875,83.24646759033203,63871.36328125,95.77410125732422,3.759999990463257
2026-07-29,24250.19921875,16373.8095703125,371.0799865722656,81.87285614013672,63908.16796875,95.59870147705078,3.6579999923706055
2026-07-30,24317.150390625,16645.7890625,377.1600036621094,81.82344818115234,64725.30859375,95.72859954833984,3.674999952316284
2026-07-31,24383.599609375,16763.419921875,371.5400085449219,81.2799301147461,62813.74609375,95.68479919433594,3.681999921798706
2026-08-01,,,,,62763.3203125,,
2026-08-02,,,,,63482.0,,
2026-08-03,24774.30078125,17012.380859375,371.7099914550781,81.5478286743164,63460.8984375,95.4021987915039,3.700000047683716
2026-08-04,24614.900390625,17316.939453125,374.1600036621094,82.17290496826172,64055.953125,95.33159637451172,3.7300000190734863
2026-08-05,24624.650390625,17287.970703125,389.6400146484375,82.35149383544922,64597.5,95.09719848632812,3.7249999046325684
2026-08-06,24636.0,17257.580078125,389.6700134277344,81.875244140625,64262.11328125,95.07730102539062,3.7320001125335693
2026-08-07,24570.650390625,17365.140625,398.4700012207031,82.11337280273438,64880.19140625,95.31189727783203,3.7100000381469727
2026-08-08,,,,,64904.6875,,
2026-08-09,,,,,64844.88671875,,
2026-08-10,24583.80078125,17356.689453125,402.5400085449219,81.41883850097656,63910.5859375,95.21029663085938,3.7179999351501465
2026-08-11,24471.69921875,17301.41015625,400.9599914550781,81.5478286743164,63551.875,95.39669799804688,3.7300000190734863
2026-08-12,24435.94921875,17347.400390625,404.9200134277344,81.46845245361328,63402.43359375,95.37989807128906,3.7070000171661377
2026-08-13,24395.849609375,17460.759765625,398.9599914550781,81.94469451904297,63402.171875,95.34429931640625,3.7049999237060547
2026-08-14,24366.0,17433.30078125,401.4800109863281,81.39899444580078,62975.59375,95.40119934082031,3.697000026702881
2026-08-15,,,,,63024.3203125,,
2026-08-16,,,,,62818.65234375,,
2026-08-17,24287.650390625,17344.369140625,405.489990234375,80.71439361572266,64506.25390625,95.45030212402344,3.703000068664551
2026-08-18,24154.900390625,17225.330078125,398.54998779296875,81.02197265625,64680.7109375,95.69409942626953,3.7049999237060547
2026-08-19,24078.30078125,17263.099609375,413.8399963378906,82.371337890625,69266.1875,95.81639862060547,3.700000047683716
2026-08-20,24231.849609375,17115.4609375,415.260009765625,81.69664764404297,73032.7578125,95.49600219726562,3.703000068664551
2026-08-21,24252.0,17190.76953125,423.3599853515625,81.40892028808594,78335.1875,95.77220153808594,3.7100000381469727
2026-08-22,,,,,77083.4140625,,
2026-08-23,,,,,77755.265625,,
2026-08-24,24219.05078125,17142.890625,426.69000244140625,81.91493225097656,78964.484375,95.70030212402344,3.703000068664551
2026-08-25,24334.55078125,17198.58984375,428.07000732421875,82.81782531738281,78564.9765625,95.72309875488281,3.7049999237060547
2026-08-26,24207.75,17195.130859375,421.32000732421875,82.64915466308594,79027.421875,93.54609680175781,3.690000057220459
2026-08-27,24090.849609375,17319.01953125,422.6000061035156,82.48047637939453,80257.5390625,95.4302978515625,3.677999973297119
2026-08-28,24175.650390625,17276.490234375,408.8900146484375,82.23242950439453,77830.2890625,95.47039794921875,3.7300000190734863
2026-08-29,,,,,78245.8125,,
2026-08-30,,,,,77667.5703125,,
2026-08-31,24080.400390625,17219.939453125,408.4200134277344,81.875244140625,78548.6328125,95.38030242919922,3.7320001125335693
2026-09-01,24055.80078125,17099.0,396.75,81.54159545898438,77403.625,95.1144027709961,3.7720000743865967
2026-09-02,23914.44921875,17177.939453125,402.7799987792969,81.62126922607422,77300.4765625,94.9552001953125,3.7720000743865967
2026-09-03,23873.44921875,17360.91015625,410.2200012207031,81.74079132080078,81271.7421875,94.48770141601562,3.740000009536743
2026-09-04,23897.69921875,17298.33984375,406.7699890136719,81.8802261352539,79671.96875,94.49490356445312,3.756999969482422
2026-09-05,,,,,79823.8671875,,
2026-09-06,,,,,80350.046875,,
2026-09-07,23779.150390625,,,,79115.8515625,94.4302978515625,
2026-09-08,23635.099609375,17197.8203125,399.7200012207031,81.8702621459961,78438.578125,94.49189758300781,3.7750000953674316
2026-09-09,23431.5,17115.1796875,403.3500061035156,81.40216064453125,78259.5234375,94.822998046875,3.805000066757202
2026-09-10,23477.80078125,17016.9609375,396.3599853515625,80.45596313476562,76568.125,95.11180114746094,3.8450000286102295
2026-09-11,23398.099609375,17164.099609375,398.7699890136719,80.54560852050781,77173.796875,95.69450378417969,3.9130001068115234
2026-09-12,,,,,77270.46875,,
2026-09-13,,,,,76838.15625,,
2026-09-14,,17081.8203125,392.8399963378906,80.60536193847656,78163.3828125,95.03279876708984,3.934999942779541
2026-09-15,23118.599609375,17007.900390625,394.1499938964844,80.38624572753906,75612.5078125,95.83540344238281,3.9600000381469727
2026-09-16,23217.599609375,16932.470703125,391.739990234375,80.55555725097656,76150.3203125,95.9926986694336,3.9700000286102295
2026-09-17,23270.599609375,17125.689453125,398.3599853515625,81.45195007324219,76403.7734375,96.1323013305664,3.9649999141693115
2026-09-18,23346.400390625,17154.359375,401.1700134277344,80.92407989501953,80901.4609375,95.79920196533203,3.9779999256134033
2026-09-19,,,,,81233.6796875,,
2026-09-20,,,,,81142.609375,,
2026-09-21,23414.30078125,17411.859375,398.3800048828125,81.47187805175781,86602.9140625,96.01309967041016,3.9820001125335693
2026-09-22,23329.0,17411.80078125,400.07000732421875,81.42207336425781,86172.28125,95.71199798583984,4.005000114440918
2026-09-23,23446.80078125,17280.509765625,392.8800048828125,80.13724517822266,84383.0078125,95.6897964477539,4.0279998779296875
2026-09-24,23063.099609375,17276.4609375,391.69000244140625,79.1014175415039,84379.0625,95.74120330810547,4.067999839782715
2026-09-25,23140.5,17364.7890625,393.4100036621094,79.00182342529297,84034.921875,96.16130065917969,4.070000171661377
2026-09-26,,,,,84406.453125,,
2026-09-27,,,,,84458.0859375,,
2026-09-28,22780.25,17230.94921875,377.9100036621094,78.30463409423828,83502.609375,95.78829956054688,4.057000160217285
2026-09-29,22716.19921875,17202.119140625,382.8900146484375,77.91619873046875,83622.4296875,95.98159790039062,4.065000057220459
2026-09-30,22620.44921875,17160.41015625,380.8399963378906,77.4679946899414,83553.8515625,96.05069732666016,4.03000020980835
